site_id,energy_source_id,energy_date,energy_consumption_kwh,energy_cost
1,1,2025-01-01,333.38,60.01
1,2,2025-01-01,166.69,15.0
1,3,2025-01-01,66.68,3.33
1,4,2025-01-01,33.34,2.0
1,5,2025-01-01,66.68,4.67
2,1,2025-01-01,18.29,3.29
2,2,2025-01-01,6.86,0.62
2,3,2025-01-01,4.57,0.23
2,4,2025-01-01,9.14,0.55
2,5,2025-01-01,6.86,0.48
3,1,2025-01-01,325.77,58.64
3,2,2025-01-01,93.08,8.38
3,3,2025-01-01,325.77,16.29
3,4,2025-01-01,93.08,5.58
3,5,2025-01-01,93.08,6.52
4,1,2025-01-01,145.46,26.18
4,2,2025-01-01,58.18,5.24
4,3,2025-01-01,29.09,1.45
4,4,2025-01-01,14.55,0.87
4,5,2025-01-01,43.64,3.05
5,1,2025-01-01,968.42,174.32
5,2,2025-01-01,553.38,49.8
5,3,2025-01-01,276.69,13.83
5,4,2025-01-01,276.69,16.6
5,5,2025-01-01,691.73,48.42
1,1,2025-01-02,379.8,68.36
1,2,2025-01-02,189.9,17.09
1,3,2025-01-02,75.96,3.8
1,4,2025-01-02,37.98,2.28
1,5,2025-01-02,75.96,5.32
2,1,2025-01-02,14.63,2.63
2,2,2025-01-02,5.49,0.49
2,3,2025-01-02,3.66,0.18
2,4,2025-01-02,7.32,0.44
2,5,2025-01-02,5.49,0.38
3,1,2025-01-02,294.74,53.05
3,2,2025-01-02,84.21,7.58
3,3,2025-01-02,294.74,14.74
3,4,2025-01-02,84.21,5.05
3,5,2025-01-02,84.21,5.89
4,1,2025-01-02,210.64,37.92
4,2,2025-01-02,84.26,7.58
4,3,2025-01-02,42.13,2.11
4,4,2025-01-02,21.06,1.26
4,5,2025-01-02,63.19,4.42
5,1,2025-01-02,757.48,136.35
5,2,2025-01-02,432.84,38.96
5,3,2025-01-02,216.42,10.82
5,4,2025-01-02,216.42,12.99
5,5,2025-01-02,541.05,37.87
1,1,2025-01-03,376.69,67.8
1,2,2025-01-03,188.35,16.95
1,3,2025-01-03,75.34,3.77
1,4,2025-01-03,37.67,2.26
1,5,2025-01-03,75.34,5.27
2,1,2025-01-03,32.02,5.76
2,2,2025-01-03,12.01,1.08
2,3,2025-01-03,8.0,0.4
2,4,2025-01-03,16.01,0.96
2,5,2025-01-03,12.01,0.84
3,1,2025-01-03,343.9,61.9
3,2,2025-01-03,98.26,8.84
3,3,2025-01-03,343.9,17.2
3,4,2025-01-03,98.26,5.9
3,5,2025-01-03,98.26,6.88
4,1,2025-01-03,189.91,34.18
4,2,2025-01-03,75.96,6.84
4,3,2025-01-03,37.98,1.9
4,4,2025-01-03,18.99,1.14
4,5,2025-01-03,56.97,3.99
5,1,2025-01-03,849.39,152.89
5,2,2025-01-03,485.37,43.68
5,3,2025-01-03,242.68,12.13
5,4,2025-01-03,242.68,14.56
5,5,2025-01-03,606.71,42.47
1,1,2025-01-04,210.94,37.97
1,2,2025-01-04,105.47,9.49
1,3,2025-01-04,42.19,2.11
1,4,2025-01-04,21.09,1.27
1,5,2025-01-04,42.19,2.95
2,1,2025-01-04,17.42,3.14
2,2,2025-01-04,6.53,0.59
2,3,2025-01-04,4.35,0.22
2,4,2025-01-04,8.71,0.52
2,5,2025-01-04,6.53,0.46
3,1,2025-01-04,216.75,39.02
3,2,2025-01-04,61.93,5.57
3,3,2025-01-04,216.75,10.84
3,4,2025-01-04,61.93,3.72
3,5,2025-01-04,61.93,4.34
4,1,2025-01-04,102.06,18.37
4,2,2025-01-04,40.83,3.67
4,3,2025-01-04,20.41,1.02
4,4,2025-01-04,10.21,0.61
4,5,2025-01-04,30.62,2.14
5,1,2025-01-04,477.63,85.97
5,2,2025-01-04,272.93,24.56
5,3,2025-01-04,136.47,6.82
5,4,2025-01-04,136.47,8.19
5,5,2025-01-04,341.17,23.88
1,1,2025-01-06,340.09,61.22
1,2,2025-01-06,170.04,15.3
1,3,2025-01-06,68.02,3.4
1,4,2025-01-06,34.01,2.04
1,5,2025-01-06,68.02,4.76
2,1,2025-01-06,24.8,4.46
2,2,2025-01-06,9.3,0.84
2,3,2025-01-06,6.2,0.31
2,4,2025-01-06,12.4,0.74
2,5,2025-01-06,9.3,0.65
3,1,2025-01-06,399.86,71.97
3,2,2025-01-06,114.25,10.28
3,3,2025-01-06,399.86,19.99
3,4,2025-01-06,114.25,6.85
3,5,2025-01-06,114.25,8.0
4,1,2025-01-06,212.42,38.24
4,2,2025-01-06,84.97,7.65
4,3,2025-01-06,42.48,2.12
4,4,2025-01-06,21.24,1.27
4,5,2025-01-06,63.73,4.46
5,1,2025-01-06,1037.07,186.67
5,2,2025-01-06,592.61,53.33
5,3,2025-01-06,296.31,14.82
5,4,2025-01-06,296.31,17.78
5,5,2025-01-06,740.76,51.85
1,1,2025-01-07,322.25,58.0
1,2,2025-01-07,161.12,14.5
1,3,2025-01-07,64.45,3.22
1,4,2025-01-07,32.22,1.93
1,5,2025-01-07,64.45,4.51
2,1,2025-01-07,17.19,3.09
2,2,2025-01-07,6.45,0.58
2,3,2025-01-07,4.3,0.21
2,4,2025-01-07,8.6,0.52
2,5,2025-01-07,6.45,0.45
3,1,2025-01-07,304.71,54.85
3,2,2025-01-07,87.06,7.84
3,3,2025-01-07,304.71,15.24
3,4,2025-01-07,87.06,5.22
3,5,2025-01-07,87.06,6.09
4,1,2025-01-07,160.49,28.89
4,2,2025-01-07,64.2,5.78
4,3,2025-01-07,32.1,1.61
4,4,2025-01-07,16.05,0.96
4,5,2025-01-07,48.15,3.37
5,1,2025-01-07,918.2,165.28
5,2,2025-01-07,524.69,47.22
5,3,2025-01-07,262.34,13.12
5,4,2025-01-07,262.34,15.74
5,5,2025-01-07,655.86,45.91
1,1,2025-01-08,408.16,73.47
1,2,2025-01-08,204.08,18.37
1,3,2025-01-08,81.63,4.08
1,4,2025-01-08,40.82,2.45
1,5,2025-01-08,81.63,5.71
2,1,2025-01-08,30.12,5.42
2,2,2025-01-08,11.29,1.02
2,3,2025-01-08,7.53,0.38
2,4,2025-01-08,15.06,0.9
2,5,2025-01-08,11.29,0.79
3,1,2025-01-08,344.59,62.03
3,2,2025-01-08,98.45,8.86
3,3,2025-01-08,344.59,17.23
3,4,2025-01-08,98.45,5.91
3,5,2025-01-08,98.45,6.89
4,1,2025-01-08,187.78,33.8
4,2,2025-01-08,75.11,6.76
4,3,2025-01-08,37.56,1.88
4,4,2025-01-08,18.78,1.13
4,5,2025-01-08,56.34,3.94
5,1,2025-01-08,950.12,171.02
5,2,2025-01-08,542.92,48.86
5,3,2025-01-08,271.46,13.57
5,4,2025-01-08,271.46,16.29
5,5,2025-01-08,678.65,47.51
1,1,2025-01-09,441.49,79.47
1,2,2025-01-09,220.74,19.87
1,3,2025-01-09,88.3,4.42
1,4,2025-01-09,44.15,2.65
1,5,2025-01-09,88.3,6.18
2,1,2025-01-09,23.8,4.28
2,2,2025-01-09,8.92,0.8
2,3,2025-01-09,5.95,0.3
2,4,2025-01-09,11.9,0.71
2,5,2025-01-09,8.92,0.62
3,1,2025-01-09,375.47,67.58
3,2,2025-01-09,107.28,9.66
3,3,2025-01-09,375.47,18.77
3,4,2025-01-09,107.28,6.44
3,5,2025-01-09,107.28,7.51
4,1,2025-01-09,170.97,30.77
4,2,2025-01-09,68.39,6.16
4,3,2025-01-09,34.19,1.71
4,4,2025-01-09,17.1,1.03
4,5,2025-01-09,51.29,3.59
5,1,2025-01-09,987.76,177.8
5,2,2025-01-09,564.43,50.8
5,3,2025-01-09,282.22,14.11
5,4,2025-01-09,282.22,16.93
5,5,2025-01-09,705.54,49.39
1,1,2025-01-10,389.4,70.09
1,2,2025-01-10,194.7,17.52
1,3,2025-01-10,77.88,3.89
1,4,2025-01-10,38.94,2.34
1,5,2025-01-10,77.88,5.45
2,1,2025-01-10,30.55,5.5
2,2,2025-01-10,11.46,1.03
2,3,2025-01-10,7.64,0.38
2,4,2025-01-10,15.27,0.92
2,5,2025-01-10,11.46,0.8
3,1,2025-01-10,392.84,70.71
3,2,2025-01-10,112.24,10.1
3,3,2025-01-10,392.84,19.64
3,4,2025-01-10,112.24,6.73
3,5,2025-01-10,112.24,7.86
4,1,2025-01-10,152.91,27.52
4,2,2025-01-10,61.16,5.5
4,3,2025-01-10,30.58,1.53
4,4,2025-01-10,15.29,0.92
4,5,2025-01-10,45.87,3.21
5,1,2025-01-10,932.45,167.84
5,2,2025-01-10,532.83,47.95
5,3,2025-01-10,266.41,13.32
5,4,2025-01-10,266.41,15.98
5,5,2025-01-10,666.03,46.62
1,1,2025-01-11,183.37,33.01
1,2,2025-01-11,91.68,8.25
1,3,2025-01-11,36.67,1.83
1,4,2025-01-11,18.34,1.1
1,5,2025-01-11,36.67,2.57
2,1,2025-01-11,13.52,2.43
2,2,2025-01-11,5.07,0.46
2,3,2025-01-11,3.38,0.17
2,4,2025-01-11,6.76,0.41
2,5,2025-01-11,5.07,0.35
3,1,2025-01-11,177.41,31.93
3,2,2025-01-11,50.69,4.56
3,3,2025-01-11,177.41,8.87
3,4,2025-01-11,50.69,3.04
3,5,2025-01-11,50.69,3.55
4,1,2025-01-11,128.22,23.08
4,2,2025-01-11,51.29,4.62
4,3,2025-01-11,25.64,1.28
4,4,2025-01-11,12.82,0.77
4,5,2025-01-11,38.46,2.69
5,1,2025-01-11,544.32,97.98
5,2,2025-01-11,311.04,27.99
5,3,2025-01-11,155.52,7.78
5,4,2025-01-11,155.52,9.33
5,5,2025-01-11,388.8,27.22
1,1,2025-01-13,392.05,70.57
1,2,2025-01-13,196.02,17.64
1,3,2025-01-13,78.41,3.92
1,4,2025-01-13,39.2,2.35
1,5,2025-01-13,78.41,5.49
2,1,2025-01-13,27.34,4.92
2,2,2025-01-13,10.25,0.92
2,3,2025-01-13,6.83,0.34
2,4,2025-01-13,13.67,0.82
2,5,2025-01-13,10.25,0.72
3,1,2025-01-13,371.65,66.9
3,2,2025-01-13,106.19,9.56
3,3,2025-01-13,371.65,18.58
3,4,2025-01-13,106.19,6.37
3,5,2025-01-13,106.19,7.43
4,1,2025-01-13,167.62,30.17
4,2,2025-01-13,67.05,6.03
4,3,2025-01-13,33.52,1.68
4,4,2025-01-13,16.76,1.01
4,5,2025-01-13,50.28,3.52
5,1,2025-01-13,1051.16,189.21
5,2,2025-01-13,600.66,54.06
5,3,2025-01-13,300.33,15.02
5,4,2025-01-13,300.33,18.02
5,5,2025-01-13,750.83,52.56
1,1,2025-01-14,389.4,70.09
1,2,2025-01-14,194.7,17.52
1,3,2025-01-14,77.88,3.89
1,4,2025-01-14,38.94,2.34
1,5,2025-01-14,77.88,5.45
2,1,2025-01-14,14.86,2.67
2,2,2025-01-14,5.57,0.5
2,3,2025-01-14,3.71,0.19
2,4,2025-01-14,7.43,0.45
2,5,2025-01-14,5.57,0.39
3,1,2025-01-14,392.46,70.64
3,2,2025-01-14,112.13,10.09
3,3,2025-01-14,392.46,19.62
3,4,2025-01-14,112.13,6.73
3,5,2025-01-14,112.13,7.85
4,1,2025-01-14,190.27,34.25
4,2,2025-01-14,76.11,6.85
4,3,2025-01-14,38.05,1.9
4,4,2025-01-14,19.03,1.14
4,5,2025-01-14,57.08,4.0
5,1,2025-01-14,758.3,136.49
5,2,2025-01-14,433.31,39.0
5,3,2025-01-14,216.66,10.83
5,4,2025-01-14,216.66,13.0
5,5,2025-01-14,541.64,37.91
1,1,2025-01-15,402.8,72.5
1,2,2025-01-15,201.4,18.13
1,3,2025-01-15,80.56,4.03
1,4,2025-01-15,40.28,2.42
1,5,2025-01-15,80.56,5.64
2,1,2025-01-15,29.85,5.37
2,2,2025-01-15,11.19,1.01
2,3,2025-01-15,7.46,0.37
2,4,2025-01-15,14.93,0.9
2,5,2025-01-15,11.19,0.78
3,1,2025-01-15,389.65,70.14
3,2,2025-01-15,111.33,10.02
3,3,2025-01-15,389.65,19.48
3,4,2025-01-15,111.33,6.68
3,5,2025-01-15,111.33,7.79
4,1,2025-01-15,144.52,26.01
4,2,2025-01-15,57.81,5.2
4,3,2025-01-15,28.9,1.45
4,4,2025-01-15,14.45,0.87
4,5,2025-01-15,43.36,3.04
5,1,2025-01-15,1158.22,208.48
5,2,2025-01-15,661.84,59.57
5,3,2025-01-15,330.92,16.55
5,4,2025-01-15,330.92,19.86
5,5,2025-01-15,827.3,57.91
1,1,2025-01-16,413.1,74.36
1,2,2025-01-16,206.55,18.59
1,3,2025-01-16,82.62,4.13
1,4,2025-01-16,41.31,2.48
1,5,2025-01-16,82.62,5.78
2,1,2025-01-16,27.4,4.93
2,2,2025-01-16,10.27,0.92
2,3,2025-01-16,6.85,0.34
2,4,2025-01-16,13.7,0.82
2,5,2025-01-16,10.27,0.72
3,1,2025-01-16,308.07,55.45
3,2,2025-01-16,88.02,7.92
3,3,2025-01-16,308.07,15.4
3,4,2025-01-16,88.02,5.28
3,5,2025-01-16,88.02,6.16
4,1,2025-01-16,174.91,31.48
4,2,2025-01-16,69.96,6.3
4,3,2025-01-16,34.98,1.75
4,4,2025-01-16,17.49,1.05
4,5,2025-01-16,52.47,3.67
5,1,2025-01-16,853.82,153.69
5,2,2025-01-16,487.9,43.91
5,3,2025-01-16,243.95,12.2
5,4,2025-01-16,243.95,14.64
5,5,2025-01-16,609.87,42.69
1,1,2025-01-17,417.19,75.09
1,2,2025-01-17,208.59,18.77
1,3,2025-01-17,83.44,4.17
1,4,2025-01-17,41.72,2.5
1,5,2025-01-17,83.44,5.84
2,1,2025-01-17,29.41,5.29
2,2,2025-01-17,11.03,0.99
2,3,2025-01-17,7.35,0.37
2,4,2025-01-17,14.7,0.88
2,5,2025-01-17,11.03,0.77
3,1,2025-01-17,381.77,68.72
3,2,2025-01-17,109.08,9.82
3,3,2025-01-17,381.77,19.09
3,4,2025-01-17,109.08,6.54
3,5,2025-01-17,109.08,7.64
4,1,2025-01-17,171.66,30.9
4,2,2025-01-17,68.66,6.18
4,3,2025-01-17,34.33,1.72
4,4,2025-01-17,17.17,1.03
4,5,2025-01-17,51.5,3.61
5,1,2025-01-17,1082.32,194.82
5,2,2025-01-17,618.47,55.66
5,3,2025-01-17,309.23,15.46
5,4,2025-01-17,309.23,18.55
5,5,2025-01-17,773.08,54.12
1,1,2025-01-18,178.12,32.06
1,2,2025-01-18,89.06,8.02
1,3,2025-01-18,35.62,1.78
1,4,2025-01-18,17.81,1.07
1,5,2025-01-18,35.62,2.49
2,1,2025-01-18,13.33,2.4
2,2,2025-01-18,5.0,0.45
2,3,2025-01-18,3.33,0.17
2,4,2025-01-18,6.67,0.4
2,5,2025-01-18,5.0,0.35
3,1,2025-01-18,281.08,50.59
3,2,2025-01-18,80.31,7.23
3,3,2025-01-18,281.08,14.05
3,4,2025-01-18,80.31,4.82
3,5,2025-01-18,80.31,5.62
4,1,2025-01-18,95.6,17.21
4,2,2025-01-18,38.24,3.44
4,3,2025-01-18,19.12,0.96
4,4,2025-01-18,9.56,0.57
4,5,2025-01-18,28.68,2.01
5,1,2025-01-18,547.0,98.46
5,2,2025-01-18,312.57,28.13
5,3,2025-01-18,156.29,7.81
5,4,2025-01-18,156.29,9.38
5,5,2025-01-18,390.72,27.35
1,1,2025-01-20,312.7,56.29
1,2,2025-01-20,156.35,14.07
1,3,2025-01-20,62.54,3.13
1,4,2025-01-20,31.27,1.88
1,5,2025-01-20,62.54,4.38
2,1,2025-01-20,32.49,5.85
2,2,2025-01-20,12.18,1.1
2,3,2025-01-20,8.12,0.41
2,4,2025-01-20,16.25,0.97
2,5,2025-01-20,12.18,0.85
3,1,2025-01-20,301.15,54.21
3,2,2025-01-20,86.04,7.74
3,3,2025-01-20,301.15,15.06
3,4,2025-01-20,86.04,5.16
3,5,2025-01-20,86.04,6.02
4,1,2025-01-20,248.19,44.67
4,2,2025-01-20,99.28,8.94
4,3,2025-01-20,49.64,2.48
4,4,2025-01-20,24.82,1.49
4,5,2025-01-20,74.46,5.21
5,1,2025-01-20,959.4,172.69
5,2,2025-01-20,548.23,49.34
5,3,2025-01-20,274.11,13.71
5,4,2025-01-20,274.11,16.45
5,5,2025-01-20,685.28,47.97
1,1,2025-01-21,353.39,63.61
1,2,2025-01-21,176.7,15.9
1,3,2025-01-21,70.68,3.53
1,4,2025-01-21,35.34,2.12
1,5,2025-01-21,70.68,4.95
2,1,2025-01-21,32.25,5.8
2,2,2025-01-21,12.09,1.09
2,3,2025-01-21,8.06,0.4
2,4,2025-01-21,16.12,0.97
2,5,2025-01-21,12.09,0.85
3,1,2025-01-21,379.62,68.33
3,2,2025-01-21,108.46,9.76
3,3,2025-01-21,379.62,18.98
3,4,2025-01-21,108.46,6.51
3,5,2025-01-21,108.46,7.59
4,1,2025-01-21,194.12,34.94
4,2,2025-01-21,77.65,6.99
4,3,2025-01-21,38.82,1.94
4,4,2025-01-21,19.41,1.16
4,5,2025-01-21,58.24,4.08
5,1,2025-01-21,863.61,155.45
5,2,2025-01-21,493.49,44.41
5,3,2025-01-21,246.75,12.34
5,4,2025-01-21,246.75,14.8
5,5,2025-01-21,616.86,43.18
1,1,2025-01-22,397.84,71.61
1,2,2025-01-22,198.92,17.9
1,3,2025-01-22,79.57,3.98
1,4,2025-01-22,39.78,2.39
1,5,2025-01-22,79.57,5.57
2,1,2025-01-22,27.22,4.9
2,2,2025-01-22,10.21,0.92
2,3,2025-01-22,6.81,0.34
2,4,2025-01-22,13.61,0.82
2,5,2025-01-22,10.21,0.71
3,1,2025-01-22,426.0,76.68
3,2,2025-01-22,121.71,10.95
3,3,2025-01-22,426.0,21.3
3,4,2025-01-22,121.71,7.3
3,5,2025-01-22,121.71,8.52
4,1,2025-01-22,166.99,30.06
4,2,2025-01-22,66.8,6.01
4,3,2025-01-22,33.4,1.67
4,4,2025-01-22,16.7,1.0
4,5,2025-01-22,50.1,3.51
5,1,2025-01-22,734.05,132.13
5,2,2025-01-22,419.46,37.75
5,3,2025-01-22,209.73,10.49
5,4,2025-01-22,209.73,12.58
5,5,2025-01-22,524.32,36.7
1,1,2025-01-23,288.15,51.87
1,2,2025-01-23,144.07,12.97
1,3,2025-01-23,57.63,2.88
1,4,2025-01-23,28.81,1.73
1,5,2025-01-23,57.63,4.03
2,1,2025-01-23,32.24,5.8
2,2,2025-01-23,12.09,1.09
2,3,2025-01-23,8.06,0.4
2,4,2025-01-23,16.12,0.97
2,5,2025-01-23,12.09,0.85
3,1,2025-01-23,390.47,70.28
3,2,2025-01-23,111.56,10.04
3,3,2025-01-23,390.47,19.52
3,4,2025-01-23,111.56,6.69
3,5,2025-01-23,111.56,7.81
4,1,2025-01-23,148.59,26.75
4,2,2025-01-23,59.43,5.35
4,3,2025-01-23,29.72,1.49
4,4,2025-01-23,14.86,0.89
4,5,2025-01-23,44.58,3.12
5,1,2025-01-23,888.8,159.98
5,2,2025-01-23,507.89,45.71
5,3,2025-01-23,253.94,12.7
5,4,2025-01-23,253.94,15.24
5,5,2025-01-23,634.86,44.44
1,1,2025-01-24,304.75,54.85
1,2,2025-01-24,152.38,13.71
1,3,2025-01-24,60.95,3.05
1,4,2025-01-24,30.48,1.83
1,5,2025-01-24,60.95,4.27
2,1,2025-01-24,18.32,3.3
2,2,2025-01-24,6.87,0.62
2,3,2025-01-24,4.58,0.23
2,4,2025-01-24,9.16,0.55
2,5,2025-01-24,6.87,0.48
3,1,2025-01-24,322.01,57.96
3,2,2025-01-24,92.0,8.28
3,3,2025-01-24,322.01,16.1
3,4,2025-01-24,92.0,5.52
3,5,2025-01-24,92.0,6.44
4,1,2025-01-24,203.15,36.57
4,2,2025-01-24,81.26,7.31
4,3,2025-01-24,40.63,2.03
4,4,2025-01-24,20.32,1.22
4,5,2025-01-24,60.95,4.27
5,1,2025-01-24,812.72,146.29
5,2,2025-01-24,464.41,41.8
5,3,2025-01-24,232.21,11.61
5,4,2025-01-24,232.21,13.93
5,5,2025-01-24,580.51,40.64
1,1,2025-01-25,236.08,42.49
1,2,2025-01-25,118.04,10.62
1,3,2025-01-25,47.22,2.36
1,4,2025-01-25,23.61,1.42
1,5,2025-01-25,47.22,3.31
2,1,2025-01-25,14.76,2.66
2,2,2025-01-25,5.54,0.5
2,3,2025-01-25,3.69,0.18
2,4,2025-01-25,7.38,0.44
2,5,2025-01-25,5.54,0.39
3,1,2025-01-25,235.96,42.47
3,2,2025-01-25,67.42,6.07
3,3,2025-01-25,235.96,11.8
3,4,2025-01-25,67.42,4.05
3,5,2025-01-25,67.42,4.72
4,1,2025-01-25,139.06,25.03
4,2,2025-01-25,55.62,5.01
4,3,2025-01-25,27.81,1.39
4,4,2025-01-25,13.91,0.83
4,5,2025-01-25,41.72,2.92
5,1,2025-01-25,609.2,109.66
5,2,2025-01-25,348.11,31.33
5,3,2025-01-25,174.06,8.7
5,4,2025-01-25,174.06,10.44
5,5,2025-01-25,435.14,30.46
1,1,2025-01-27,425.82,76.65
1,2,2025-01-27,212.91,19.16
1,3,2025-01-27,85.17,4.26
1,4,2025-01-27,42.58,2.55
1,5,2025-01-27,85.17,5.96
2,1,2025-01-27,15.0,2.7
2,2,2025-01-27,5.62,0.51
2,3,2025-01-27,3.75,0.19
2,4,2025-01-27,7.5,0.45
2,5,2025-01-27,5.62,0.39
3,1,2025-01-27,332.66,59.88
3,2,2025-01-27,95.05,8.55
3,3,2025-01-27,332.66,16.63
3,4,2025-01-27,95.05,5.7
3,5,2025-01-27,95.05,6.65
4,1,2025-01-27,158.63,28.55
4,2,2025-01-27,63.45,5.71
4,3,2025-01-27,31.73,1.59
4,4,2025-01-27,15.86,0.95
4,5,2025-01-27,47.59,3.33
5,1,2025-01-27,848.42,152.72
5,2,2025-01-27,484.81,43.63
5,3,2025-01-27,242.41,12.12
5,4,2025-01-27,242.41,14.54
5,5,2025-01-27,606.01,42.42
1,1,2025-01-28,373.34,67.2
1,2,2025-01-28,186.67,16.8
1,3,2025-01-28,74.67,3.73
1,4,2025-01-28,37.33,2.24
1,5,2025-01-28,74.67,5.23
2,1,2025-01-28,21.32,3.84
2,2,2025-01-28,7.99,0.72
2,3,2025-01-28,5.33,0.27
2,4,2025-01-28,10.66,0.64
2,5,2025-01-28,7.99,0.56
3,1,2025-01-28,360.26,64.85
3,2,2025-01-28,102.93,9.26
3,3,2025-01-28,360.26,18.01
3,4,2025-01-28,102.93,6.18
3,5,2025-01-28,102.93,7.21
4,1,2025-01-28,212.39,38.23
4,2,2025-01-28,84.96,7.65
4,3,2025-01-28,42.48,2.12
4,4,2025-01-28,21.24,1.27
4,5,2025-01-28,63.72,4.46
5,1,2025-01-28,963.89,173.5
5,2,2025-01-28,550.79,49.57
5,3,2025-01-28,275.4,13.77
5,4,2025-01-28,275.4,16.52
5,5,2025-01-28,688.49,48.19
1,1,2025-01-29,354.67,63.84
1,2,2025-01-29,177.34,15.96
1,3,2025-01-29,70.93,3.55
1,4,2025-01-29,35.47,2.13
1,5,2025-01-29,70.93,4.97
2,1,2025-01-29,29.56,5.32
2,2,2025-01-29,11.08,1.0
2,3,2025-01-29,7.39,0.37
2,4,2025-01-29,14.78,0.89
2,5,2025-01-29,11.08,0.78
3,1,2025-01-29,289.46,52.1
3,2,2025-01-29,82.7,7.44
3,3,2025-01-29,289.46,14.47
3,4,2025-01-29,82.7,4.96
3,5,2025-01-29,82.7,5.79
4,1,2025-01-29,248.25,44.68
4,2,2025-01-29,99.3,8.94
4,3,2025-01-29,49.65,2.48
4,4,2025-01-29,24.83,1.49
4,5,2025-01-29,74.47,5.21
5,1,2025-01-29,853.41,153.61
5,2,2025-01-29,487.66,43.89
5,3,2025-01-29,243.83,12.19
5,4,2025-01-29,243.83,14.63
5,5,2025-01-29,609.58,42.67
1,1,2025-01-30,378.43,68.12
1,2,2025-01-30,189.21,17.03
1,3,2025-01-30,75.69,3.78
1,4,2025-01-30,37.84,2.27
1,5,2025-01-30,75.69,5.3
2,1,2025-01-30,25.59,4.61
2,2,2025-01-30,9.6,0.86
2,3,2025-01-30,6.4,0.32
2,4,2025-01-30,12.79,0.77
2,5,2025-01-30,9.6,0.67
3,1,2025-01-30,365.31,65.76
3,2,2025-01-30,104.37,9.39
3,3,2025-01-30,365.31,18.27
3,4,2025-01-30,104.37,6.26
3,5,2025-01-30,104.37,7.31
4,1,2025-01-30,236.32,42.54
4,2,2025-01-30,94.53,8.51
4,3,2025-01-30,47.27,2.36
4,4,2025-01-30,23.63,1.42
4,5,2025-01-30,70.9,4.96
5,1,2025-01-30,1008.89,181.6
5,2,2025-01-30,576.51,51.89
5,3,2025-01-30,288.25,14.41
5,4,2025-01-30,288.25,17.29
5,5,2025-01-30,720.63,50.44
1,1,2025-01-31,296.58,53.38
1,2,2025-01-31,148.29,13.35
1,3,2025-01-31,59.32,2.97
1,4,2025-01-31,29.66,1.78
1,5,2025-01-31,59.32,4.15
2,1,2025-01-31,23.24,4.18
2,2,2025-01-31,8.72,0.78
2,3,2025-01-31,5.81,0.29
2,4,2025-01-31,11.62,0.7
2,5,2025-01-31,8.72,0.61
3,1,2025-01-31,332.79,59.9
3,2,2025-01-31,95.08,8.56
3,3,2025-01-31,332.79,16.64
3,4,2025-01-31,95.08,5.7
3,5,2025-01-31,95.08,6.66
4,1,2025-01-31,217.19,39.09
4,2,2025-01-31,86.88,7.82
4,3,2025-01-31,43.44,2.17
4,4,2025-01-31,21.72,1.3
4,5,2025-01-31,65.16,4.56
5,1,2025-01-31,859.54,154.72
5,2,2025-01-31,491.17,44.21
5,3,2025-01-31,245.58,12.28
5,4,2025-01-31,245.58,14.73
5,5,2025-01-31,613.96,42.98
1,1,2025-02-01,256.44,46.16
1,2,2025-02-01,128.22,11.54
1,3,2025-02-01,51.29,2.56
1,4,2025-02-01,25.64,1.54
1,5,2025-02-01,51.29,3.59
2,1,2025-02-01,19.6,3.53
2,2,2025-02-01,7.35,0.66
2,3,2025-02-01,4.9,0.25
2,4,2025-02-01,9.8,0.59
2,5,2025-02-01,7.35,0.51
3,1,2025-02-01,221.72,39.91
3,2,2025-02-01,63.35,5.7
3,3,2025-02-01,221.72,11.09
3,4,2025-02-01,63.35,3.8
3,5,2025-02-01,63.35,4.43
4,1,2025-02-01,110.67,19.92
4,2,2025-02-01,44.27,3.98
4,3,2025-02-01,22.13,1.11
4,4,2025-02-01,11.07,0.66
4,5,2025-02-01,33.2,2.32
5,1,2025-02-01,581.31,104.64
5,2,2025-02-01,332.18,29.9
5,3,2025-02-01,166.09,8.3
5,4,2025-02-01,166.09,9.97
5,5,2025-02-01,415.23,29.07
1,1,2025-02-03,375.87,67.66
1,2,2025-02-03,187.94,16.91
1,3,2025-02-03,75.17,3.76
1,4,2025-02-03,37.59,2.26
1,5,2025-02-03,75.17,5.26
2,1,2025-02-03,33.44,6.02
2,2,2025-02-03,12.54,1.13
2,3,2025-02-03,8.36,0.42
2,4,2025-02-03,16.72,1.0
2,5,2025-02-03,12.54,0.88
3,1,2025-02-03,285.45,51.38
3,2,2025-02-03,81.56,7.34
3,3,2025-02-03,285.45,14.27
3,4,2025-02-03,81.56,4.89
3,5,2025-02-03,81.56,5.71
4,1,2025-02-03,179.13,32.24
4,2,2025-02-03,71.65,6.45
4,3,2025-02-03,35.83,1.79
4,4,2025-02-03,17.91,1.07
4,5,2025-02-03,53.74,3.76
5,1,2025-02-03,742.37,133.63
5,2,2025-02-03,424.21,38.18
5,3,2025-02-03,212.11,10.61
5,4,2025-02-03,212.11,12.73
5,5,2025-02-03,530.27,37.12
1,1,2025-02-04,310.0,55.8
1,2,2025-02-04,155.0,13.95
1,3,2025-02-04,62.0,3.1
1,4,2025-02-04,31.0,1.86
1,5,2025-02-04,62.0,4.34
2,1,2025-02-04,25.7,4.63
2,2,2025-02-04,9.64,0.87
2,3,2025-02-04,6.43,0.32
2,4,2025-02-04,12.85,0.77
2,5,2025-02-04,9.64,0.67
3,1,2025-02-04,349.95,62.99
3,2,2025-02-04,99.99,9.0
3,3,2025-02-04,349.95,17.5
3,4,2025-02-04,99.99,6.0
3,5,2025-02-04,99.99,7.0
4,1,2025-02-04,194.22,34.96
4,2,2025-02-04,77.69,6.99
4,3,2025-02-04,38.84,1.94
4,4,2025-02-04,19.42,1.17
4,5,2025-02-04,58.26,4.08
5,1,2025-02-04,1079.68,194.34
5,2,2025-02-04,616.96,55.53
5,3,2025-02-04,308.48,15.42
5,4,2025-02-04,308.48,18.51
5,5,2025-02-04,771.2,53.98
1,1,2025-02-05,379.08,68.23
1,2,2025-02-05,189.54,17.06
1,3,2025-02-05,75.82,3.79
1,4,2025-02-05,37.91,2.27
1,5,2025-02-05,75.82,5.31
2,1,2025-02-05,22.09,3.98
2,2,2025-02-05,8.28,0.75
2,3,2025-02-05,5.52,0.28
2,4,2025-02-05,11.04,0.66
2,5,2025-02-05,8.28,0.58
3,1,2025-02-05,390.06,70.21
3,2,2025-02-05,111.45,10.03
3,3,2025-02-05,390.06,19.5
3,4,2025-02-05,111.45,6.69
3,5,2025-02-05,111.45,7.8
4,1,2025-02-05,173.0,31.14
4,2,2025-02-05,69.2,6.23
4,3,2025-02-05,34.6,1.73
4,4,2025-02-05,17.3,1.04
4,5,2025-02-05,51.9,3.63
5,1,2025-02-05,829.88,149.38
5,2,2025-02-05,474.22,42.68
5,3,2025-02-05,237.11,11.86
5,4,2025-02-05,237.11,14.23
5,5,2025-02-05,592.77,41.49
1,1,2025-02-06,333.75,60.07
1,2,2025-02-06,166.88,15.02
1,3,2025-02-06,66.75,3.34
1,4,2025-02-06,33.38,2.0
1,5,2025-02-06,66.75,4.67
2,1,2025-02-06,21.41,3.85
2,2,2025-02-06,8.03,0.72
2,3,2025-02-06,5.35,0.27
2,4,2025-02-06,10.7,0.64
2,5,2025-02-06,8.03,0.56
3,1,2025-02-06,385.79,69.44
3,2,2025-02-06,110.23,9.92
3,3,2025-02-06,385.79,19.29
3,4,2025-02-06,110.23,6.61
3,5,2025-02-06,110.23,7.72
4,1,2025-02-06,128.44,23.12
4,2,2025-02-06,51.38,4.62
4,3,2025-02-06,25.69,1.28
4,4,2025-02-06,12.84,0.77
4,5,2025-02-06,38.53,2.7
5,1,2025-02-06,1013.99,182.52
5,2,2025-02-06,579.42,52.15
5,3,2025-02-06,289.71,14.49
5,4,2025-02-06,289.71,17.38
5,5,2025-02-06,724.28,50.7
1,1,2025-02-07,307.81,55.41
1,2,2025-02-07,153.9,13.85
1,3,2025-02-07,61.56,3.08
1,4,2025-02-07,30.78,1.85
1,5,2025-02-07,61.56,4.31
2,1,2025-02-07,24.64,4.44
2,2,2025-02-07,9.24,0.83
2,3,2025-02-07,6.16,0.31
2,4,2025-02-07,12.32,0.74
2,5,2025-02-07,9.24,0.65
3,1,2025-02-07,363.46,65.42
3,2,2025-02-07,103.85,9.35
3,3,2025-02-07,363.46,18.17
3,4,2025-02-07,103.85,6.23
3,5,2025-02-07,103.85,7.27
4,1,2025-02-07,168.25,30.29
4,2,2025-02-07,67.3,6.06
4,3,2025-02-07,33.65,1.68
4,4,2025-02-07,16.83,1.01
4,5,2025-02-07,50.48,3.53
5,1,2025-02-07,1092.11,196.58
5,2,2025-02-07,624.06,56.17
5,3,2025-02-07,312.03,15.6
5,4,2025-02-07,312.03,18.72
5,5,2025-02-07,780.08,54.61
1,1,2025-02-08,175.72,31.63
1,2,2025-02-08,87.86,7.91
1,3,2025-02-08,35.14,1.76
1,4,2025-02-08,17.57,1.05
1,5,2025-02-08,35.14,2.46
2,1,2025-02-08,13.71,2.47
2,2,2025-02-08,5.14,0.46
2,3,2025-02-08,3.43,0.17
2,4,2025-02-08,6.86,0.41
2,5,2025-02-08,5.14,0.36
3,1,2025-02-08,215.9,38.86
3,2,2025-02-08,61.69,5.55
3,3,2025-02-08,215.9,10.8
3,4,2025-02-08,61.69,3.7
3,5,2025-02-08,61.69,4.32
4,1,2025-02-08,119.68,21.54
4,2,2025-02-08,47.87,4.31
4,3,2025-02-08,23.94,1.2
4,4,2025-02-08,11.97,0.72
4,5,2025-02-08,35.9,2.51
5,1,2025-02-08,529.46,95.3
5,2,2025-02-08,302.55,27.23
5,3,2025-02-08,151.28,7.56
5,4,2025-02-08,151.28,9.08
5,5,2025-02-08,378.19,26.47
1,1,2025-02-10,341.87,61.54
1,2,2025-02-10,170.93,15.38
1,3,2025-02-10,68.37,3.42
1,4,2025-02-10,34.19,2.05
1,5,2025-02-10,68.37,4.79
2,1,2025-02-10,24.49,4.41
2,2,2025-02-10,9.18,0.83
2,3,2025-02-10,6.12,0.31
2,4,2025-02-10,12.25,0.73
2,5,2025-02-10,9.18,0.64
3,1,2025-02-10,344.92,62.09
3,2,2025-02-10,98.55,8.87
3,3,2025-02-10,344.92,17.25
3,4,2025-02-10,98.55,5.91
3,5,2025-02-10,98.55,6.9
4,1,2025-02-10,216.08,38.89
4,2,2025-02-10,86.43,7.78
4,3,2025-02-10,43.22,2.16
4,4,2025-02-10,21.61,1.3
4,5,2025-02-10,64.82,4.54
5,1,2025-02-10,1064.43,191.6
5,2,2025-02-10,608.25,54.74
5,3,2025-02-10,304.12,15.21
5,4,2025-02-10,304.12,18.25
5,5,2025-02-10,760.31,53.22
1,1,2025-02-11,281.41,50.65
1,2,2025-02-11,140.71,12.66
1,3,2025-02-11,56.28,2.81
1,4,2025-02-11,28.14,1.69
1,5,2025-02-11,56.28,3.94
2,1,2025-02-11,20.88,3.76
2,2,2025-02-11,7.83,0.7
2,3,2025-02-11,5.22,0.26
2,4,2025-02-11,10.44,0.63
2,5,2025-02-11,7.83,0.55
3,1,2025-02-11,307.2,55.3
3,2,2025-02-11,87.77,7.9
3,3,2025-02-11,307.2,15.36
3,4,2025-02-11,87.77,5.27
3,5,2025-02-11,87.77,6.14
4,1,2025-02-11,171.38,30.85
4,2,2025-02-11,68.55,6.17
4,3,2025-02-11,34.28,1.71
4,4,2025-02-11,17.14,1.03
4,5,2025-02-11,51.41,3.6
5,1,2025-02-11,868.1,156.26
5,2,2025-02-11,496.06,44.65
5,3,2025-02-11,248.03,12.4
5,4,2025-02-11,248.03,14.88
5,5,2025-02-11,620.07,43.4
1,1,2025-02-12,314.24,56.56
1,2,2025-02-12,157.12,14.14
1,3,2025-02-12,62.85,3.14
1,4,2025-02-12,31.42,1.89
1,5,2025-02-12,62.85,4.4
2,1,2025-02-12,31.25,5.62
2,2,2025-02-12,11.72,1.05
2,3,2025-02-12,7.81,0.39
2,4,2025-02-12,15.63,0.94
2,5,2025-02-12,11.72,0.82
3,1,2025-02-12,437.25,78.7
3,2,2025-02-12,124.93,11.24
3,3,2025-02-12,437.25,21.86
3,4,2025-02-12,124.93,7.5
3,5,2025-02-12,124.93,8.75
4,1,2025-02-12,136.2,24.52
4,2,2025-02-12,54.48,4.9
4,3,2025-02-12,27.24,1.36
4,4,2025-02-12,13.62,0.82
4,5,2025-02-12,40.86,2.86
5,1,2025-02-12,915.0,164.7
5,2,2025-02-12,522.86,47.06
5,3,2025-02-12,261.43,13.07
5,4,2025-02-12,261.43,15.69
5,5,2025-02-12,653.57,45.75
1,1,2025-02-13,429.78,77.36
1,2,2025-02-13,214.89,19.34
1,3,2025-02-13,85.96,4.3
1,4,2025-02-13,42.98,2.58
1,5,2025-02-13,85.96,6.02
2,1,2025-02-13,27.85,5.01
2,2,2025-02-13,10.44,0.94
2,3,2025-02-13,6.96,0.35
2,4,2025-02-13,13.93,0.84
2,5,2025-02-13,10.44,0.73
3,1,2025-02-13,315.07,56.71
3,2,2025-02-13,90.02,8.1
3,3,2025-02-13,315.07,15.75
3,4,2025-02-13,90.02,5.4
3,5,2025-02-13,90.02,6.3
4,1,2025-02-13,236.63,42.59
4,2,2025-02-13,94.65,8.52
4,3,2025-02-13,47.33,2.37
4,4,2025-02-13,23.66,1.42
4,5,2025-02-13,70.99,4.97
5,1,2025-02-13,820.54,147.7
5,2,2025-02-13,468.88,42.2
5,3,2025-02-13,234.44,11.72
5,4,2025-02-13,234.44,14.07
5,5,2025-02-13,586.1,41.03
1,1,2025-02-14,277.42,49.94
1,2,2025-02-14,138.71,12.48
1,3,2025-02-14,55.48,2.77
1,4,2025-02-14,27.74,1.66
1,5,2025-02-14,55.48,3.88
2,1,2025-02-14,23.78,4.28
2,2,2025-02-14,8.92,0.8
2,3,2025-02-14,5.95,0.3
2,4,2025-02-14,11.89,0.71
2,5,2025-02-14,8.92,0.62
3,1,2025-02-14,313.88,56.5
3,2,2025-02-14,89.68,8.07
3,3,2025-02-14,313.88,15.69
3,4,2025-02-14,89.68,5.38
3,5,2025-02-14,89.68,6.28
4,1,2025-02-14,182.31,32.82
4,2,2025-02-14,72.92,6.56
4,3,2025-02-14,36.46,1.82
4,4,2025-02-14,18.23,1.09
4,5,2025-02-14,54.69,3.83
5,1,2025-02-14,775.71,139.63
5,2,2025-02-14,443.26,39.89
5,3,2025-02-14,221.63,11.08
5,4,2025-02-14,221.63,13.3
5,5,2025-02-14,554.08,38.79
1,1,2025-02-15,253.65,45.66
1,2,2025-02-15,126.82,11.41
1,3,2025-02-15,50.73,2.54
1,4,2025-02-15,25.36,1.52
1,5,2025-02-15,50.73,3.55
2,1,2025-02-15,19.3,3.47
2,2,2025-02-15,7.24,0.65
2,3,2025-02-15,4.82,0.24
2,4,2025-02-15,9.65,0.58
2,5,2025-02-15,7.24,0.51
3,1,2025-02-15,183.52,33.03
3,2,2025-02-15,52.43,4.72
3,3,2025-02-15,183.52,9.18
3,4,2025-02-15,52.43,3.15
3,5,2025-02-15,52.43,3.67
4,1,2025-02-15,101.64,18.3
4,2,2025-02-15,40.65,3.66
4,3,2025-02-15,20.33,1.02
4,4,2025-02-15,10.16,0.61
4,5,2025-02-15,30.49,2.13
5,1,2025-02-15,531.79,95.72
5,2,2025-02-15,303.88,27.35
5,3,2025-02-15,151.94,7.6
5,4,2025-02-15,151.94,9.12
5,5,2025-02-15,379.85,26.59
1,1,2025-02-17,354.27,63.77
1,2,2025-02-17,177.13,15.94
1,3,2025-02-17,70.85,3.54
1,4,2025-02-17,35.43,2.13
1,5,2025-02-17,70.85,4.96
2,1,2025-02-17,21.35,3.84
2,2,2025-02-17,8.01,0.72
2,3,2025-02-17,5.34,0.27
2,4,2025-02-17,10.68,0.64
2,5,2025-02-17,8.01,0.56
3,1,2025-02-17,401.61,72.29
3,2,2025-02-17,114.75,10.33
3,3,2025-02-17,401.61,20.08
3,4,2025-02-17,114.75,6.88
3,5,2025-02-17,114.75,8.03
4,1,2025-02-17,173.31,31.2
4,2,2025-02-17,69.33,6.24
4,3,2025-02-17,34.66,1.73
4,4,2025-02-17,17.33,1.04
4,5,2025-02-17,51.99,3.64
5,1,2025-02-17,754.91,135.88
5,2,2025-02-17,431.38,38.82
5,3,2025-02-17,215.69,10.78
5,4,2025-02-17,215.69,12.94
5,5,2025-02-17,539.23,37.75
1,1,2025-02-18,333.38,60.01
1,2,2025-02-18,166.69,15.0
1,3,2025-02-18,66.67,3.33
1,4,2025-02-18,33.34,2.0
1,5,2025-02-18,66.67,4.67
2,1,2025-02-18,25.35,4.56
2,2,2025-02-18,9.51,0.86
2,3,2025-02-18,6.34,0.32
2,4,2025-02-18,12.67,0.76
2,5,2025-02-18,9.51,0.67
3,1,2025-02-18,299.89,53.98
3,2,2025-02-18,85.68,7.71
3,3,2025-02-18,299.89,14.99
3,4,2025-02-18,85.68,5.14
3,5,2025-02-18,85.68,6.0
4,1,2025-02-18,191.25,34.42
4,2,2025-02-18,76.5,6.88
4,3,2025-02-18,38.25,1.91
4,4,2025-02-18,19.13,1.15
4,5,2025-02-18,57.38,4.02
5,1,2025-02-18,1059.67,190.74
5,2,2025-02-18,605.53,54.5
5,3,2025-02-18,302.76,15.14
5,4,2025-02-18,302.76,18.17
5,5,2025-02-18,756.91,52.98
1,1,2025-02-19,387.88,69.82
1,2,2025-02-19,193.94,17.45
1,3,2025-02-19,77.58,3.88
1,4,2025-02-19,38.79,2.33
1,5,2025-02-19,77.58,5.43
2,1,2025-02-19,18.43,3.32
2,2,2025-02-19,6.91,0.62
2,3,2025-02-19,4.61,0.23
2,4,2025-02-19,9.21,0.55
2,5,2025-02-19,6.91,0.48
3,1,2025-02-19,316.72,57.01
3,2,2025-02-19,90.49,8.14
3,3,2025-02-19,316.72,15.84
3,4,2025-02-19,90.49,5.43
3,5,2025-02-19,90.49,6.33
4,1,2025-02-19,173.56,31.24
4,2,2025-02-19,69.42,6.25
4,3,2025-02-19,34.71,1.74
4,4,2025-02-19,17.36,1.04
4,5,2025-02-19,52.07,3.64
5,1,2025-02-19,710.42,127.88
5,2,2025-02-19,405.95,36.54
5,3,2025-02-19,202.98,10.15
5,4,2025-02-19,202.98,12.18
5,5,2025-02-19,507.44,35.52
1,1,2025-02-20,394.21,70.96
1,2,2025-02-20,197.1,17.74
1,3,2025-02-20,78.84,3.94
1,4,2025-02-20,39.42,2.37
1,5,2025-02-20,78.84,5.52
2,1,2025-02-20,24.46,4.4
2,2,2025-02-20,9.17,0.83
2,3,2025-02-20,6.11,0.31
2,4,2025-02-20,12.23,0.73
2,5,2025-02-20,9.17,0.64
3,1,2025-02-20,435.18,78.33
3,2,2025-02-20,124.34,11.19
3,3,2025-02-20,435.18,21.76
3,4,2025-02-20,124.34,7.46
3,5,2025-02-20,124.34,8.7
4,1,2025-02-20,170.99,30.78
4,2,2025-02-20,68.39,6.16
4,3,2025-02-20,34.2,1.71
4,4,2025-02-20,17.1,1.03
4,5,2025-02-20,51.3,3.59
5,1,2025-02-20,1056.43,190.16
5,2,2025-02-20,603.67,54.33
5,3,2025-02-20,301.84,15.09
5,4,2025-02-20,301.84,18.11
5,5,2025-02-20,754.59,52.82
1,1,2025-02-21,351.75,63.31
1,2,2025-02-21,175.88,15.83
1,3,2025-02-21,70.35,3.52
1,4,2025-02-21,35.18,2.11
1,5,2025-02-21,70.35,4.92
2,1,2025-02-21,18.06,3.25
2,2,2025-02-21,6.77,0.61
2,3,2025-02-21,4.51,0.23
2,4,2025-02-21,9.03,0.54
2,5,2025-02-21,6.77,0.47
3,1,2025-02-21,329.62,59.33
3,2,2025-02-21,94.18,8.48
3,3,2025-02-21,329.62,16.48
3,4,2025-02-21,94.18,5.65
3,5,2025-02-21,94.18,6.59
4,1,2025-02-21,243.49,43.83
4,2,2025-02-21,97.4,8.77
4,3,2025-02-21,48.7,2.44
4,4,2025-02-21,24.35,1.46
4,5,2025-02-21,73.05,5.11
5,1,2025-02-21,796.28,143.33
5,2,2025-02-21,455.02,40.95
5,3,2025-02-21,227.51,11.38
5,4,2025-02-21,227.51,13.65
5,5,2025-02-21,568.77,39.81
1,1,2025-02-22,185.15,33.33
1,2,2025-02-22,92.57,8.33
1,3,2025-02-22,37.03,1.85
1,4,2025-02-22,18.51,1.11
1,5,2025-02-22,37.03,2.59
2,1,2025-02-22,17.92,3.23
2,2,2025-02-22,6.72,0.6
2,3,2025-02-22,4.48,0.22
2,4,2025-02-22,8.96,0.54
2,5,2025-02-22,6.72,0.47
3,1,2025-02-22,257.63,46.37
3,2,2025-02-22,73.61,6.62
3,3,2025-02-22,257.63,12.88
3,4,2025-02-22,73.61,4.42
3,5,2025-02-22,73.61,5.15
4,1,2025-02-22,101.98,18.36
4,2,2025-02-22,40.79,3.67
4,3,2025-02-22,20.4,1.02
4,4,2025-02-22,10.2,0.61
4,5,2025-02-22,30.59,2.14
5,1,2025-02-22,618.39,111.31
5,2,2025-02-22,353.37,31.8
5,3,2025-02-22,176.68,8.83
5,4,2025-02-22,176.68,10.6
5,5,2025-02-22,441.71,30.92
1,1,2025-02-24,377.07,67.87
1,2,2025-02-24,188.54,16.97
1,3,2025-02-24,75.42,3.77
1,4,2025-02-24,37.71,2.26
1,5,2025-02-24,75.42,5.28
2,1,2025-02-24,23.56,4.24
2,2,2025-02-24,8.83,0.79
2,3,2025-02-24,5.89,0.29
2,4,2025-02-24,11.78,0.71
2,5,2025-02-24,8.83,0.62
3,1,2025-02-24,375.23,67.54
3,2,2025-02-24,107.21,9.65
3,3,2025-02-24,375.23,18.76
3,4,2025-02-24,107.21,6.43
3,5,2025-02-24,107.21,7.5
4,1,2025-02-24,167.89,30.22
4,2,2025-02-24,67.16,6.04
4,3,2025-02-24,33.58,1.68
4,4,2025-02-24,16.79,1.01
4,5,2025-02-24,50.37,3.53
5,1,2025-02-24,846.89,152.44
5,2,2025-02-24,483.94,43.55
5,3,2025-02-24,241.97,12.1
5,4,2025-02-24,241.97,14.52
5,5,2025-02-24,604.92,42.34
1,1,2025-02-25,332.46,59.84
1,2,2025-02-25,166.23,14.96
1,3,2025-02-25,66.49,3.32
1,4,2025-02-25,33.25,1.99
1,5,2025-02-25,66.49,4.65
2,1,2025-02-25,30.59,5.51
2,2,2025-02-25,11.47,1.03
2,3,2025-02-25,7.65,0.38
2,4,2025-02-25,15.29,0.92
2,5,2025-02-25,11.47,0.8
3,1,2025-02-25,394.19,70.95
3,2,2025-02-25,112.63,10.14
3,3,2025-02-25,394.19,19.71
3,4,2025-02-25,112.63,6.76
3,5,2025-02-25,112.63,7.88
4,1,2025-02-25,188.77,33.98
4,2,2025-02-25,75.51,6.8
4,3,2025-02-25,37.75,1.89
4,4,2025-02-25,18.88,1.13
4,5,2025-02-25,56.63,3.96
5,1,2025-02-25,1043.94,187.91
5,2,2025-02-25,596.54,53.69
5,3,2025-02-25,298.27,14.91
5,4,2025-02-25,298.27,17.9
5,5,2025-02-25,745.67,52.2
1,1,2025-02-26,433.27,77.99
1,2,2025-02-26,216.63,19.5
1,3,2025-02-26,86.65,4.33
1,4,2025-02-26,43.33,2.6
1,5,2025-02-26,86.65,6.07
2,1,2025-02-26,18.07,3.25
2,2,2025-02-26,6.78,0.61
2,3,2025-02-26,4.52,0.23
2,4,2025-02-26,9.03,0.54
2,5,2025-02-26,6.78,0.47
3,1,2025-02-26,387.07,69.67
3,2,2025-02-26,110.59,9.95
3,3,2025-02-26,387.07,19.35
3,4,2025-02-26,110.59,6.64
3,5,2025-02-26,110.59,7.74
4,1,2025-02-26,228.41,41.11
4,2,2025-02-26,91.37,8.22
4,3,2025-02-26,45.68,2.28
4,4,2025-02-26,22.84,1.37
4,5,2025-02-26,68.52,4.8
5,1,2025-02-26,873.24,157.18
5,2,2025-02-26,498.99,44.91
5,3,2025-02-26,249.5,12.48
5,4,2025-02-26,249.5,14.97
5,5,2025-02-26,623.74,43.66
1,1,2025-02-27,460.95,82.97
1,2,2025-02-27,230.48,20.74
1,3,2025-02-27,92.19,4.61
1,4,2025-02-27,46.1,2.77
1,5,2025-02-27,92.19,6.45
2,1,2025-02-27,21.19,3.81
2,2,2025-02-27,7.95,0.72
2,3,2025-02-27,5.3,0.27
2,4,2025-02-27,10.6,0.64
2,5,2025-02-27,7.95,0.56
3,1,2025-02-27,322.31,58.02
3,2,2025-02-27,92.09,8.29
3,3,2025-02-27,322.31,16.12
3,4,2025-02-27,92.09,5.53
3,5,2025-02-27,92.09,6.45
4,1,2025-02-27,142.1,25.58
4,2,2025-02-27,56.84,5.12
4,3,2025-02-27,28.42,1.42
4,4,2025-02-27,14.21,0.85
4,5,2025-02-27,42.63,2.98
5,1,2025-02-27,705.89,127.06
5,2,2025-02-27,403.37,36.3
5,3,2025-02-27,201.68,10.08
5,4,2025-02-27,201.68,12.1
5,5,2025-02-27,504.21,35.29
1,1,2025-02-28,386.37,69.55
1,2,2025-02-28,193.18,17.39
1,3,2025-02-28,77.27,3.86
1,4,2025-02-28,38.64,2.32
1,5,2025-02-28,77.27,5.41
2,1,2025-02-28,24.93,4.49
2,2,2025-02-28,9.35,0.84
2,3,2025-02-28,6.23,0.31
2,4,2025-02-28,12.47,0.75
2,5,2025-02-28,9.35,0.65
3,1,2025-02-28,381.14,68.61
3,2,2025-02-28,108.9,9.8
3,3,2025-02-28,381.14,19.06
3,4,2025-02-28,108.9,6.53
3,5,2025-02-28,108.9,7.62
4,1,2025-02-28,196.08,35.29
4,2,2025-02-28,78.43,7.06
4,3,2025-02-28,39.22,1.96
4,4,2025-02-28,19.61,1.18
4,5,2025-02-28,58.82,4.12
5,1,2025-02-28,1017.46,183.14
5,2,2025-02-28,581.4,52.33
5,3,2025-02-28,290.7,14.54
5,4,2025-02-28,290.7,17.44
5,5,2025-02-28,726.75,50.87
1,1,2025-03-01,209.08,37.63
1,2,2025-03-01,104.54,9.41
1,3,2025-03-01,41.82,2.09
1,4,2025-03-01,20.91,1.25
1,5,2025-03-01,41.82,2.93
2,1,2025-03-01,8.58,1.54
2,2,2025-03-01,3.22,0.29
2,3,2025-03-01,2.14,0.11
2,4,2025-03-01,4.29,0.26
2,5,2025-03-01,3.22,0.23
3,1,2025-03-01,256.4,46.15
3,2,2025-03-01,73.26,6.59
3,3,2025-03-01,256.4,12.82
3,4,2025-03-01,73.26,4.4
3,5,2025-03-01,73.26,5.13
4,1,2025-03-01,109.56,19.72
4,2,2025-03-01,43.83,3.94
4,3,2025-03-01,21.91,1.1
4,4,2025-03-01,10.96,0.66
4,5,2025-03-01,32.87,2.3
5,1,2025-03-01,588.83,105.99
5,2,2025-03-01,336.47,30.28
5,3,2025-03-01,168.24,8.41
5,4,2025-03-01,168.24,10.09
5,5,2025-03-01,420.59,29.44
1,1,2025-03-03,403.61,72.65
1,2,2025-03-03,201.81,18.16
1,3,2025-03-03,80.72,4.04
1,4,2025-03-03,40.36,2.42
1,5,2025-03-03,80.72,5.65
2,1,2025-03-03,25.24,4.54
2,2,2025-03-03,9.47,0.85
2,3,2025-03-03,6.31,0.32
2,4,2025-03-03,12.62,0.76
2,5,2025-03-03,9.47,0.66
3,1,2025-03-03,464.47,83.6
3,2,2025-03-03,132.71,11.94
3,3,2025-03-03,464.47,23.22
3,4,2025-03-03,132.71,7.96
3,5,2025-03-03,132.71,9.29
4,1,2025-03-03,213.53,38.44
4,2,2025-03-03,85.41,7.69
4,3,2025-03-03,42.71,2.14
4,4,2025-03-03,21.35,1.28
4,5,2025-03-03,64.06,4.48
5,1,2025-03-03,1079.07,194.23
5,2,2025-03-03,616.61,55.49
5,3,2025-03-03,308.31,15.42
5,4,2025-03-03,308.31,18.5
5,5,2025-03-03,770.77,53.95
1,1,2025-03-04,363.65,65.46
1,2,2025-03-04,181.83,16.36
1,3,2025-03-04,72.73,3.64
1,4,2025-03-04,36.37,2.18
1,5,2025-03-04,72.73,5.09
2,1,2025-03-04,28.48,5.13
2,2,2025-03-04,10.68,0.96
2,3,2025-03-04,7.12,0.36
2,4,2025-03-04,14.24,0.85
2,5,2025-03-04,10.68,0.75
3,1,2025-03-04,429.45,77.3
3,2,2025-03-04,122.7,11.04
3,3,2025-03-04,429.45,21.47
3,4,2025-03-04,122.7,7.36
3,5,2025-03-04,122.7,8.59
4,1,2025-03-04,184.29,33.17
4,2,2025-03-04,73.72,6.63
4,3,2025-03-04,36.86,1.84
4,4,2025-03-04,18.43,1.11
4,5,2025-03-04,55.29,3.87
5,1,2025-03-04,988.84,177.99
5,2,2025-03-04,565.05,50.85
5,3,2025-03-04,282.53,14.13
5,4,2025-03-04,282.53,16.95
5,5,2025-03-04,706.31,49.44
1,1,2025-03-05,359.04,64.63
1,2,2025-03-05,179.52,16.16
1,3,2025-03-05,71.81,3.59
1,4,2025-03-05,35.9,2.15
1,5,2025-03-05,71.81,5.03
2,1,2025-03-05,23.83,4.29
2,2,2025-03-05,8.94,0.8
2,3,2025-03-05,5.96,0.3
2,4,2025-03-05,11.92,0.72
2,5,2025-03-05,8.94,0.63
3,1,2025-03-05,430.28,77.45
3,2,2025-03-05,122.94,11.06
3,3,2025-03-05,430.28,21.51
3,4,2025-03-05,122.94,7.38
3,5,2025-03-05,122.94,8.61
4,1,2025-03-05,187.17,33.69
4,2,2025-03-05,74.87,6.74
4,3,2025-03-05,37.43,1.87
4,4,2025-03-05,18.72,1.12
4,5,2025-03-05,56.15,3.93
5,1,2025-03-05,834.06,150.13
5,2,2025-03-05,476.61,42.89
5,3,2025-03-05,238.3,11.92
5,4,2025-03-05,238.3,14.3
5,5,2025-03-05,595.76,41.7
1,1,2025-03-06,356.54,64.18
1,2,2025-03-06,178.27,16.04
1,3,2025-03-06,71.31,3.57
1,4,2025-03-06,35.65,2.14
1,5,2025-03-06,71.31,4.99
2,1,2025-03-06,14.76,2.66
2,2,2025-03-06,5.53,0.5
2,3,2025-03-06,3.69,0.18
2,4,2025-03-06,7.38,0.44
2,5,2025-03-06,5.53,0.39
3,1,2025-03-06,353.41,63.61
3,2,2025-03-06,100.98,9.09
3,3,2025-03-06,353.41,17.67
3,4,2025-03-06,100.98,6.06
3,5,2025-03-06,100.98,7.07
4,1,2025-03-06,169.84,30.57
4,2,2025-03-06,67.94,6.11
4,3,2025-03-06,33.97,1.7
4,4,2025-03-06,16.98,1.02
4,5,2025-03-06,50.95,3.57
5,1,2025-03-06,769.76,138.56
5,2,2025-03-06,439.86,39.59
5,3,2025-03-06,219.93,11.0
5,4,2025-03-06,219.93,13.2
5,5,2025-03-06,549.83,38.49
1,1,2025-03-07,365.38,65.77
1,2,2025-03-07,182.69,16.44
1,3,2025-03-07,73.08,3.65
1,4,2025-03-07,36.54,2.19
1,5,2025-03-07,73.08,5.12
2,1,2025-03-07,24.84,4.47
2,2,2025-03-07,9.31,0.84
2,3,2025-03-07,6.21,0.31
2,4,2025-03-07,12.42,0.75
2,5,2025-03-07,9.31,0.65
3,1,2025-03-07,446.28,80.33
3,2,2025-03-07,127.51,11.48
3,3,2025-03-07,446.28,22.31
3,4,2025-03-07,127.51,7.65
3,5,2025-03-07,127.51,8.93
4,1,2025-03-07,154.66,27.84
4,2,2025-03-07,61.86,5.57
4,3,2025-03-07,30.93,1.55
4,4,2025-03-07,15.47,0.93
4,5,2025-03-07,46.4,3.25
5,1,2025-03-07,959.12,172.64
5,2,2025-03-07,548.07,49.33
5,3,2025-03-07,274.04,13.7
5,4,2025-03-07,274.04,16.44
5,5,2025-03-07,685.09,47.96
1,1,2025-03-08,280.94,50.57
1,2,2025-03-08,140.47,12.64
1,3,2025-03-08,56.19,2.81
1,4,2025-03-08,28.09,1.69
1,5,2025-03-08,56.19,3.93
2,1,2025-03-08,11.92,2.15
2,2,2025-03-08,4.47,0.4
2,3,2025-03-08,2.98,0.15
2,4,2025-03-08,5.96,0.36
2,5,2025-03-08,4.47,0.31
3,1,2025-03-08,250.19,45.03
3,2,2025-03-08,71.48,6.43
3,3,2025-03-08,250.19,12.51
3,4,2025-03-08,71.48,4.29
3,5,2025-03-08,71.48,5.0
4,1,2025-03-08,104.8,18.86
4,2,2025-03-08,41.92,3.77
4,3,2025-03-08,20.96,1.05
4,4,2025-03-08,10.48,0.63
4,5,2025-03-08,31.44,2.2
5,1,2025-03-08,582.05,104.77
5,2,2025-03-08,332.6,29.93
5,3,2025-03-08,166.3,8.32
5,4,2025-03-08,166.3,9.98
5,5,2025-03-08,415.75,29.1
1,1,2025-03-10,307.92,55.43
1,2,2025-03-10,153.96,13.86
1,3,2025-03-10,61.58,3.08
1,4,2025-03-10,30.79,1.85
1,5,2025-03-10,61.58,4.31
2,1,2025-03-10,23.66,4.26
2,2,2025-03-10,8.87,0.8
2,3,2025-03-10,5.92,0.3
2,4,2025-03-10,11.83,0.71
2,5,2025-03-10,8.87,0.62
3,1,2025-03-10,401.06,72.19
3,2,2025-03-10,114.59,10.31
3,3,2025-03-10,401.06,20.05
3,4,2025-03-10,114.59,6.88
3,5,2025-03-10,114.59,8.02
4,1,2025-03-10,205.1,36.92
4,2,2025-03-10,82.04,7.38
4,3,2025-03-10,41.02,2.05
4,4,2025-03-10,20.51,1.23
4,5,2025-03-10,61.53,4.31
5,1,2025-03-10,909.19,163.65
5,2,2025-03-10,519.54,46.76
5,3,2025-03-10,259.77,12.99
5,4,2025-03-10,259.77,15.59
5,5,2025-03-10,649.42,45.46
1,1,2025-03-11,385.99,69.48
1,2,2025-03-11,192.99,17.37
1,3,2025-03-11,77.2,3.86
1,4,2025-03-11,38.6,2.32
1,5,2025-03-11,77.2,5.4
2,1,2025-03-11,17.79,3.2
2,2,2025-03-11,6.67,0.6
2,3,2025-03-11,4.45,0.22
2,4,2025-03-11,8.9,0.53
2,5,2025-03-11,6.67,0.47
3,1,2025-03-11,391.82,70.53
3,2,2025-03-11,111.95,10.08
3,3,2025-03-11,391.82,19.59
3,4,2025-03-11,111.95,6.72
3,5,2025-03-11,111.95,7.84
4,1,2025-03-11,167.47,30.14
4,2,2025-03-11,66.99,6.03
4,3,2025-03-11,33.49,1.67
4,4,2025-03-11,16.75,1.0
4,5,2025-03-11,50.24,3.52
5,1,2025-03-11,962.13,173.18
5,2,2025-03-11,549.79,49.48
5,3,2025-03-11,274.89,13.74
5,4,2025-03-11,274.89,16.49
5,5,2025-03-11,687.23,48.11
1,1,2025-03-12,319.61,57.53
1,2,2025-03-12,159.81,14.38
1,3,2025-03-12,63.92,3.2
1,4,2025-03-12,31.96,1.92
1,5,2025-03-12,63.92,4.47
2,1,2025-03-12,23.14,4.17
2,2,2025-03-12,8.68,0.78
2,3,2025-03-12,5.79,0.29
2,4,2025-03-12,11.57,0.69
2,5,2025-03-12,8.68,0.61
3,1,2025-03-12,415.39,74.77
3,2,2025-03-12,118.68,10.68
3,3,2025-03-12,415.39,20.77
3,4,2025-03-12,118.68,7.12
3,5,2025-03-12,118.68,8.31
4,1,2025-03-12,197.41,35.53
4,2,2025-03-12,78.97,7.11
4,3,2025-03-12,39.48,1.97
4,4,2025-03-12,19.74,1.18
4,5,2025-03-12,59.22,4.15
5,1,2025-03-12,876.29,157.73
5,2,2025-03-12,500.74,45.07
5,3,2025-03-12,250.37,12.52
5,4,2025-03-12,250.37,15.02
5,5,2025-03-12,625.92,43.81
1,1,2025-03-13,370.85,66.75
1,2,2025-03-13,185.43,16.69
1,3,2025-03-13,74.17,3.71
1,4,2025-03-13,37.09,2.23
1,5,2025-03-13,74.17,5.19
2,1,2025-03-13,16.32,2.94
2,2,2025-03-13,6.12,0.55
2,3,2025-03-13,4.08,0.2
2,4,2025-03-13,8.16,0.49
2,5,2025-03-13,6.12,0.43
3,1,2025-03-13,384.57,69.22
3,2,2025-03-13,109.88,9.89
3,3,2025-03-13,384.57,19.23
3,4,2025-03-13,109.88,6.59
3,5,2025-03-13,109.88,7.69
4,1,2025-03-13,175.55,31.6
4,2,2025-03-13,70.22,6.32
4,3,2025-03-13,35.11,1.76
4,4,2025-03-13,17.56,1.05
4,5,2025-03-13,52.66,3.69
5,1,2025-03-13,909.46,163.7
5,2,2025-03-13,519.69,46.77
5,3,2025-03-13,259.85,12.99
5,4,2025-03-13,259.85,15.59
5,5,2025-03-13,649.62,45.47
1,1,2025-03-14,335.68,60.42
1,2,2025-03-14,167.84,15.11
1,3,2025-03-14,67.14,3.36
1,4,2025-03-14,33.57,2.01
1,5,2025-03-14,67.14,4.7
2,1,2025-03-14,19.89,3.58
2,2,2025-03-14,7.46,0.67
2,3,2025-03-14,4.97,0.25
2,4,2025-03-14,9.94,0.6
2,5,2025-03-14,7.46,0.52
3,1,2025-03-14,324.31,58.38
3,2,2025-03-14,92.66,8.34
3,3,2025-03-14,324.31,16.22
3,4,2025-03-14,92.66,5.56
3,5,2025-03-14,92.66,6.49
4,1,2025-03-14,136.26,24.53
4,2,2025-03-14,54.51,4.91
4,3,2025-03-14,27.25,1.36
4,4,2025-03-14,13.63,0.82
4,5,2025-03-14,40.88,2.86
5,1,2025-03-14,797.68,143.58
5,2,2025-03-14,455.82,41.02
5,3,2025-03-14,227.91,11.4
5,4,2025-03-14,227.91,13.67
5,5,2025-03-14,569.77,39.88
1,1,2025-03-15,215.57,38.8
1,2,2025-03-15,107.79,9.7
1,3,2025-03-15,43.12,2.16
1,4,2025-03-15,21.56,1.29
1,5,2025-03-15,43.12,3.02
2,1,2025-03-15,11.41,2.05
2,2,2025-03-15,4.28,0.39
2,3,2025-03-15,2.85,0.14
2,4,2025-03-15,5.71,0.34
2,5,2025-03-15,4.28,0.3
3,1,2025-03-15,245.48,44.19
3,2,2025-03-15,70.14,6.31
3,3,2025-03-15,245.48,12.27
3,4,2025-03-15,70.14,4.21
3,5,2025-03-15,70.14,4.91
4,1,2025-03-15,121.07,21.79
4,2,2025-03-15,48.43,4.36
4,3,2025-03-15,24.21,1.21
4,4,2025-03-15,12.11,0.73
4,5,2025-03-15,36.32,2.54
5,1,2025-03-15,545.93,98.27
5,2,2025-03-15,311.96,28.08
5,3,2025-03-15,155.98,7.8
5,4,2025-03-15,155.98,9.36
5,5,2025-03-15,389.95,27.3
1,1,2025-03-17,386.81,69.63
1,2,2025-03-17,193.4,17.41
1,3,2025-03-17,77.36,3.87
1,4,2025-03-17,38.68,2.32
1,5,2025-03-17,77.36,5.42
2,1,2025-03-17,21.46,3.86
2,2,2025-03-17,8.05,0.72
2,3,2025-03-17,5.36,0.27
2,4,2025-03-17,10.73,0.64
2,5,2025-03-17,8.05,0.56
3,1,2025-03-17,414.43,74.6
3,2,2025-03-17,118.41,10.66
3,3,2025-03-17,414.43,20.72
3,4,2025-03-17,118.41,7.1
3,5,2025-03-17,118.41,8.29
4,1,2025-03-17,216.97,39.05
4,2,2025-03-17,86.79,7.81
4,3,2025-03-17,43.39,2.17
4,4,2025-03-17,21.7,1.3
4,5,2025-03-17,65.09,4.56
5,1,2025-03-17,830.08,149.41
5,2,2025-03-17,474.33,42.69
5,3,2025-03-17,237.17,11.86
5,4,2025-03-17,237.17,14.23
5,5,2025-03-17,592.92,41.5
1,1,2025-03-18,377.12,67.88
1,2,2025-03-18,188.56,16.97
1,3,2025-03-18,75.42,3.77
1,4,2025-03-18,37.71,2.26
1,5,2025-03-18,75.42,5.28
2,1,2025-03-18,21.4,3.85
2,2,2025-03-18,8.02,0.72
2,3,2025-03-18,5.35,0.27
2,4,2025-03-18,10.7,0.64
2,5,2025-03-18,8.02,0.56
3,1,2025-03-18,367.34,66.12
3,2,2025-03-18,104.95,9.45
3,3,2025-03-18,367.34,18.37
3,4,2025-03-18,104.95,6.3
3,5,2025-03-18,104.95,7.35
4,1,2025-03-18,230.05,41.41
4,2,2025-03-18,92.02,8.28
4,3,2025-03-18,46.01,2.3
4,4,2025-03-18,23.01,1.38
4,5,2025-03-18,69.02,4.83
5,1,2025-03-18,878.2,158.08
5,2,2025-03-18,501.83,45.16
5,3,2025-03-18,250.91,12.55
5,4,2025-03-18,250.91,15.05
5,5,2025-03-18,627.28,43.91
1,1,2025-03-19,413.25,74.38
1,2,2025-03-19,206.63,18.6
1,3,2025-03-19,82.65,4.13
1,4,2025-03-19,41.33,2.48
1,5,2025-03-19,82.65,5.79
2,1,2025-03-19,15.0,2.7
2,2,2025-03-19,5.62,0.51
2,3,2025-03-19,3.75,0.19
2,4,2025-03-19,7.5,0.45
2,5,2025-03-19,5.62,0.39
3,1,2025-03-19,458.21,82.48
3,2,2025-03-19,130.92,11.78
3,3,2025-03-19,458.21,22.91
3,4,2025-03-19,130.92,7.86
3,5,2025-03-19,130.92,9.16
4,1,2025-03-19,186.01,33.48
4,2,2025-03-19,74.41,6.7
4,3,2025-03-19,37.2,1.86
4,4,2025-03-19,18.6,1.12
4,5,2025-03-19,55.8,3.91
5,1,2025-03-19,1031.9,185.74
5,2,2025-03-19,589.66,53.07
5,3,2025-03-19,294.83,14.74
5,4,2025-03-19,294.83,17.69
5,5,2025-03-19,737.07,51.59
1,1,2025-03-20,416.42,74.96
1,2,2025-03-20,208.21,18.74
1,3,2025-03-20,83.28,4.16
1,4,2025-03-20,41.64,2.5
1,5,2025-03-20,83.28,5.83
2,1,2025-03-20,21.16,3.81
2,2,2025-03-20,7.93,0.71
2,3,2025-03-20,5.29,0.26
2,4,2025-03-20,10.58,0.63
2,5,2025-03-20,7.93,0.56
3,1,2025-03-20,404.27,72.77
3,2,2025-03-20,115.5,10.39
3,3,2025-03-20,404.27,20.21
3,4,2025-03-20,115.5,6.93
3,5,2025-03-20,115.5,8.09
4,1,2025-03-20,199.41,35.89
4,2,2025-03-20,79.76,7.18
4,3,2025-03-20,39.88,1.99
4,4,2025-03-20,19.94,1.2
4,5,2025-03-20,59.82,4.19
5,1,2025-03-20,1105.22,198.94
5,2,2025-03-20,631.55,56.84
5,3,2025-03-20,315.78,15.79
5,4,2025-03-20,315.78,18.95
5,5,2025-03-20,789.44,55.26
1,1,2025-03-21,381.75,68.72
1,2,2025-03-21,190.88,17.18
1,3,2025-03-21,76.35,3.82
1,4,2025-03-21,38.18,2.29
1,5,2025-03-21,76.35,5.34
2,1,2025-03-21,21.17,3.81
2,2,2025-03-21,7.94,0.71
2,3,2025-03-21,5.29,0.26
2,4,2025-03-21,10.58,0.63
2,5,2025-03-21,7.94,0.56
3,1,2025-03-21,365.39,65.77
3,2,2025-03-21,104.4,9.4
3,3,2025-03-21,365.39,18.27
3,4,2025-03-21,104.4,6.26
3,5,2025-03-21,104.4,7.31
4,1,2025-03-21,165.27,29.75
4,2,2025-03-21,66.11,5.95
4,3,2025-03-21,33.05,1.65
4,4,2025-03-21,16.53,0.99
4,5,2025-03-21,49.58,3.47
5,1,2025-03-21,921.03,165.79
5,2,2025-03-21,526.3,47.37
5,3,2025-03-21,263.15,13.16
5,4,2025-03-21,263.15,15.79
5,5,2025-03-21,657.88,46.05
1,1,2025-03-22,243.77,43.88
1,2,2025-03-22,121.89,10.97
1,3,2025-03-22,48.75,2.44
1,4,2025-03-22,24.38,1.46
1,5,2025-03-22,48.75,3.41
2,1,2025-03-22,16.08,2.89
2,2,2025-03-22,6.03,0.54
2,3,2025-03-22,4.02,0.2
2,4,2025-03-22,8.04,0.48
2,5,2025-03-22,6.03,0.42
3,1,2025-03-22,204.54,36.82
3,2,2025-03-22,58.44,5.26
3,3,2025-03-22,204.54,10.23
3,4,2025-03-22,58.44,3.51
3,5,2025-03-22,58.44,4.09
4,1,2025-03-22,126.06,22.69
4,2,2025-03-22,50.42,4.54
4,3,2025-03-22,25.21,1.26
4,4,2025-03-22,12.61,0.76
4,5,2025-03-22,37.82,2.65
5,1,2025-03-22,509.86,91.77
5,2,2025-03-22,291.35,26.22
5,3,2025-03-22,145.67,7.28
5,4,2025-03-22,145.67,8.74
5,5,2025-03-22,364.19,25.49
1,1,2025-03-24,348.39,62.71
1,2,2025-03-24,174.2,15.68
1,3,2025-03-24,69.68,3.48
1,4,2025-03-24,34.84,2.09
1,5,2025-03-24,69.68,4.88
2,1,2025-03-24,16.7,3.01
2,2,2025-03-24,6.26,0.56
2,3,2025-03-24,4.17,0.21
2,4,2025-03-24,8.35,0.5
2,5,2025-03-24,6.26,0.44
3,1,2025-03-24,462.34,83.22
3,2,2025-03-24,132.1,11.89
3,3,2025-03-24,462.34,23.12
3,4,2025-03-24,132.1,7.93
3,5,2025-03-24,132.1,9.25
4,1,2025-03-24,190.38,34.27
4,2,2025-03-24,76.15,6.85
4,3,2025-03-24,38.08,1.9
4,4,2025-03-24,19.04,1.14
4,5,2025-03-24,57.12,4.0
5,1,2025-03-24,1108.74,199.57
5,2,2025-03-24,633.56,57.02
5,3,2025-03-24,316.78,15.84
5,4,2025-03-24,316.78,19.01
5,5,2025-03-24,791.96,55.44
1,1,2025-03-25,379.79,68.36
1,2,2025-03-25,189.89,17.09
1,3,2025-03-25,75.96,3.8
1,4,2025-03-25,37.98,2.28
1,5,2025-03-25,75.96,5.32
2,1,2025-03-25,17.41,3.13
2,2,2025-03-25,6.53,0.59
2,3,2025-03-25,4.35,0.22
2,4,2025-03-25,8.7,0.52
2,5,2025-03-25,6.53,0.46
3,1,2025-03-25,343.91,61.9
3,2,2025-03-25,98.26,8.84
3,3,2025-03-25,343.91,17.2
3,4,2025-03-25,98.26,5.9
3,5,2025-03-25,98.26,6.88
4,1,2025-03-25,190.25,34.24
4,2,2025-03-25,76.1,6.85
4,3,2025-03-25,38.05,1.9
4,4,2025-03-25,19.02,1.14
4,5,2025-03-25,57.07,3.99
5,1,2025-03-25,837.11,150.68
5,2,2025-03-25,478.35,43.05
5,3,2025-03-25,239.18,11.96
5,4,2025-03-25,239.18,14.35
5,5,2025-03-25,597.94,41.86
1,1,2025-03-26,412.42,74.24
1,2,2025-03-26,206.21,18.56
1,3,2025-03-26,82.48,4.12
1,4,2025-03-26,41.24,2.47
1,5,2025-03-26,82.48,5.77
2,1,2025-03-26,23.87,4.3
2,2,2025-03-26,8.95,0.81
2,3,2025-03-26,5.97,0.3
2,4,2025-03-26,11.93,0.72
2,5,2025-03-26,8.95,0.63
3,1,2025-03-26,443.14,79.77
3,2,2025-03-26,126.61,11.39
3,3,2025-03-26,443.14,22.16
3,4,2025-03-26,126.61,7.6
3,5,2025-03-26,126.61,8.86
4,1,2025-03-26,233.47,42.02
4,2,2025-03-26,93.39,8.41
4,3,2025-03-26,46.69,2.33
4,4,2025-03-26,23.35,1.4
4,5,2025-03-26,70.04,4.9
5,1,2025-03-26,891.59,160.49
5,2,2025-03-26,509.48,45.85
5,3,2025-03-26,254.74,12.74
5,4,2025-03-26,254.74,15.28
5,5,2025-03-26,636.85,44.58
1,1,2025-03-27,389.36,70.08
1,2,2025-03-27,194.68,17.52
1,3,2025-03-27,77.87,3.89
1,4,2025-03-27,38.94,2.34
1,5,2025-03-27,77.87,5.45
2,1,2025-03-27,19.98,3.6
2,2,2025-03-27,7.49,0.67
2,3,2025-03-27,4.99,0.25
2,4,2025-03-27,9.99,0.6
2,5,2025-03-27,7.49,0.52
3,1,2025-03-27,376.89,67.84
3,2,2025-03-27,107.68,9.69
3,3,2025-03-27,376.89,18.84
3,4,2025-03-27,107.68,6.46
3,5,2025-03-27,107.68,7.54
4,1,2025-03-27,152.59,27.47
4,2,2025-03-27,61.04,5.49
4,3,2025-03-27,30.52,1.53
4,4,2025-03-27,15.26,0.92
4,5,2025-03-27,45.78,3.2
5,1,2025-03-27,866.99,156.06
5,2,2025-03-27,495.42,44.59
5,3,2025-03-27,247.71,12.39
5,4,2025-03-27,247.71,14.86
5,5,2025-03-27,619.28,43.35
1,1,2025-03-28,403.55,72.64
1,2,2025-03-28,201.77,18.16
1,3,2025-03-28,80.71,4.04
1,4,2025-03-28,40.35,2.42
1,5,2025-03-28,80.71,5.65
2,1,2025-03-28,23.54,4.24
2,2,2025-03-28,8.83,0.79
2,3,2025-03-28,5.89,0.29
2,4,2025-03-28,11.77,0.71
2,5,2025-03-28,8.83,0.62
3,1,2025-03-28,365.21,65.74
3,2,2025-03-28,104.35,9.39
3,3,2025-03-28,365.21,18.26
3,4,2025-03-28,104.35,6.26
3,5,2025-03-28,104.35,7.3
4,1,2025-03-28,201.38,36.25
4,2,2025-03-28,80.55,7.25
4,3,2025-03-28,40.28,2.01
4,4,2025-03-28,20.14,1.21
4,5,2025-03-28,60.41,4.23
5,1,2025-03-28,1057.49,190.35
5,2,2025-03-28,604.28,54.39
5,3,2025-03-28,302.14,15.11
5,4,2025-03-28,302.14,18.13
5,5,2025-03-28,755.35,52.87
1,1,2025-03-29,172.26,31.01
1,2,2025-03-29,86.13,7.75
1,3,2025-03-29,34.45,1.72
1,4,2025-03-29,17.23,1.03
1,5,2025-03-29,34.45,2.41
2,1,2025-03-29,14.31,2.58
2,2,2025-03-29,5.37,0.48
2,3,2025-03-29,3.58,0.18
2,4,2025-03-29,7.16,0.43
2,5,2025-03-29,5.37,0.38
3,1,2025-03-29,222.33,40.02
3,2,2025-03-29,63.52,5.72
3,3,2025-03-29,222.33,11.12
3,4,2025-03-29,63.52,3.81
3,5,2025-03-29,63.52,4.45
4,1,2025-03-29,103.64,18.66
4,2,2025-03-29,41.45,3.73
4,3,2025-03-29,20.73,1.04
4,4,2025-03-29,10.36,0.62
4,5,2025-03-29,31.09,2.18
5,1,2025-03-29,493.83,88.89
5,2,2025-03-29,282.19,25.4
5,3,2025-03-29,141.09,7.05
5,4,2025-03-29,141.09,8.47
5,5,2025-03-29,352.74,24.69
1,1,2025-03-31,454.99,81.9
1,2,2025-03-31,227.49,20.47
1,3,2025-03-31,91.0,4.55
1,4,2025-03-31,45.5,2.73
1,5,2025-03-31,91.0,6.37
2,1,2025-03-31,17.56,3.16
2,2,2025-03-31,6.59,0.59
2,3,2025-03-31,4.39,0.22
2,4,2025-03-31,8.78,0.53
2,5,2025-03-31,6.59,0.46
3,1,2025-03-31,380.06,68.41
3,2,2025-03-31,108.59,9.77
3,3,2025-03-31,380.06,19.0
3,4,2025-03-31,108.59,6.52
3,5,2025-03-31,108.59,7.6
4,1,2025-03-31,210.35,37.86
4,2,2025-03-31,84.14,7.57
4,3,2025-03-31,42.07,2.1
4,4,2025-03-31,21.04,1.26
4,5,2025-03-31,63.11,4.42
5,1,2025-03-31,995.56,179.2
5,2,2025-03-31,568.89,51.2
5,3,2025-03-31,284.45,14.22
5,4,2025-03-31,284.45,17.07
5,5,2025-03-31,711.12,49.78
1,1,2025-04-01,310.32,55.86
1,2,2025-04-01,155.16,13.96
1,3,2025-04-01,62.06,3.1
1,4,2025-04-01,31.03,1.86
1,5,2025-04-01,62.06,4.34
2,1,2025-04-01,17.25,3.1
2,2,2025-04-01,6.47,0.58
2,3,2025-04-01,4.31,0.22
2,4,2025-04-01,8.63,0.52
2,5,2025-04-01,6.47,0.45
3,1,2025-04-01,385.62,69.41
3,2,2025-04-01,110.18,9.92
3,3,2025-04-01,385.62,19.28
3,4,2025-04-01,110.18,6.61
3,5,2025-04-01,110.18,7.71
4,1,2025-04-01,195.24,35.14
4,2,2025-04-01,78.09,7.03
4,3,2025-04-01,39.05,1.95
4,4,2025-04-01,19.52,1.17
4,5,2025-04-01,58.57,4.1
5,1,2025-04-01,929.7,167.35
5,2,2025-04-01,531.26,47.81
5,3,2025-04-01,265.63,13.28
5,4,2025-04-01,265.63,15.94
5,5,2025-04-01,664.07,46.48
1,1,2025-04-02,419.44,75.5
1,2,2025-04-02,209.72,18.87
1,3,2025-04-02,83.89,4.19
1,4,2025-04-02,41.94,2.52
1,5,2025-04-02,83.89,5.87
2,1,2025-04-02,19.42,3.5
2,2,2025-04-02,7.28,0.66
2,3,2025-04-02,4.86,0.24
2,4,2025-04-02,9.71,0.58
2,5,2025-04-02,7.28,0.51
3,1,2025-04-02,330.34,59.46
3,2,2025-04-02,94.38,8.49
3,3,2025-04-02,330.34,16.52
3,4,2025-04-02,94.38,5.66
3,5,2025-04-02,94.38,6.61
4,1,2025-04-02,208.9,37.6
4,2,2025-04-02,83.56,7.52
4,3,2025-04-02,41.78,2.09
4,4,2025-04-02,20.89,1.25
4,5,2025-04-02,62.67,4.39
5,1,2025-04-02,705.26,126.95
5,2,2025-04-02,403.01,36.27
5,3,2025-04-02,201.5,10.08
5,4,2025-04-02,201.5,12.09
5,5,2025-04-02,503.76,35.26
1,1,2025-04-03,349.98,63.0
1,2,2025-04-03,174.99,15.75
1,3,2025-04-03,70.0,3.5
1,4,2025-04-03,35.0,2.1
1,5,2025-04-03,70.0,4.9
2,1,2025-04-03,27.96,5.03
2,2,2025-04-03,10.49,0.94
2,3,2025-04-03,6.99,0.35
2,4,2025-04-03,13.98,0.84
2,5,2025-04-03,10.49,0.73
3,1,2025-04-03,464.85,83.67
3,2,2025-04-03,132.81,11.95
3,3,2025-04-03,464.85,23.24
3,4,2025-04-03,132.81,7.97
3,5,2025-04-03,132.81,9.3
4,1,2025-04-03,218.94,39.41
4,2,2025-04-03,87.57,7.88
4,3,2025-04-03,43.79,2.19
4,4,2025-04-03,21.89,1.31
4,5,2025-04-03,65.68,4.6
5,1,2025-04-03,1112.24,200.2
5,2,2025-04-03,635.57,57.2
5,3,2025-04-03,317.78,15.89
5,4,2025-04-03,317.78,19.07
5,5,2025-04-03,794.46,55.61
1,1,2025-04-04,341.21,61.42
1,2,2025-04-04,170.61,15.35
1,3,2025-04-04,68.24,3.41
1,4,2025-04-04,34.12,2.05
1,5,2025-04-04,68.24,4.78
2,1,2025-04-04,27.35,4.92
2,2,2025-04-04,10.26,0.92
2,3,2025-04-04,6.84,0.34
2,4,2025-04-04,13.68,0.82
2,5,2025-04-04,10.26,0.72
3,1,2025-04-04,437.93,78.83
3,2,2025-04-04,125.12,11.26
3,3,2025-04-04,437.93,21.9
3,4,2025-04-04,125.12,7.51
3,5,2025-04-04,125.12,8.76
4,1,2025-04-04,184.21,33.16
4,2,2025-04-04,73.68,6.63
4,3,2025-04-04,36.84,1.84
4,4,2025-04-04,18.42,1.11
4,5,2025-04-04,55.26,3.87
5,1,2025-04-04,965.41,173.77
5,2,2025-04-04,551.66,49.65
5,3,2025-04-04,275.83,13.79
5,4,2025-04-04,275.83,16.55
5,5,2025-04-04,689.58,48.27
1,1,2025-04-05,205.38,36.97
1,2,2025-04-05,102.69,9.24
1,3,2025-04-05,41.08,2.05
1,4,2025-04-05,20.54,1.23
1,5,2025-04-05,41.08,2.88
2,1,2025-04-05,12.27,2.21
2,2,2025-04-05,4.6,0.41
2,3,2025-04-05,3.07,0.15
2,4,2025-04-05,6.13,0.37
2,5,2025-04-05,4.6,0.32
3,1,2025-04-05,268.79,48.38
3,2,2025-04-05,76.8,6.91
3,3,2025-04-05,268.79,13.44
3,4,2025-04-05,76.8,4.61
3,5,2025-04-05,76.8,5.38
4,1,2025-04-05,93.63,16.85
4,2,2025-04-05,37.45,3.37
4,3,2025-04-05,18.73,0.94
4,4,2025-04-05,9.36,0.56
4,5,2025-04-05,28.09,1.97
5,1,2025-04-05,475.04,85.51
5,2,2025-04-05,271.45,24.43
5,3,2025-04-05,135.73,6.79
5,4,2025-04-05,135.73,8.14
5,5,2025-04-05,339.31,23.75
1,1,2025-04-07,334.31,60.18
1,2,2025-04-07,167.16,15.04
1,3,2025-04-07,66.86,3.34
1,4,2025-04-07,33.43,2.01
1,5,2025-04-07,66.86,4.68
2,1,2025-04-07,24.93,4.49
2,2,2025-04-07,9.35,0.84
2,3,2025-04-07,6.23,0.31
2,4,2025-04-07,12.47,0.75
2,5,2025-04-07,9.35,0.65
3,1,2025-04-07,383.89,69.1
3,2,2025-04-07,109.68,9.87
3,3,2025-04-07,383.89,19.19
3,4,2025-04-07,109.68,6.58
3,5,2025-04-07,109.68,7.68
4,1,2025-04-07,200.03,36.01
4,2,2025-04-07,80.01,7.2
4,3,2025-04-07,40.01,2.0
4,4,2025-04-07,20.0,1.2
4,5,2025-04-07,60.01,4.2
5,1,2025-04-07,953.74,171.67
5,2,2025-04-07,544.99,49.05
5,3,2025-04-07,272.5,13.62
5,4,2025-04-07,272.5,16.35
5,5,2025-04-07,681.24,47.69
1,1,2025-04-08,400.02,72.0
1,2,2025-04-08,200.01,18.0
1,3,2025-04-08,80.0,4.0
1,4,2025-04-08,40.0,2.4
1,5,2025-04-08,80.0,5.6
2,1,2025-04-08,21.2,3.82
2,2,2025-04-08,7.95,0.72
2,3,2025-04-08,5.3,0.27
2,4,2025-04-08,10.6,0.64
2,5,2025-04-08,7.95,0.56
3,1,2025-04-08,378.32,68.1
3,2,2025-04-08,108.09,9.73
3,3,2025-04-08,378.32,18.92
3,4,2025-04-08,108.09,6.49
3,5,2025-04-08,108.09,7.57
4,1,2025-04-08,201.51,36.27
4,2,2025-04-08,80.6,7.25
4,3,2025-04-08,40.3,2.02
4,4,2025-04-08,20.15,1.21
4,5,2025-04-08,60.45,4.23
5,1,2025-04-08,913.17,164.37
5,2,2025-04-08,521.81,46.96
5,3,2025-04-08,260.91,13.05
5,4,2025-04-08,260.91,15.65
5,5,2025-04-08,652.27,45.66
1,1,2025-04-09,303.38,54.61
1,2,2025-04-09,151.69,13.65
1,3,2025-04-09,60.68,3.03
1,4,2025-04-09,30.34,1.82
1,5,2025-04-09,60.68,4.25
2,1,2025-04-09,12.97,2.33
2,2,2025-04-09,4.86,0.44
2,3,2025-04-09,3.24,0.16
2,4,2025-04-09,6.48,0.39
2,5,2025-04-09,4.86,0.34
3,1,2025-04-09,356.07,64.09
3,2,2025-04-09,101.73,9.16
3,3,2025-04-09,356.07,17.8
3,4,2025-04-09,101.73,6.1
3,5,2025-04-09,101.73,7.12
4,1,2025-04-09,211.98,38.16
4,2,2025-04-09,84.79,7.63
4,3,2025-04-09,42.4,2.12
4,4,2025-04-09,21.2,1.27
4,5,2025-04-09,63.59,4.45
5,1,2025-04-09,898.3,161.69
5,2,2025-04-09,513.31,46.2
5,3,2025-04-09,256.66,12.83
5,4,2025-04-09,256.66,15.4
5,5,2025-04-09,641.64,44.91
1,1,2025-04-10,394.05,70.93
1,2,2025-04-10,197.02,17.73
1,3,2025-04-10,78.81,3.94
1,4,2025-04-10,39.4,2.36
1,5,2025-04-10,78.81,5.52
2,1,2025-04-10,23.4,4.21
2,2,2025-04-10,8.78,0.79
2,3,2025-04-10,5.85,0.29
2,4,2025-04-10,11.7,0.7
2,5,2025-04-10,8.78,0.61
3,1,2025-04-10,400.03,72.01
3,2,2025-04-10,114.3,10.29
3,3,2025-04-10,400.03,20.0
3,4,2025-04-10,114.3,6.86
3,5,2025-04-10,114.3,8.0
4,1,2025-04-10,239.05,43.03
4,2,2025-04-10,95.62,8.61
4,3,2025-04-10,47.81,2.39
4,4,2025-04-10,23.91,1.43
4,5,2025-04-10,71.72,5.02
5,1,2025-04-10,910.67,163.92
5,2,2025-04-10,520.38,46.83
5,3,2025-04-10,260.19,13.01
5,4,2025-04-10,260.19,15.61
5,5,2025-04-10,650.48,45.53
1,1,2025-04-11,303.19,54.57
1,2,2025-04-11,151.59,13.64
1,3,2025-04-11,60.64,3.03
1,4,2025-04-11,30.32,1.82
1,5,2025-04-11,60.64,4.24
2,1,2025-04-11,22.87,4.12
2,2,2025-04-11,8.58,0.77
2,3,2025-04-11,5.72,0.29
2,4,2025-04-11,11.43,0.69
2,5,2025-04-11,8.58,0.6
3,1,2025-04-11,321.86,57.93
3,2,2025-04-11,91.96,8.28
3,3,2025-04-11,321.86,16.09
3,4,2025-04-11,91.96,5.52
3,5,2025-04-11,91.96,6.44
4,1,2025-04-11,171.41,30.85
4,2,2025-04-11,68.56,6.17
4,3,2025-04-11,34.28,1.71
4,4,2025-04-11,17.14,1.03
4,5,2025-04-11,51.42,3.6
5,1,2025-04-11,1098.7,197.77
5,2,2025-04-11,627.83,56.5
5,3,2025-04-11,313.91,15.7
5,4,2025-04-11,313.91,18.83
5,5,2025-04-11,784.78,54.93
1,1,2025-04-12,193.68,34.86
1,2,2025-04-12,96.84,8.72
1,3,2025-04-12,38.74,1.94
1,4,2025-04-12,19.37,1.16
1,5,2025-04-12,38.74,2.71
2,1,2025-04-12,14.98,2.7
2,2,2025-04-12,5.62,0.51
2,3,2025-04-12,3.74,0.19
2,4,2025-04-12,7.49,0.45
2,5,2025-04-12,5.62,0.39
3,1,2025-04-12,264.69,47.64
3,2,2025-04-12,75.63,6.81
3,3,2025-04-12,264.69,13.23
3,4,2025-04-12,75.63,4.54
3,5,2025-04-12,75.63,5.29
4,1,2025-04-12,122.67,22.08
4,2,2025-04-12,49.07,4.42
4,3,2025-04-12,24.53,1.23
4,4,2025-04-12,12.27,0.74
4,5,2025-04-12,36.8,2.58
5,1,2025-04-12,670.08,120.61
5,2,2025-04-12,382.9,34.46
5,3,2025-04-12,191.45,9.57
5,4,2025-04-12,191.45,11.49
5,5,2025-04-12,478.63,33.5
1,1,2025-04-14,396.54,71.38
1,2,2025-04-14,198.27,17.84
1,3,2025-04-14,79.31,3.97
1,4,2025-04-14,39.65,2.38
1,5,2025-04-14,79.31,5.55
2,1,2025-04-14,16.11,2.9
2,2,2025-04-14,6.04,0.54
2,3,2025-04-14,4.03,0.2
2,4,2025-04-14,8.05,0.48
2,5,2025-04-14,6.04,0.42
3,1,2025-04-14,419.13,75.44
3,2,2025-04-14,119.75,10.78
3,3,2025-04-14,419.13,20.96
3,4,2025-04-14,119.75,7.18
3,5,2025-04-14,119.75,8.38
4,1,2025-04-14,255.19,45.93
4,2,2025-04-14,102.08,9.19
4,3,2025-04-14,51.04,2.55
4,4,2025-04-14,25.52,1.53
4,5,2025-04-14,76.56,5.36
5,1,2025-04-14,1000.54,180.1
5,2,2025-04-14,571.74,51.46
5,3,2025-04-14,285.87,14.29
5,4,2025-04-14,285.87,17.15
5,5,2025-04-14,714.67,50.03
1,1,2025-04-15,401.68,72.3
1,2,2025-04-15,200.84,18.08
1,3,2025-04-15,80.34,4.02
1,4,2025-04-15,40.17,2.41
1,5,2025-04-15,80.34,5.62
2,1,2025-04-15,31.39,5.65
2,2,2025-04-15,11.77,1.06
2,3,2025-04-15,7.85,0.39
2,4,2025-04-15,15.7,0.94
2,5,2025-04-15,11.77,0.82
3,1,2025-04-15,371.25,66.83
3,2,2025-04-15,106.07,9.55
3,3,2025-04-15,371.25,18.56
3,4,2025-04-15,106.07,6.36
3,5,2025-04-15,106.07,7.42
4,1,2025-04-15,181.82,32.73
4,2,2025-04-15,72.73,6.55
4,3,2025-04-15,36.36,1.82
4,4,2025-04-15,18.18,1.09
4,5,2025-04-15,54.55,3.82
5,1,2025-04-15,856.15,154.11
5,2,2025-04-15,489.23,44.03
5,3,2025-04-15,244.62,12.23
5,4,2025-04-15,244.62,14.68
5,5,2025-04-15,611.54,42.81
1,1,2025-04-16,405.49,72.99
1,2,2025-04-16,202.75,18.25
1,3,2025-04-16,81.1,4.05
1,4,2025-04-16,40.55,2.43
1,5,2025-04-16,81.1,5.68
2,1,2025-04-16,27.54,4.96
2,2,2025-04-16,10.33,0.93
2,3,2025-04-16,6.88,0.34
2,4,2025-04-16,13.77,0.83
2,5,2025-04-16,10.33,0.72
3,1,2025-04-16,399.67,71.94
3,2,2025-04-16,114.19,10.28
3,3,2025-04-16,399.67,19.98
3,4,2025-04-16,114.19,6.85
3,5,2025-04-16,114.19,7.99
4,1,2025-04-16,223.29,40.19
4,2,2025-04-16,89.32,8.04
4,3,2025-04-16,44.66,2.23
4,4,2025-04-16,22.33,1.34
4,5,2025-04-16,66.99,4.69
5,1,2025-04-16,844.35,151.98
5,2,2025-04-16,482.49,43.42
5,3,2025-04-16,241.24,12.06
5,4,2025-04-16,241.24,14.47
5,5,2025-04-16,603.11,42.22
1,1,2025-04-17,362.52,65.25
1,2,2025-04-17,181.26,16.31
1,3,2025-04-17,72.5,3.62
1,4,2025-04-17,36.25,2.17
1,5,2025-04-17,72.5,5.08
2,1,2025-04-17,24.97,4.49
2,2,2025-04-17,9.36,0.84
2,3,2025-04-17,6.24,0.31
2,4,2025-04-17,12.48,0.75
2,5,2025-04-17,9.36,0.66
3,1,2025-04-17,497.5,89.55
3,2,2025-04-17,142.14,12.79
3,3,2025-04-17,497.5,24.88
3,4,2025-04-17,142.14,8.53
3,5,2025-04-17,142.14,9.95
4,1,2025-04-17,160.41,28.87
4,2,2025-04-17,64.16,5.77
4,3,2025-04-17,32.08,1.6
4,4,2025-04-17,16.04,0.96
4,5,2025-04-17,48.12,3.37
5,1,2025-04-17,900.09,162.02
5,2,2025-04-17,514.34,46.29
5,3,2025-04-17,257.17,12.86
5,4,2025-04-17,257.17,15.43
5,5,2025-04-17,642.92,45.0
1,1,2025-04-18,303.42,54.62
1,2,2025-04-18,151.71,13.65
1,3,2025-04-18,60.68,3.03
1,4,2025-04-18,30.34,1.82
1,5,2025-04-18,60.68,4.25
2,1,2025-04-18,25.05,4.51
2,2,2025-04-18,9.39,0.85
2,3,2025-04-18,6.26,0.31
2,4,2025-04-18,12.53,0.75
2,5,2025-04-18,9.39,0.66
3,1,2025-04-18,303.5,54.63
3,2,2025-04-18,86.71,7.8
3,3,2025-04-18,303.5,15.18
3,4,2025-04-18,86.71,5.2
3,5,2025-04-18,86.71,6.07
4,1,2025-04-18,199.83,35.97
4,2,2025-04-18,79.93,7.19
4,3,2025-04-18,39.97,2.0
4,4,2025-04-18,19.98,1.2
4,5,2025-04-18,59.95,4.2
5,1,2025-04-18,801.73,144.31
5,2,2025-04-18,458.13,41.23
5,3,2025-04-18,229.07,11.45
5,4,2025-04-18,229.07,13.74
5,5,2025-04-18,572.66,40.09
1,1,2025-04-19,178.12,32.06
1,2,2025-04-19,89.06,8.02
1,3,2025-04-19,35.62,1.78
1,4,2025-04-19,17.81,1.07
1,5,2025-04-19,35.62,2.49
2,1,2025-04-19,14.95,2.69
2,2,2025-04-19,5.61,0.5
2,3,2025-04-19,3.74,0.19
2,4,2025-04-19,7.47,0.45
2,5,2025-04-19,5.61,0.39
3,1,2025-04-19,207.44,37.34
3,2,2025-04-19,59.27,5.33
3,3,2025-04-19,207.44,10.37
3,4,2025-04-19,59.27,3.56
3,5,2025-04-19,59.27,4.15
4,1,2025-04-19,121.25,21.82
4,2,2025-04-19,48.5,4.37
4,3,2025-04-19,24.25,1.21
4,4,2025-04-19,12.12,0.73
4,5,2025-04-19,36.38,2.55
5,1,2025-04-19,497.6,89.57
5,2,2025-04-19,284.34,25.59
5,3,2025-04-19,142.17,7.11
5,4,2025-04-19,142.17,8.53
5,5,2025-04-19,355.43,24.88
1,1,2025-04-21,348.35,62.7
1,2,2025-04-21,174.18,15.68
1,3,2025-04-21,69.67,3.48
1,4,2025-04-21,34.84,2.09
1,5,2025-04-21,69.67,4.88
2,1,2025-04-21,20.57,3.7
2,2,2025-04-21,7.71,0.69
2,3,2025-04-21,5.14,0.26
2,4,2025-04-21,10.28,0.62
2,5,2025-04-21,7.71,0.54
3,1,2025-04-21,382.31,68.82
3,2,2025-04-21,109.23,9.83
3,3,2025-04-21,382.31,19.12
3,4,2025-04-21,109.23,6.55
3,5,2025-04-21,109.23,7.65
4,1,2025-04-21,232.77,41.9
4,2,2025-04-21,93.11,8.38
4,3,2025-04-21,46.55,2.33
4,4,2025-04-21,23.28,1.4
4,5,2025-04-21,69.83,4.89
5,1,2025-04-21,927.56,166.96
5,2,2025-04-21,530.03,47.7
5,3,2025-04-21,265.02,13.25
5,4,2025-04-21,265.02,15.9
5,5,2025-04-21,662.54,46.38
1,1,2025-04-22,323.38,58.21
1,2,2025-04-22,161.69,14.55
1,3,2025-04-22,64.68,3.23
1,4,2025-04-22,32.34,1.94
1,5,2025-04-22,64.68,4.53
2,1,2025-04-22,28.4,5.11
2,2,2025-04-22,10.65,0.96
2,3,2025-04-22,7.1,0.35
2,4,2025-04-22,14.2,0.85
2,5,2025-04-22,10.65,0.75
3,1,2025-04-22,442.56,79.66
3,2,2025-04-22,126.45,11.38
3,3,2025-04-22,442.56,22.13
3,4,2025-04-22,126.45,7.59
3,5,2025-04-22,126.45,8.85
4,1,2025-04-22,150.38,27.07
4,2,2025-04-22,60.15,5.41
4,3,2025-04-22,30.08,1.5
4,4,2025-04-22,15.04,0.9
4,5,2025-04-22,45.11,3.16
5,1,2025-04-22,1002.43,180.44
5,2,2025-04-22,572.82,51.55
5,3,2025-04-22,286.41,14.32
5,4,2025-04-22,286.41,17.18
5,5,2025-04-22,716.02,50.12
1,1,2025-04-23,372.3,67.01
1,2,2025-04-23,186.15,16.75
1,3,2025-04-23,74.46,3.72
1,4,2025-04-23,37.23,2.23
1,5,2025-04-23,74.46,5.21
2,1,2025-04-23,25.55,4.6
2,2,2025-04-23,9.58,0.86
2,3,2025-04-23,6.39,0.32
2,4,2025-04-23,12.78,0.77
2,5,2025-04-23,9.58,0.67
3,1,2025-04-23,383.57,69.04
3,2,2025-04-23,109.59,9.86
3,3,2025-04-23,383.57,19.18
3,4,2025-04-23,109.59,6.58
3,5,2025-04-23,109.59,7.67
4,1,2025-04-23,236.85,42.63
4,2,2025-04-23,94.74,8.53
4,3,2025-04-23,47.37,2.37
4,4,2025-04-23,23.69,1.42
4,5,2025-04-23,71.06,4.97
5,1,2025-04-23,936.55,168.58
5,2,2025-04-23,535.17,48.17
5,3,2025-04-23,267.58,13.38
5,4,2025-04-23,267.58,16.05
5,5,2025-04-23,668.96,46.83
1,1,2025-04-24,441.56,79.48
1,2,2025-04-24,220.78,19.87
1,3,2025-04-24,88.31,4.42
1,4,2025-04-24,44.16,2.65
1,5,2025-04-24,88.31,6.18
2,1,2025-04-24,25.39,4.57
2,2,2025-04-24,9.52,0.86
2,3,2025-04-24,6.35,0.32
2,4,2025-04-24,12.7,0.76
2,5,2025-04-24,9.52,0.67
3,1,2025-04-24,431.9,77.74
3,2,2025-04-24,123.4,11.11
3,3,2025-04-24,431.9,21.59
3,4,2025-04-24,123.4,7.4
3,5,2025-04-24,123.4,8.64
4,1,2025-04-24,173.5,31.23
4,2,2025-04-24,69.4,6.25
4,3,2025-04-24,34.7,1.74
4,4,2025-04-24,17.35,1.04
4,5,2025-04-24,52.05,3.64
5,1,2025-04-24,1050.76,189.14
5,2,2025-04-24,600.44,54.04
5,3,2025-04-24,300.22,15.01
5,4,2025-04-24,300.22,18.01
5,5,2025-04-24,750.54,52.54
1,1,2025-04-25,388.44,69.92
1,2,2025-04-25,194.22,17.48
1,3,2025-04-25,77.69,3.88
1,4,2025-04-25,38.84,2.33
1,5,2025-04-25,77.69,5.44
2,1,2025-04-25,16.17,2.91
2,2,2025-04-25,6.06,0.55
2,3,2025-04-25,4.04,0.2
2,4,2025-04-25,8.09,0.49
2,5,2025-04-25,6.06,0.42
3,1,2025-04-25,468.84,84.39
3,2,2025-04-25,133.96,12.06
3,3,2025-04-25,468.84,23.44
3,4,2025-04-25,133.96,8.04
3,5,2025-04-25,133.96,9.38
4,1,2025-04-25,202.3,36.41
4,2,2025-04-25,80.92,7.28
4,3,2025-04-25,40.46,2.02
4,4,2025-04-25,20.23,1.21
4,5,2025-04-25,60.69,4.25
5,1,2025-04-25,998.71,179.77
5,2,2025-04-25,570.69,51.36
5,3,2025-04-25,285.35,14.27
5,4,2025-04-25,285.35,17.12
5,5,2025-04-25,713.37,49.94
1,1,2025-04-26,258.95,46.61
1,2,2025-04-26,129.48,11.65
1,3,2025-04-26,51.79,2.59
1,4,2025-04-26,25.9,1.55
1,5,2025-04-26,51.79,3.63
2,1,2025-04-26,13.94,2.51
2,2,2025-04-26,5.23,0.47
2,3,2025-04-26,3.49,0.17
2,4,2025-04-26,6.97,0.42
2,5,2025-04-26,5.23,0.37
3,1,2025-04-26,180.84,32.55
3,2,2025-04-26,51.67,4.65
3,3,2025-04-26,180.84,9.04
3,4,2025-04-26,51.67,3.1
3,5,2025-04-26,51.67,3.62
4,1,2025-04-26,123.89,22.3
4,2,2025-04-26,49.56,4.46
4,3,2025-04-26,24.78,1.24
4,4,2025-04-26,12.39,0.74
4,5,2025-04-26,37.17,2.6
5,1,2025-04-26,530.22,95.44
5,2,2025-04-26,302.98,27.27
5,3,2025-04-26,151.49,7.57
5,4,2025-04-26,151.49,9.09
5,5,2025-04-26,378.73,26.51
1,1,2025-04-28,425.13,76.52
1,2,2025-04-28,212.57,19.13
1,3,2025-04-28,85.03,4.25
1,4,2025-04-28,42.51,2.55
1,5,2025-04-28,85.03,5.95
2,1,2025-04-28,20.73,3.73
2,2,2025-04-28,7.77,0.7
2,3,2025-04-28,5.18,0.26
2,4,2025-04-28,10.37,0.62
2,5,2025-04-28,7.77,0.54
3,1,2025-04-28,464.38,83.59
3,2,2025-04-28,132.68,11.94
3,3,2025-04-28,464.38,23.22
3,4,2025-04-28,132.68,7.96
3,5,2025-04-28,132.68,9.29
4,1,2025-04-28,179.34,32.28
4,2,2025-04-28,71.74,6.46
4,3,2025-04-28,35.87,1.79
4,4,2025-04-28,17.93,1.08
4,5,2025-04-28,53.8,3.77
5,1,2025-04-28,970.34,174.66
5,2,2025-04-28,554.48,49.9
5,3,2025-04-28,277.24,13.86
5,4,2025-04-28,277.24,16.63
5,5,2025-04-28,693.1,48.52
1,1,2025-04-29,389.48,70.11
1,2,2025-04-29,194.74,17.53
1,3,2025-04-29,77.9,3.9
1,4,2025-04-29,38.95,2.34
1,5,2025-04-29,77.9,5.45
2,1,2025-04-29,27.14,4.89
2,2,2025-04-29,10.18,0.92
2,3,2025-04-29,6.78,0.34
2,4,2025-04-29,13.57,0.81
2,5,2025-04-29,10.18,0.71
3,1,2025-04-29,384.71,69.25
3,2,2025-04-29,109.92,9.89
3,3,2025-04-29,384.71,19.24
3,4,2025-04-29,109.92,6.6
3,5,2025-04-29,109.92,7.69
4,1,2025-04-29,170.19,30.63
4,2,2025-04-29,68.07,6.13
4,3,2025-04-29,34.04,1.7
4,4,2025-04-29,17.02,1.02
4,5,2025-04-29,51.06,3.57
5,1,2025-04-29,914.39,164.59
5,2,2025-04-29,522.51,47.03
5,3,2025-04-29,261.25,13.06
5,4,2025-04-29,261.25,15.67
5,5,2025-04-29,653.13,45.72
1,1,2025-04-30,348.45,62.72
1,2,2025-04-30,174.23,15.68
1,3,2025-04-30,69.69,3.48
1,4,2025-04-30,34.85,2.09
1,5,2025-04-30,69.69,4.88
2,1,2025-04-30,15.1,2.72
2,2,2025-04-30,5.66,0.51
2,3,2025-04-30,3.77,0.19
2,4,2025-04-30,7.55,0.45
2,5,2025-04-30,5.66,0.4
3,1,2025-04-30,387.87,69.82
3,2,2025-04-30,110.82,9.97
3,3,2025-04-30,387.87,19.39
3,4,2025-04-30,110.82,6.65
3,5,2025-04-30,110.82,7.76
4,1,2025-04-30,181.48,32.67
4,2,2025-04-30,72.59,6.53
4,3,2025-04-30,36.3,1.81
4,4,2025-04-30,18.15,1.09
4,5,2025-04-30,54.44,3.81
5,1,2025-04-30,935.98,168.48
5,2,2025-04-30,534.85,48.14
5,3,2025-04-30,267.42,13.37
5,4,2025-04-30,267.42,16.05
5,5,2025-04-30,668.56,46.8
1,1,2025-05-01,374.43,67.4
1,2,2025-05-01,187.22,16.85
1,3,2025-05-01,74.89,3.74
1,4,2025-05-01,37.44,2.25
1,5,2025-05-01,74.89,5.24
2,1,2025-05-01,12.48,2.25
2,2,2025-05-01,4.68,0.42
2,3,2025-05-01,3.12,0.16
2,4,2025-05-01,6.24,0.37
2,5,2025-05-01,4.68,0.33
3,1,2025-05-01,336.24,60.52
3,2,2025-05-01,96.07,8.65
3,3,2025-05-01,336.24,16.81
3,4,2025-05-01,96.07,5.76
3,5,2025-05-01,96.07,6.72
4,1,2025-05-01,186.39,33.55
4,2,2025-05-01,74.56,6.71
4,3,2025-05-01,37.28,1.86
4,4,2025-05-01,18.64,1.12
4,5,2025-05-01,55.92,3.91
5,1,2025-05-01,950.31,171.06
5,2,2025-05-01,543.03,48.87
5,3,2025-05-01,271.52,13.58
5,4,2025-05-01,271.52,16.29
5,5,2025-05-01,678.79,47.52
1,1,2025-05-02,327.6,58.97
1,2,2025-05-02,163.8,14.74
1,3,2025-05-02,65.52,3.28
1,4,2025-05-02,32.76,1.97
1,5,2025-05-02,65.52,4.59
2,1,2025-05-02,25.22,4.54
2,2,2025-05-02,9.46,0.85
2,3,2025-05-02,6.3,0.32
2,4,2025-05-02,12.61,0.76
2,5,2025-05-02,9.46,0.66
3,1,2025-05-02,351.06,63.19
3,2,2025-05-02,100.3,9.03
3,3,2025-05-02,351.06,17.55
3,4,2025-05-02,100.3,6.02
3,5,2025-05-02,100.3,7.02
4,1,2025-05-02,153.81,27.69
4,2,2025-05-02,61.52,5.54
4,3,2025-05-02,30.76,1.54
4,4,2025-05-02,15.38,0.92
4,5,2025-05-02,46.14,3.23
5,1,2025-05-02,1016.9,183.04
5,2,2025-05-02,581.09,52.3
5,3,2025-05-02,290.54,14.53
5,4,2025-05-02,290.54,17.43
5,5,2025-05-02,726.36,50.85
1,1,2025-05-03,216.57,38.98
1,2,2025-05-03,108.28,9.75
1,3,2025-05-03,43.31,2.17
1,4,2025-05-03,21.66,1.3
1,5,2025-05-03,43.31,3.03
2,1,2025-05-03,12.04,2.17
2,2,2025-05-03,4.51,0.41
2,3,2025-05-03,3.01,0.15
2,4,2025-05-03,6.02,0.36
2,5,2025-05-03,4.51,0.32
3,1,2025-05-03,236.48,42.57
3,2,2025-05-03,67.57,6.08
3,3,2025-05-03,236.48,11.82
3,4,2025-05-03,67.57,4.05
3,5,2025-05-03,67.57,4.73
4,1,2025-05-03,117.29,21.11
4,2,2025-05-03,46.92,4.22
4,3,2025-05-03,23.46,1.17
4,4,2025-05-03,11.73,0.7
4,5,2025-05-03,35.19,2.46
5,1,2025-05-03,547.29,98.51
5,2,2025-05-03,312.74,28.15
5,3,2025-05-03,156.37,7.82
5,4,2025-05-03,156.37,9.38
5,5,2025-05-03,390.92,27.36
1,1,2025-05-05,374.26,67.37
1,2,2025-05-05,187.13,16.84
1,3,2025-05-05,74.85,3.74
1,4,2025-05-05,37.43,2.25
1,5,2025-05-05,74.85,5.24
2,1,2025-05-05,23.43,4.22
2,2,2025-05-05,8.79,0.79
2,3,2025-05-05,5.86,0.29
2,4,2025-05-05,11.72,0.7
2,5,2025-05-05,8.79,0.62
3,1,2025-05-05,484.4,87.19
3,2,2025-05-05,138.4,12.46
3,3,2025-05-05,484.4,24.22
3,4,2025-05-05,138.4,8.3
3,5,2025-05-05,138.4,9.69
4,1,2025-05-05,202.03,36.37
4,2,2025-05-05,80.81,7.27
4,3,2025-05-05,40.41,2.02
4,4,2025-05-05,20.2,1.21
4,5,2025-05-05,60.61,4.24
5,1,2025-05-05,862.11,155.18
5,2,2025-05-05,492.63,44.34
5,3,2025-05-05,246.32,12.32
5,4,2025-05-05,246.32,14.78
5,5,2025-05-05,615.79,43.11
1,1,2025-05-06,375.77,67.64
1,2,2025-05-06,187.88,16.91
1,3,2025-05-06,75.15,3.76
1,4,2025-05-06,37.58,2.25
1,5,2025-05-06,75.15,5.26
2,1,2025-05-06,16.09,2.9
2,2,2025-05-06,6.03,0.54
2,3,2025-05-06,4.02,0.2
2,4,2025-05-06,8.04,0.48
2,5,2025-05-06,6.03,0.42
3,1,2025-05-06,457.83,82.41
3,2,2025-05-06,130.81,11.77
3,3,2025-05-06,457.83,22.89
3,4,2025-05-06,130.81,7.85
3,5,2025-05-06,130.81,9.16
4,1,2025-05-06,196.15,35.31
4,2,2025-05-06,78.46,7.06
4,3,2025-05-06,39.23,1.96
4,4,2025-05-06,19.61,1.18
4,5,2025-05-06,58.84,4.12
5,1,2025-05-06,763.71,137.47
5,2,2025-05-06,436.4,39.28
5,3,2025-05-06,218.2,10.91
5,4,2025-05-06,218.2,13.09
5,5,2025-05-06,545.5,38.19
1,1,2025-05-07,442.08,79.57
1,2,2025-05-07,221.04,19.89
1,3,2025-05-07,88.42,4.42
1,4,2025-05-07,44.21,2.65
1,5,2025-05-07,88.42,6.19
2,1,2025-05-07,22.77,4.1
2,2,2025-05-07,8.54,0.77
2,3,2025-05-07,5.69,0.28
2,4,2025-05-07,11.39,0.68
2,5,2025-05-07,8.54,0.6
3,1,2025-05-07,369.84,66.57
3,2,2025-05-07,105.67,9.51
3,3,2025-05-07,369.84,18.49
3,4,2025-05-07,105.67,6.34
3,5,2025-05-07,105.67,7.4
4,1,2025-05-07,171.84,30.93
4,2,2025-05-07,68.74,6.19
4,3,2025-05-07,34.37,1.72
4,4,2025-05-07,17.18,1.03
4,5,2025-05-07,51.55,3.61
5,1,2025-05-07,1099.28,197.87
5,2,2025-05-07,628.16,56.53
5,3,2025-05-07,314.08,15.7
5,4,2025-05-07,314.08,18.84
5,5,2025-05-07,785.2,54.96
1,1,2025-05-08,382.26,68.81
1,2,2025-05-08,191.13,17.2
1,3,2025-05-08,76.45,3.82
1,4,2025-05-08,38.23,2.29
1,5,2025-05-08,76.45,5.35
2,1,2025-05-08,25.44,4.58
2,2,2025-05-08,9.54,0.86
2,3,2025-05-08,6.36,0.32
2,4,2025-05-08,12.72,0.76
2,5,2025-05-08,9.54,0.67
3,1,2025-05-08,381.58,68.68
3,2,2025-05-08,109.02,9.81
3,3,2025-05-08,381.58,19.08
3,4,2025-05-08,109.02,6.54
3,5,2025-05-08,109.02,7.63
4,1,2025-05-08,201.13,36.2
4,2,2025-05-08,80.45,7.24
4,3,2025-05-08,40.23,2.01
4,4,2025-05-08,20.11,1.21
4,5,2025-05-08,60.34,4.22
5,1,2025-05-08,906.44,163.16
5,2,2025-05-08,517.97,46.62
5,3,2025-05-08,258.98,12.95
5,4,2025-05-08,258.98,15.54
5,5,2025-05-08,647.46,45.32
1,1,2025-05-09,440.24,79.24
1,2,2025-05-09,220.12,19.81
1,3,2025-05-09,88.05,4.4
1,4,2025-05-09,44.02,2.64
1,5,2025-05-09,88.05,6.16
2,1,2025-05-09,23.33,4.2
2,2,2025-05-09,8.75,0.79
2,3,2025-05-09,5.83,0.29
2,4,2025-05-09,11.67,0.7
2,5,2025-05-09,8.75,0.61
3,1,2025-05-09,395.01,71.1
3,2,2025-05-09,112.86,10.16
3,3,2025-05-09,395.01,19.75
3,4,2025-05-09,112.86,6.77
3,5,2025-05-09,112.86,7.9
4,1,2025-05-09,181.93,32.75
4,2,2025-05-09,72.77,6.55
4,3,2025-05-09,36.39,1.82
4,4,2025-05-09,18.19,1.09
4,5,2025-05-09,54.58,3.82
5,1,2025-05-09,1042.77,187.7
5,2,2025-05-09,595.87,53.63
5,3,2025-05-09,297.93,14.9
5,4,2025-05-09,297.93,17.88
5,5,2025-05-09,744.83,52.14
1,1,2025-05-10,183.02,32.94
1,2,2025-05-10,91.51,8.24
1,3,2025-05-10,36.6,1.83
1,4,2025-05-10,18.3,1.1
1,5,2025-05-10,36.6,2.56
2,1,2025-05-10,14.78,2.66
2,2,2025-05-10,5.54,0.5
2,3,2025-05-10,3.69,0.18
2,4,2025-05-10,7.39,0.44
2,5,2025-05-10,5.54,0.39
3,1,2025-05-10,203.43,36.62
3,2,2025-05-10,58.12,5.23
3,3,2025-05-10,203.43,10.17
3,4,2025-05-10,58.12,3.49
3,5,2025-05-10,58.12,4.07
4,1,2025-05-10,118.77,21.38
4,2,2025-05-10,47.51,4.28
4,3,2025-05-10,23.75,1.19
4,4,2025-05-10,11.88,0.71
4,5,2025-05-10,35.63,2.49
5,1,2025-05-10,531.45,95.66
5,2,2025-05-10,303.69,27.33
5,3,2025-05-10,151.84,7.59
5,4,2025-05-10,151.84,9.11
5,5,2025-05-10,379.61,26.57
1,1,2025-05-12,403.88,72.7
1,2,2025-05-12,201.94,18.17
1,3,2025-05-12,80.78,4.04
1,4,2025-05-12,40.39,2.42
1,5,2025-05-12,80.78,5.65
2,1,2025-05-12,25.27,4.55
2,2,2025-05-12,9.48,0.85
2,3,2025-05-12,6.32,0.32
2,4,2025-05-12,12.63,0.76
2,5,2025-05-12,9.48,0.66
3,1,2025-05-12,364.36,65.58
3,2,2025-05-12,104.1,9.37
3,3,2025-05-12,364.36,18.22
3,4,2025-05-12,104.1,6.25
3,5,2025-05-12,104.1,7.29
4,1,2025-05-12,165.63,29.81
4,2,2025-05-12,66.25,5.96
4,3,2025-05-12,33.13,1.66
4,4,2025-05-12,16.56,0.99
4,5,2025-05-12,49.69,3.48
5,1,2025-05-12,940.0,169.2
5,2,2025-05-12,537.14,48.34
5,3,2025-05-12,268.57,13.43
5,4,2025-05-12,268.57,16.11
5,5,2025-05-12,671.43,47.0
1,1,2025-05-13,396.38,71.35
1,2,2025-05-13,198.19,17.84
1,3,2025-05-13,79.28,3.96
1,4,2025-05-13,39.64,2.38
1,5,2025-05-13,79.28,5.55
2,1,2025-05-13,25.82,4.65
2,2,2025-05-13,9.68,0.87
2,3,2025-05-13,6.46,0.32
2,4,2025-05-13,12.91,0.77
2,5,2025-05-13,9.68,0.68
3,1,2025-05-13,380.92,68.57
3,2,2025-05-13,108.83,9.79
3,3,2025-05-13,380.92,19.05
3,4,2025-05-13,108.83,6.53
3,5,2025-05-13,108.83,7.62
4,1,2025-05-13,157.21,28.3
4,2,2025-05-13,62.88,5.66
4,3,2025-05-13,31.44,1.57
4,4,2025-05-13,15.72,0.94
4,5,2025-05-13,47.16,3.3
5,1,2025-05-13,945.7,170.23
5,2,2025-05-13,540.4,48.64
5,3,2025-05-13,270.2,13.51
5,4,2025-05-13,270.2,16.21
5,5,2025-05-13,675.5,47.29
1,1,2025-05-14,349.09,62.84
1,2,2025-05-14,174.54,15.71
1,3,2025-05-14,69.82,3.49
1,4,2025-05-14,34.91,2.09
1,5,2025-05-14,69.82,4.89
2,1,2025-05-14,20.35,3.66
2,2,2025-05-14,7.63,0.69
2,3,2025-05-14,5.09,0.25
2,4,2025-05-14,10.17,0.61
2,5,2025-05-14,7.63,0.53
3,1,2025-05-14,475.17,85.53
3,2,2025-05-14,135.76,12.22
3,3,2025-05-14,475.17,23.76
3,4,2025-05-14,135.76,8.15
3,5,2025-05-14,135.76,9.5
4,1,2025-05-14,173.83,31.29
4,2,2025-05-14,69.53,6.26
4,3,2025-05-14,34.77,1.74
4,4,2025-05-14,17.38,1.04
4,5,2025-05-14,52.15,3.65
5,1,2025-05-14,861.72,155.11
5,2,2025-05-14,492.41,44.32
5,3,2025-05-14,246.21,12.31
5,4,2025-05-14,246.21,14.77
5,5,2025-05-14,615.51,43.09
1,1,2025-05-15,371.1,66.8
1,2,2025-05-15,185.55,16.7
1,3,2025-05-15,74.22,3.71
1,4,2025-05-15,37.11,2.23
1,5,2025-05-15,74.22,5.2
2,1,2025-05-15,24.41,4.39
2,2,2025-05-15,9.15,0.82
2,3,2025-05-15,6.1,0.3
2,4,2025-05-15,12.21,0.73
2,5,2025-05-15,9.15,0.64
3,1,2025-05-15,437.13,78.68
3,2,2025-05-15,124.89,11.24
3,3,2025-05-15,437.13,21.86
3,4,2025-05-15,124.89,7.49
3,5,2025-05-15,124.89,8.74
4,1,2025-05-15,194.54,35.02
4,2,2025-05-15,77.82,7.0
4,3,2025-05-15,38.91,1.95
4,4,2025-05-15,19.45,1.17
4,5,2025-05-15,58.36,4.09
5,1,2025-05-15,988.86,177.99
5,2,2025-05-15,565.06,50.86
5,3,2025-05-15,282.53,14.13
5,4,2025-05-15,282.53,16.95
5,5,2025-05-15,706.33,49.44
1,1,2025-05-16,304.77,54.86
1,2,2025-05-16,152.39,13.72
1,3,2025-05-16,60.95,3.05
1,4,2025-05-16,30.48,1.83
1,5,2025-05-16,60.95,4.27
2,1,2025-05-16,14.58,2.62
2,2,2025-05-16,5.47,0.49
2,3,2025-05-16,3.64,0.18
2,4,2025-05-16,7.29,0.44
2,5,2025-05-16,5.47,0.38
3,1,2025-05-16,355.35,63.96
3,2,2025-05-16,101.53,9.14
3,3,2025-05-16,355.35,17.77
3,4,2025-05-16,101.53,6.09
3,5,2025-05-16,101.53,7.11
4,1,2025-05-16,168.72,30.37
4,2,2025-05-16,67.49,6.07
4,3,2025-05-16,33.74,1.69
4,4,2025-05-16,16.87,1.01
4,5,2025-05-16,50.62,3.54
5,1,2025-05-16,773.41,139.21
5,2,2025-05-16,441.95,39.78
5,3,2025-05-16,220.97,11.05
5,4,2025-05-16,220.97,13.26
5,5,2025-05-16,552.43,38.67
1,1,2025-05-17,242.04,43.57
1,2,2025-05-17,121.02,10.89
1,3,2025-05-17,48.41,2.42
1,4,2025-05-17,24.2,1.45
1,5,2025-05-17,48.41,3.39
2,1,2025-05-17,12.76,2.3
2,2,2025-05-17,4.78,0.43
2,3,2025-05-17,3.19,0.16
2,4,2025-05-17,6.38,0.38
2,5,2025-05-17,4.78,0.33
3,1,2025-05-17,261.15,47.01
3,2,2025-05-17,74.61,6.71
3,3,2025-05-17,261.15,13.06
3,4,2025-05-17,74.61,4.48
3,5,2025-05-17,74.61,5.22
4,1,2025-05-17,146.71,26.41
4,2,2025-05-17,58.68,5.28
4,3,2025-05-17,29.34,1.47
4,4,2025-05-17,14.67,0.88
4,5,2025-05-17,44.01,3.08
5,1,2025-05-17,578.8,104.18
5,2,2025-05-17,330.74,29.77
5,3,2025-05-17,165.37,8.27
5,4,2025-05-17,165.37,9.92
5,5,2025-05-17,413.43,28.94
1,1,2025-05-19,386.3,69.53
1,2,2025-05-19,193.15,17.38
1,3,2025-05-19,77.26,3.86
1,4,2025-05-19,38.63,2.32
1,5,2025-05-19,77.26,5.41
2,1,2025-05-19,22.31,4.02
2,2,2025-05-19,8.37,0.75
2,3,2025-05-19,5.58,0.28
2,4,2025-05-19,11.15,0.67
2,5,2025-05-19,8.37,0.59
3,1,2025-05-19,392.2,70.6
3,2,2025-05-19,112.06,10.09
3,3,2025-05-19,392.2,19.61
3,4,2025-05-19,112.06,6.72
3,5,2025-05-19,112.06,7.84
4,1,2025-05-19,169.91,30.58
4,2,2025-05-19,67.97,6.12
4,3,2025-05-19,33.98,1.7
4,4,2025-05-19,16.99,1.02
4,5,2025-05-19,50.97,3.57
5,1,2025-05-19,957.81,172.41
5,2,2025-05-19,547.32,49.26
5,3,2025-05-19,273.66,13.68
5,4,2025-05-19,273.66,16.42
5,5,2025-05-19,684.15,47.89
1,1,2025-05-20,447.19,80.49
1,2,2025-05-20,223.59,20.12
1,3,2025-05-20,89.44,4.47
1,4,2025-05-20,44.72,2.68
1,5,2025-05-20,89.44,6.26
2,1,2025-05-20,15.67,2.82
2,2,2025-05-20,5.88,0.53
2,3,2025-05-20,3.92,0.2
2,4,2025-05-20,7.83,0.47
2,5,2025-05-20,5.88,0.41
3,1,2025-05-20,393.56,70.84
3,2,2025-05-20,112.45,10.12
3,3,2025-05-20,393.56,19.68
3,4,2025-05-20,112.45,6.75
3,5,2025-05-20,112.45,7.87
4,1,2025-05-20,148.55,26.74
4,2,2025-05-20,59.42,5.35
4,3,2025-05-20,29.71,1.49
4,4,2025-05-20,14.86,0.89
4,5,2025-05-20,44.57,3.12
5,1,2025-05-20,938.52,168.93
5,2,2025-05-20,536.3,48.27
5,3,2025-05-20,268.15,13.41
5,4,2025-05-20,268.15,16.09
5,5,2025-05-20,670.38,46.93
1,1,2025-05-21,332.43,59.84
1,2,2025-05-21,166.22,14.96
1,3,2025-05-21,66.49,3.32
1,4,2025-05-21,33.24,1.99
1,5,2025-05-21,66.49,4.65
2,1,2025-05-21,19.62,3.53
2,2,2025-05-21,7.36,0.66
2,3,2025-05-21,4.91,0.25
2,4,2025-05-21,9.81,0.59
2,5,2025-05-21,7.36,0.52
3,1,2025-05-21,351.14,63.21
3,2,2025-05-21,100.33,9.03
3,3,2025-05-21,351.14,17.56
3,4,2025-05-21,100.33,6.02
3,5,2025-05-21,100.33,7.02
4,1,2025-05-21,164.75,29.65
4,2,2025-05-21,65.9,5.93
4,3,2025-05-21,32.95,1.65
4,4,2025-05-21,16.47,0.99
4,5,2025-05-21,49.42,3.46
5,1,2025-05-21,1007.42,181.34
5,2,2025-05-21,575.67,51.81
5,3,2025-05-21,287.83,14.39
5,4,2025-05-21,287.83,17.27
5,5,2025-05-21,719.59,50.37
1,1,2025-05-22,390.82,70.35
1,2,2025-05-22,195.41,17.59
1,3,2025-05-22,78.16,3.91
1,4,2025-05-22,39.08,2.34
1,5,2025-05-22,78.16,5.47
2,1,2025-05-22,21.74,3.91
2,2,2025-05-22,8.15,0.73
2,3,2025-05-22,5.44,0.27
2,4,2025-05-22,10.87,0.65
2,5,2025-05-22,8.15,0.57
3,1,2025-05-22,374.16,67.35
3,2,2025-05-22,106.9,9.62
3,3,2025-05-22,374.16,18.71
3,4,2025-05-22,106.9,6.41
3,5,2025-05-22,106.9,7.48
4,1,2025-05-22,162.5,29.25
4,2,2025-05-22,65.0,5.85
4,3,2025-05-22,32.5,1.62
4,4,2025-05-22,16.25,0.97
4,5,2025-05-22,48.75,3.41
5,1,2025-05-22,685.45,123.38
5,2,2025-05-22,391.68,35.25
5,3,2025-05-22,195.84,9.79
5,4,2025-05-22,195.84,11.75
5,5,2025-05-22,489.61,34.27
1,1,2025-05-23,357.12,64.28
1,2,2025-05-23,178.56,16.07
1,3,2025-05-23,71.42,3.57
1,4,2025-05-23,35.71,2.14
1,5,2025-05-23,71.42,5.0
2,1,2025-05-23,23.85,4.29
2,2,2025-05-23,8.94,0.8
2,3,2025-05-23,5.96,0.3
2,4,2025-05-23,11.92,0.72
2,5,2025-05-23,8.94,0.63
3,1,2025-05-23,361.39,65.05
3,2,2025-05-23,103.25,9.29
3,3,2025-05-23,361.39,18.07
3,4,2025-05-23,103.25,6.19
3,5,2025-05-23,103.25,7.23
4,1,2025-05-23,137.13,24.68
4,2,2025-05-23,54.85,4.94
4,3,2025-05-23,27.43,1.37
4,4,2025-05-23,13.71,0.82
4,5,2025-05-23,41.14,2.88
5,1,2025-05-23,706.2,127.12
5,2,2025-05-23,403.54,36.32
5,3,2025-05-23,201.77,10.09
5,4,2025-05-23,201.77,12.11
5,5,2025-05-23,504.43,35.31
1,1,2025-05-24,244.16,43.95
1,2,2025-05-24,122.08,10.99
1,3,2025-05-24,48.83,2.44
1,4,2025-05-24,24.42,1.47
1,5,2025-05-24,48.83,3.42
2,1,2025-05-24,13.12,2.36
2,2,2025-05-24,4.92,0.44
2,3,2025-05-24,3.28,0.16
2,4,2025-05-24,6.56,0.39
2,5,2025-05-24,4.92,0.34
3,1,2025-05-24,187.04,33.67
3,2,2025-05-24,53.44,4.81
3,3,2025-05-24,187.04,9.35
3,4,2025-05-24,53.44,3.21
3,5,2025-05-24,53.44,3.74
4,1,2025-05-24,93.15,16.77
4,2,2025-05-24,37.26,3.35
4,3,2025-05-24,18.63,0.93
4,4,2025-05-24,9.32,0.56
4,5,2025-05-24,27.95,1.96
5,1,2025-05-24,525.28,94.55
5,2,2025-05-24,300.16,27.01
5,3,2025-05-24,150.08,7.5
5,4,2025-05-24,150.08,9.0
5,5,2025-05-24,375.2,26.26
1,1,2025-05-26,327.64,58.98
1,2,2025-05-26,163.82,14.74
1,3,2025-05-26,65.53,3.28
1,4,2025-05-26,32.76,1.97
1,5,2025-05-26,65.53,4.59
2,1,2025-05-26,17.24,3.1
2,2,2025-05-26,6.46,0.58
2,3,2025-05-26,4.31,0.22
2,4,2025-05-26,8.62,0.52
2,5,2025-05-26,6.46,0.45
3,1,2025-05-26,416.45,74.96
3,2,2025-05-26,118.99,10.71
3,3,2025-05-26,416.45,20.82
3,4,2025-05-26,118.99,7.14
3,5,2025-05-26,118.99,8.33
4,1,2025-05-26,155.55,28.0
4,2,2025-05-26,62.22,5.6
4,3,2025-05-26,31.11,1.56
4,4,2025-05-26,15.56,0.93
4,5,2025-05-26,46.66,3.27
5,1,2025-05-26,794.01,142.92
5,2,2025-05-26,453.72,40.83
5,3,2025-05-26,226.86,11.34
5,4,2025-05-26,226.86,13.61
5,5,2025-05-26,567.15,39.7
1,1,2025-05-27,400.23,72.04
1,2,2025-05-27,200.11,18.01
1,3,2025-05-27,80.05,4.0
1,4,2025-05-27,40.02,2.4
1,5,2025-05-27,80.05,5.6
2,1,2025-05-27,17.36,3.12
2,2,2025-05-27,6.51,0.59
2,3,2025-05-27,4.34,0.22
2,4,2025-05-27,8.68,0.52
2,5,2025-05-27,6.51,0.46
3,1,2025-05-27,482.97,86.93
3,2,2025-05-27,137.99,12.42
3,3,2025-05-27,482.97,24.15
3,4,2025-05-27,137.99,8.28
3,5,2025-05-27,137.99,9.66
4,1,2025-05-27,166.94,30.05
4,2,2025-05-27,66.77,6.01
4,3,2025-05-27,33.39,1.67
4,4,2025-05-27,16.69,1.0
4,5,2025-05-27,50.08,3.51
5,1,2025-05-27,776.2,139.72
5,2,2025-05-27,443.54,39.92
5,3,2025-05-27,221.77,11.09
5,4,2025-05-27,221.77,13.31
5,5,2025-05-27,554.43,38.81
1,1,2025-05-28,346.99,62.46
1,2,2025-05-28,173.49,15.61
1,3,2025-05-28,69.4,3.47
1,4,2025-05-28,34.7,2.08
1,5,2025-05-28,69.4,4.86
2,1,2025-05-28,15.4,2.77
2,2,2025-05-28,5.77,0.52
2,3,2025-05-28,3.85,0.19
2,4,2025-05-28,7.7,0.46
2,5,2025-05-28,5.77,0.4
3,1,2025-05-28,433.28,77.99
3,2,2025-05-28,123.79,11.14
3,3,2025-05-28,433.28,21.66
3,4,2025-05-28,123.79,7.43
3,5,2025-05-28,123.79,8.67
4,1,2025-05-28,237.62,42.77
4,2,2025-05-28,95.05,8.55
4,3,2025-05-28,47.52,2.38
4,4,2025-05-28,23.76,1.43
4,5,2025-05-28,71.28,4.99
5,1,2025-05-28,878.94,158.21
5,2,2025-05-28,502.25,45.2
5,3,2025-05-28,251.13,12.56
5,4,2025-05-28,251.13,15.07
5,5,2025-05-28,627.82,43.95
1,1,2025-05-29,379.37,68.29
1,2,2025-05-29,189.69,17.07
1,3,2025-05-29,75.87,3.79
1,4,2025-05-29,37.94,2.28
1,5,2025-05-29,75.87,5.31
2,1,2025-05-29,23.54,4.24
2,2,2025-05-29,8.83,0.79
2,3,2025-05-29,5.89,0.29
2,4,2025-05-29,11.77,0.71
2,5,2025-05-29,8.83,0.62
3,1,2025-05-29,456.74,82.21
3,2,2025-05-29,130.5,11.74
3,3,2025-05-29,456.74,22.84
3,4,2025-05-29,130.5,7.83
3,5,2025-05-29,130.5,9.14
4,1,2025-05-29,169.98,30.6
4,2,2025-05-29,67.99,6.12
4,3,2025-05-29,34.0,1.7
4,4,2025-05-29,17.0,1.02
4,5,2025-05-29,50.99,3.57
5,1,2025-05-29,899.56,161.92
5,2,2025-05-29,514.03,46.26
5,3,2025-05-29,257.02,12.85
5,4,2025-05-29,257.02,15.42
5,5,2025-05-29,642.54,44.98
1,1,2025-05-30,432.38,77.83
1,2,2025-05-30,216.19,19.46
1,3,2025-05-30,86.48,4.32
1,4,2025-05-30,43.24,2.59
1,5,2025-05-30,86.48,6.05
2,1,2025-05-30,30.88,5.56
2,2,2025-05-30,11.58,1.04
2,3,2025-05-30,7.72,0.39
2,4,2025-05-30,15.44,0.93
2,5,2025-05-30,11.58,0.81
3,1,2025-05-30,406.66,73.2
3,2,2025-05-30,116.19,10.46
3,3,2025-05-30,406.66,20.33
3,4,2025-05-30,116.19,6.97
3,5,2025-05-30,116.19,8.13
4,1,2025-05-30,182.13,32.78
4,2,2025-05-30,72.85,6.56
4,3,2025-05-30,36.43,1.82
4,4,2025-05-30,18.21,1.09
4,5,2025-05-30,54.64,3.82
5,1,2025-05-30,977.64,175.98
5,2,2025-05-30,558.65,50.28
5,3,2025-05-30,279.33,13.97
5,4,2025-05-30,279.33,16.76
5,5,2025-05-30,698.32,48.88
1,1,2025-05-31,237.38,42.73
1,2,2025-05-31,118.69,10.68
1,3,2025-05-31,47.48,2.37
1,4,2025-05-31,23.74,1.42
1,5,2025-05-31,47.48,3.32
2,1,2025-05-31,14.6,2.63
2,2,2025-05-31,5.48,0.49
2,3,2025-05-31,3.65,0.18
2,4,2025-05-31,7.3,0.44
2,5,2025-05-31,5.48,0.38
3,1,2025-05-31,215.15,38.73
3,2,2025-05-31,61.47,5.53
3,3,2025-05-31,215.15,10.76
3,4,2025-05-31,61.47,3.69
3,5,2025-05-31,61.47,4.3
4,1,2025-05-31,119.53,21.52
4,2,2025-05-31,47.81,4.3
4,3,2025-05-31,23.91,1.2
4,4,2025-05-31,11.95,0.72
4,5,2025-05-31,35.86,2.51
5,1,2025-05-31,517.7,93.19
5,2,2025-05-31,295.83,26.62
5,3,2025-05-31,147.91,7.4
5,4,2025-05-31,147.91,8.87
5,5,2025-05-31,369.79,25.89
1,1,2025-06-02,364.9,65.68
1,2,2025-06-02,182.45,16.42
1,3,2025-06-02,72.98,3.65
1,4,2025-06-02,36.49,2.19
1,5,2025-06-02,72.98,5.11
2,1,2025-06-02,22.01,3.96
2,2,2025-06-02,8.25,0.74
2,3,2025-06-02,5.5,0.28
2,4,2025-06-02,11.0,0.66
2,5,2025-06-02,8.25,0.58
3,1,2025-06-02,453.87,81.7
3,2,2025-06-02,129.68,11.67
3,3,2025-06-02,453.87,22.69
3,4,2025-06-02,129.68,7.78
3,5,2025-06-02,129.68,9.08
4,1,2025-06-02,210.73,37.93
4,2,2025-06-02,84.29,7.59
4,3,2025-06-02,42.15,2.11
4,4,2025-06-02,21.07,1.26
4,5,2025-06-02,63.22,4.43
5,1,2025-06-02,831.83,149.73
5,2,2025-06-02,475.33,42.78
5,3,2025-06-02,237.67,11.88
5,4,2025-06-02,237.67,14.26
5,5,2025-06-02,594.17,41.59
1,1,2025-06-03,388.5,69.93
1,2,2025-06-03,194.25,17.48
1,3,2025-06-03,77.7,3.89
1,4,2025-06-03,38.85,2.33
1,5,2025-06-03,77.7,5.44
2,1,2025-06-03,26.96,4.85
2,2,2025-06-03,10.11,0.91
2,3,2025-06-03,6.74,0.34
2,4,2025-06-03,13.48,0.81
2,5,2025-06-03,10.11,0.71
3,1,2025-06-03,380.34,68.46
3,2,2025-06-03,108.67,9.78
3,3,2025-06-03,380.34,19.02
3,4,2025-06-03,108.67,6.52
3,5,2025-06-03,108.67,7.61
4,1,2025-06-03,201.77,36.32
4,2,2025-06-03,80.71,7.26
4,3,2025-06-03,40.35,2.02
4,4,2025-06-03,20.18,1.21
4,5,2025-06-03,60.53,4.24
5,1,2025-06-03,817.12,147.08
5,2,2025-06-03,466.92,42.02
5,3,2025-06-03,233.46,11.67
5,4,2025-06-03,233.46,14.01
5,5,2025-06-03,583.65,40.86
1,1,2025-06-04,386.42,69.56
1,2,2025-06-04,193.21,17.39
1,3,2025-06-04,77.28,3.86
1,4,2025-06-04,38.64,2.32
1,5,2025-06-04,77.28,5.41
2,1,2025-06-04,16.31,2.94
2,2,2025-06-04,6.12,0.55
2,3,2025-06-04,4.08,0.2
2,4,2025-06-04,8.16,0.49
2,5,2025-06-04,6.12,0.43
3,1,2025-06-04,468.07,84.25
3,2,2025-06-04,133.73,12.04
3,3,2025-06-04,468.07,23.4
3,4,2025-06-04,133.73,8.02
3,5,2025-06-04,133.73,9.36
4,1,2025-06-04,174.57,31.42
4,2,2025-06-04,69.83,6.28
4,3,2025-06-04,34.91,1.75
4,4,2025-06-04,17.46,1.05
4,5,2025-06-04,52.37,3.67
5,1,2025-06-04,1054.6,189.83
5,2,2025-06-04,602.63,54.24
5,3,2025-06-04,301.31,15.07
5,4,2025-06-04,301.31,18.08
5,5,2025-06-04,753.28,52.73
1,1,2025-06-05,392.94,70.73
1,2,2025-06-05,196.47,17.68
1,3,2025-06-05,78.59,3.93
1,4,2025-06-05,39.29,2.36
1,5,2025-06-05,78.59,5.5
2,1,2025-06-05,19.76,3.56
2,2,2025-06-05,7.41,0.67
2,3,2025-06-05,4.94,0.25
2,4,2025-06-05,9.88,0.59
2,5,2025-06-05,7.41,0.52
3,1,2025-06-05,487.11,87.68
3,2,2025-06-05,139.18,12.53
3,3,2025-06-05,487.11,24.36
3,4,2025-06-05,139.18,8.35
3,5,2025-06-05,139.18,9.74
4,1,2025-06-05,173.09,31.16
4,2,2025-06-05,69.24,6.23
4,3,2025-06-05,34.62,1.73
4,4,2025-06-05,17.31,1.04
4,5,2025-06-05,51.93,3.64
5,1,2025-06-05,776.81,139.83
5,2,2025-06-05,443.89,39.95
5,3,2025-06-05,221.95,11.1
5,4,2025-06-05,221.95,13.32
5,5,2025-06-05,554.87,38.84
1,1,2025-06-06,316.18,56.91
1,2,2025-06-06,158.09,14.23
1,3,2025-06-06,63.24,3.16
1,4,2025-06-06,31.62,1.9
1,5,2025-06-06,63.24,4.43
2,1,2025-06-06,25.2,4.54
2,2,2025-06-06,9.45,0.85
2,3,2025-06-06,6.3,0.32
2,4,2025-06-06,12.6,0.76
2,5,2025-06-06,9.45,0.66
3,1,2025-06-06,463.93,83.51
3,2,2025-06-06,132.55,11.93
3,3,2025-06-06,463.93,23.2
3,4,2025-06-06,132.55,7.95
3,5,2025-06-06,132.55,9.28
4,1,2025-06-06,148.84,26.79
4,2,2025-06-06,59.54,5.36
4,3,2025-06-06,29.77,1.49
4,4,2025-06-06,14.88,0.89
4,5,2025-06-06,44.65,3.13
5,1,2025-06-06,868.76,156.38
5,2,2025-06-06,496.44,44.68
5,3,2025-06-06,248.22,12.41
5,4,2025-06-06,248.22,14.89
5,5,2025-06-06,620.54,43.44
1,1,2025-06-07,228.07,41.05
1,2,2025-06-07,114.04,10.26
1,3,2025-06-07,45.62,2.28
1,4,2025-06-07,22.81,1.37
1,5,2025-06-07,45.62,3.19
2,1,2025-06-07,9.18,1.65
2,2,2025-06-07,3.44,0.31
2,3,2025-06-07,2.29,0.11
2,4,2025-06-07,4.59,0.28
2,5,2025-06-07,3.44,0.24
3,1,2025-06-07,208.65,37.56
3,2,2025-06-07,59.61,5.36
3,3,2025-06-07,208.65,10.43
3,4,2025-06-07,59.61,3.58
3,5,2025-06-07,59.61,4.17
4,1,2025-06-07,112.12,20.18
4,2,2025-06-07,44.85,4.04
4,3,2025-06-07,22.43,1.12
4,4,2025-06-07,11.21,0.67
4,5,2025-06-07,33.64,2.35
5,1,2025-06-07,550.11,99.02
5,2,2025-06-07,314.35,28.29
5,3,2025-06-07,157.17,7.86
5,4,2025-06-07,157.17,9.43
5,5,2025-06-07,392.93,27.51
1,1,2025-06-09,397.48,71.55
1,2,2025-06-09,198.74,17.89
1,3,2025-06-09,79.5,3.98
1,4,2025-06-09,39.75,2.38
1,5,2025-06-09,79.5,5.57
2,1,2025-06-09,17.3,3.11
2,2,2025-06-09,6.49,0.58
2,3,2025-06-09,4.33,0.22
2,4,2025-06-09,8.65,0.52
2,5,2025-06-09,6.49,0.45
3,1,2025-06-09,365.06,65.71
3,2,2025-06-09,104.3,9.39
3,3,2025-06-09,365.06,18.25
3,4,2025-06-09,104.3,6.26
3,5,2025-06-09,104.3,7.3
4,1,2025-06-09,207.49,37.35
4,2,2025-06-09,83.0,7.47
4,3,2025-06-09,41.5,2.08
4,4,2025-06-09,20.75,1.24
4,5,2025-06-09,62.25,4.36
5,1,2025-06-09,1001.27,180.23
5,2,2025-06-09,572.16,51.49
5,3,2025-06-09,286.08,14.3
5,4,2025-06-09,286.08,17.16
5,5,2025-06-09,715.2,50.06
1,1,2025-06-10,359.41,64.69
1,2,2025-06-10,179.71,16.17
1,3,2025-06-10,71.88,3.59
1,4,2025-06-10,35.94,2.16
1,5,2025-06-10,71.88,5.03
2,1,2025-06-10,19.38,3.49
2,2,2025-06-10,7.27,0.65
2,3,2025-06-10,4.85,0.24
2,4,2025-06-10,9.69,0.58
2,5,2025-06-10,7.27,0.51
3,1,2025-06-10,421.92,75.95
3,2,2025-06-10,120.55,10.85
3,3,2025-06-10,421.92,21.1
3,4,2025-06-10,120.55,7.23
3,5,2025-06-10,120.55,8.44
4,1,2025-06-10,205.53,37.0
4,2,2025-06-10,82.21,7.4
4,3,2025-06-10,41.11,2.06
4,4,2025-06-10,20.55,1.23
4,5,2025-06-10,61.66,4.32
5,1,2025-06-10,781.29,140.63
5,2,2025-06-10,446.45,40.18
5,3,2025-06-10,223.23,11.16
5,4,2025-06-10,223.23,13.39
5,5,2025-06-10,558.07,39.06
1,1,2025-06-11,427.3,76.91
1,2,2025-06-11,213.65,19.23
1,3,2025-06-11,85.46,4.27
1,4,2025-06-11,42.73,2.56
1,5,2025-06-11,85.46,5.98
2,1,2025-06-11,26.76,4.82
2,2,2025-06-11,10.03,0.9
2,3,2025-06-11,6.69,0.33
2,4,2025-06-11,13.38,0.8
2,5,2025-06-11,10.03,0.7
3,1,2025-06-11,550.03,99.01
3,2,2025-06-11,157.15,14.14
3,3,2025-06-11,550.03,27.5
3,4,2025-06-11,157.15,9.43
3,5,2025-06-11,157.15,11.0
4,1,2025-06-11,159.38,28.69
4,2,2025-06-11,63.75,5.74
4,3,2025-06-11,31.88,1.59
4,4,2025-06-11,15.94,0.96
4,5,2025-06-11,47.81,3.35
5,1,2025-06-11,878.76,158.18
5,2,2025-06-11,502.15,45.19
5,3,2025-06-11,251.07,12.55
5,4,2025-06-11,251.07,15.06
5,5,2025-06-11,627.68,43.94
1,1,2025-06-12,321.98,57.96
1,2,2025-06-12,160.99,14.49
1,3,2025-06-12,64.4,3.22
1,4,2025-06-12,32.2,1.93
1,5,2025-06-12,64.4,4.51
2,1,2025-06-12,16.91,3.04
2,2,2025-06-12,6.34,0.57
2,3,2025-06-12,4.23,0.21
2,4,2025-06-12,8.45,0.51
2,5,2025-06-12,6.34,0.44
3,1,2025-06-12,426.6,76.79
3,2,2025-06-12,121.89,10.97
3,3,2025-06-12,426.6,21.33
3,4,2025-06-12,121.89,7.31
3,5,2025-06-12,121.89,8.53
4,1,2025-06-12,169.22,30.46
4,2,2025-06-12,67.69,6.09
4,3,2025-06-12,33.84,1.69
4,4,2025-06-12,16.92,1.02
4,5,2025-06-12,50.77,3.55
5,1,2025-06-12,876.97,157.85
5,2,2025-06-12,501.12,45.1
5,3,2025-06-12,250.56,12.53
5,4,2025-06-12,250.56,15.03
5,5,2025-06-12,626.4,43.85
1,1,2025-06-13,276.42,49.76
1,2,2025-06-13,138.21,12.44
1,3,2025-06-13,55.28,2.76
1,4,2025-06-13,27.64,1.66
1,5,2025-06-13,55.28,3.87
2,1,2025-06-13,25.31,4.56
2,2,2025-06-13,9.49,0.85
2,3,2025-06-13,6.33,0.32
2,4,2025-06-13,12.66,0.76
2,5,2025-06-13,9.49,0.66
3,1,2025-06-13,380.59,68.51
3,2,2025-06-13,108.74,9.79
3,3,2025-06-13,380.59,19.03
3,4,2025-06-13,108.74,6.52
3,5,2025-06-13,108.74,7.61
4,1,2025-06-13,217.94,39.23
4,2,2025-06-13,87.18,7.85
4,3,2025-06-13,43.59,2.18
4,4,2025-06-13,21.79,1.31
4,5,2025-06-13,65.38,4.58
5,1,2025-06-13,858.12,154.46
5,2,2025-06-13,490.35,44.13
5,3,2025-06-13,245.18,12.26
5,4,2025-06-13,245.18,14.71
5,5,2025-06-13,612.94,42.91
1,1,2025-06-14,240.09,43.22
1,2,2025-06-14,120.05,10.8
1,3,2025-06-14,48.02,2.4
1,4,2025-06-14,24.01,1.44
1,5,2025-06-14,48.02,3.36
2,1,2025-06-14,17.06,3.07
2,2,2025-06-14,6.4,0.58
2,3,2025-06-14,4.26,0.21
2,4,2025-06-14,8.53,0.51
2,5,2025-06-14,6.4,0.45
3,1,2025-06-14,241.69,43.5
3,2,2025-06-14,69.05,6.21
3,3,2025-06-14,241.69,12.08
3,4,2025-06-14,69.05,4.14
3,5,2025-06-14,69.05,4.83
4,1,2025-06-14,110.91,19.96
4,2,2025-06-14,44.36,3.99
4,3,2025-06-14,22.18,1.11
4,4,2025-06-14,11.09,0.67
4,5,2025-06-14,33.27,2.33
5,1,2025-06-14,440.6,79.31
5,2,2025-06-14,251.77,22.66
5,3,2025-06-14,125.89,6.29
5,4,2025-06-14,125.89,7.55
5,5,2025-06-14,314.72,22.03
1,1,2025-06-16,301.99,54.36
1,2,2025-06-16,151.0,13.59
1,3,2025-06-16,60.4,3.02
1,4,2025-06-16,30.2,1.81
1,5,2025-06-16,60.4,4.23
2,1,2025-06-16,18.28,3.29
2,2,2025-06-16,6.85,0.62
2,3,2025-06-16,4.57,0.23
2,4,2025-06-16,9.14,0.55
2,5,2025-06-16,6.85,0.48
3,1,2025-06-16,554.6,99.83
3,2,2025-06-16,158.46,14.26
3,3,2025-06-16,554.6,27.73
3,4,2025-06-16,158.46,9.51
3,5,2025-06-16,158.46,11.09
4,1,2025-06-16,163.91,29.5
4,2,2025-06-16,65.56,5.9
4,3,2025-06-16,32.78,1.64
4,4,2025-06-16,16.39,0.98
4,5,2025-06-16,49.17,3.44
5,1,2025-06-16,1090.8,196.34
5,2,2025-06-16,623.31,56.1
5,3,2025-06-16,311.66,15.58
5,4,2025-06-16,311.66,18.7
5,5,2025-06-16,779.14,54.54
1,1,2025-06-17,295.46,53.18
1,2,2025-06-17,147.73,13.3
1,3,2025-06-17,59.09,2.95
1,4,2025-06-17,29.55,1.77
1,5,2025-06-17,59.09,4.14
2,1,2025-06-17,23.2,4.18
2,2,2025-06-17,8.7,0.78
2,3,2025-06-17,5.8,0.29
2,4,2025-06-17,11.6,0.7
2,5,2025-06-17,8.7,0.61
3,1,2025-06-17,423.61,76.25
3,2,2025-06-17,121.03,10.89
3,3,2025-06-17,423.61,21.18
3,4,2025-06-17,121.03,7.26
3,5,2025-06-17,121.03,8.47
4,1,2025-06-17,193.4,34.81
4,2,2025-06-17,77.36,6.96
4,3,2025-06-17,38.68,1.93
4,4,2025-06-17,19.34,1.16
4,5,2025-06-17,58.02,4.06
5,1,2025-06-17,849.74,152.95
5,2,2025-06-17,485.57,43.7
5,3,2025-06-17,242.78,12.14
5,4,2025-06-17,242.78,14.57
5,5,2025-06-17,606.96,42.49
1,1,2025-06-18,391.32,70.44
1,2,2025-06-18,195.66,17.61
1,3,2025-06-18,78.27,3.91
1,4,2025-06-18,39.13,2.35
1,5,2025-06-18,78.27,5.48
2,1,2025-06-18,16.07,2.89
2,2,2025-06-18,6.03,0.54
2,3,2025-06-18,4.02,0.2
2,4,2025-06-18,8.03,0.48
2,5,2025-06-18,6.03,0.42
3,1,2025-06-18,548.28,98.69
3,2,2025-06-18,156.65,14.1
3,3,2025-06-18,548.28,27.41
3,4,2025-06-18,156.65,9.4
3,5,2025-06-18,156.65,10.97
4,1,2025-06-18,209.47,37.7
4,2,2025-06-18,83.79,7.54
4,3,2025-06-18,41.89,2.09
4,4,2025-06-18,20.95,1.26
4,5,2025-06-18,62.84,4.4
5,1,2025-06-18,999.12,179.84
5,2,2025-06-18,570.93,51.38
5,3,2025-06-18,285.46,14.27
5,4,2025-06-18,285.46,17.13
5,5,2025-06-18,713.66,49.96
1,1,2025-06-19,473.74,85.27
1,2,2025-06-19,236.87,21.32
1,3,2025-06-19,94.75,4.74
1,4,2025-06-19,47.37,2.84
1,5,2025-06-19,94.75,6.63
2,1,2025-06-19,22.14,3.99
2,2,2025-06-19,8.3,0.75
2,3,2025-06-19,5.53,0.28
2,4,2025-06-19,11.07,0.66
2,5,2025-06-19,8.3,0.58
3,1,2025-06-19,374.21,67.36
3,2,2025-06-19,106.92,9.62
3,3,2025-06-19,374.21,18.71
3,4,2025-06-19,106.92,6.42
3,5,2025-06-19,106.92,7.48
4,1,2025-06-19,145.87,26.26
4,2,2025-06-19,58.35,5.25
4,3,2025-06-19,29.17,1.46
4,4,2025-06-19,14.59,0.88
4,5,2025-06-19,43.76,3.06
5,1,2025-06-19,841.6,151.49
5,2,2025-06-19,480.92,43.28
5,3,2025-06-19,240.46,12.02
5,4,2025-06-19,240.46,14.43
5,5,2025-06-19,601.14,42.08
1,1,2025-06-20,368.51,66.33
1,2,2025-06-20,184.25,16.58
1,3,2025-06-20,73.7,3.69
1,4,2025-06-20,36.85,2.21
1,5,2025-06-20,73.7,5.16
2,1,2025-06-20,15.59,2.81
2,2,2025-06-20,5.85,0.53
2,3,2025-06-20,3.9,0.2
2,4,2025-06-20,7.8,0.47
2,5,2025-06-20,5.85,0.41
3,1,2025-06-20,513.16,92.37
3,2,2025-06-20,146.62,13.2
3,3,2025-06-20,513.16,25.66
3,4,2025-06-20,146.62,8.8
3,5,2025-06-20,146.62,10.26
4,1,2025-06-20,232.16,41.79
4,2,2025-06-20,92.86,8.36
4,3,2025-06-20,46.43,2.32
4,4,2025-06-20,23.22,1.39
4,5,2025-06-20,69.65,4.88
5,1,2025-06-20,1091.26,196.43
5,2,2025-06-20,623.58,56.12
5,3,2025-06-20,311.79,15.59
5,4,2025-06-20,311.79,18.71
5,5,2025-06-20,779.47,54.56
1,1,2025-06-21,257.83,46.41
1,2,2025-06-21,128.91,11.6
1,3,2025-06-21,51.57,2.58
1,4,2025-06-21,25.78,1.55
1,5,2025-06-21,51.57,3.61
2,1,2025-06-21,16.63,2.99
2,2,2025-06-21,6.24,0.56
2,3,2025-06-21,4.16,0.21
2,4,2025-06-21,8.31,0.5
2,5,2025-06-21,6.24,0.44
3,1,2025-06-21,283.39,51.01
3,2,2025-06-21,80.97,7.29
3,3,2025-06-21,283.39,14.17
3,4,2025-06-21,80.97,4.86
3,5,2025-06-21,80.97,5.67
4,1,2025-06-21,99.66,17.94
4,2,2025-06-21,39.86,3.59
4,3,2025-06-21,19.93,1.0
4,4,2025-06-21,9.97,0.6
4,5,2025-06-21,29.9,2.09
5,1,2025-06-21,521.41,93.85
5,2,2025-06-21,297.95,26.82
5,3,2025-06-21,148.97,7.45
5,4,2025-06-21,148.97,8.94
5,5,2025-06-21,372.44,26.07
1,1,2025-06-23,363.69,65.46
1,2,2025-06-23,181.84,16.37
1,3,2025-06-23,72.74,3.64
1,4,2025-06-23,36.37,2.18
1,5,2025-06-23,72.74,5.09
2,1,2025-06-23,17.24,3.1
2,2,2025-06-23,6.46,0.58
2,3,2025-06-23,4.31,0.22
2,4,2025-06-23,8.62,0.52
2,5,2025-06-23,6.46,0.45
3,1,2025-06-23,385.19,69.33
3,2,2025-06-23,110.05,9.9
3,3,2025-06-23,385.19,19.26
3,4,2025-06-23,110.05,6.6
3,5,2025-06-23,110.05,7.7
4,1,2025-06-23,159.22,28.66
4,2,2025-06-23,63.69,5.73
4,3,2025-06-23,31.84,1.59
4,4,2025-06-23,15.92,0.96
4,5,2025-06-23,47.77,3.34
5,1,2025-06-23,825.29,148.55
5,2,2025-06-23,471.6,42.44
5,3,2025-06-23,235.8,11.79
5,4,2025-06-23,235.8,14.15
5,5,2025-06-23,589.5,41.27
1,1,2025-06-24,403.6,72.65
1,2,2025-06-24,201.8,18.16
1,3,2025-06-24,80.72,4.04
1,4,2025-06-24,40.36,2.42
1,5,2025-06-24,80.72,5.65
2,1,2025-06-24,26.4,4.75
2,2,2025-06-24,9.9,0.89
2,3,2025-06-24,6.6,0.33
2,4,2025-06-24,13.2,0.79
2,5,2025-06-24,9.9,0.69
3,1,2025-06-24,406.49,73.17
3,2,2025-06-24,116.14,10.45
3,3,2025-06-24,406.49,20.32
3,4,2025-06-24,116.14,6.97
3,5,2025-06-24,116.14,8.13
4,1,2025-06-24,191.63,34.49
4,2,2025-06-24,76.65,6.9
4,3,2025-06-24,38.33,1.92
4,4,2025-06-24,19.16,1.15
4,5,2025-06-24,57.49,4.02
5,1,2025-06-24,947.05,170.47
5,2,2025-06-24,541.17,48.71
5,3,2025-06-24,270.59,13.53
5,4,2025-06-24,270.59,16.24
5,5,2025-06-24,676.47,47.35
1,1,2025-06-25,370.14,66.63
1,2,2025-06-25,185.07,16.66
1,3,2025-06-25,74.03,3.7
1,4,2025-06-25,37.01,2.22
1,5,2025-06-25,74.03,5.18
2,1,2025-06-25,14.74,2.65
2,2,2025-06-25,5.53,0.5
2,3,2025-06-25,3.69,0.18
2,4,2025-06-25,7.37,0.44
2,5,2025-06-25,5.53,0.39
3,1,2025-06-25,412.44,74.24
3,2,2025-06-25,117.84,10.61
3,3,2025-06-25,412.44,20.62
3,4,2025-06-25,117.84,7.07
3,5,2025-06-25,117.84,8.25
4,1,2025-06-25,160.84,28.95
4,2,2025-06-25,64.33,5.79
4,3,2025-06-25,32.17,1.61
4,4,2025-06-25,16.08,0.96
4,5,2025-06-25,48.25,3.38
5,1,2025-06-25,1126.58,202.78
5,2,2025-06-25,643.76,57.94
5,3,2025-06-25,321.88,16.09
5,4,2025-06-25,321.88,19.31
5,5,2025-06-25,804.7,56.33
1,1,2025-06-26,287.67,51.78
1,2,2025-06-26,143.83,12.94
1,3,2025-06-26,57.53,2.88
1,4,2025-06-26,28.77,1.73
1,5,2025-06-26,57.53,4.03
2,1,2025-06-26,23.14,4.17
2,2,2025-06-26,8.68,0.78
2,3,2025-06-26,5.79,0.29
2,4,2025-06-26,11.57,0.69
2,5,2025-06-26,8.68,0.61
3,1,2025-06-26,491.51,88.47
3,2,2025-06-26,140.43,12.64
3,3,2025-06-26,491.51,24.58
3,4,2025-06-26,140.43,8.43
3,5,2025-06-26,140.43,9.83
4,1,2025-06-26,179.03,32.23
4,2,2025-06-26,71.61,6.44
4,3,2025-06-26,35.8,1.79
4,4,2025-06-26,17.9,1.07
4,5,2025-06-26,53.71,3.76
5,1,2025-06-26,912.26,164.21
5,2,2025-06-26,521.29,46.92
5,3,2025-06-26,260.65,13.03
5,4,2025-06-26,260.65,15.64
5,5,2025-06-26,651.62,45.61
1,1,2025-06-27,386.46,69.56
1,2,2025-06-27,193.23,17.39
1,3,2025-06-27,77.29,3.86
1,4,2025-06-27,38.65,2.32
1,5,2025-06-27,77.29,5.41
2,1,2025-06-27,24.62,4.43
2,2,2025-06-27,9.23,0.83
2,3,2025-06-27,6.16,0.31
2,4,2025-06-27,12.31,0.74
2,5,2025-06-27,9.23,0.65
3,1,2025-06-27,519.04,93.43
3,2,2025-06-27,148.3,13.35
3,3,2025-06-27,519.04,25.95
3,4,2025-06-27,148.3,8.9
3,5,2025-06-27,148.3,10.38
4,1,2025-06-27,169.72,30.55
4,2,2025-06-27,67.89,6.11
4,3,2025-06-27,33.94,1.7
4,4,2025-06-27,16.97,1.02
4,5,2025-06-27,50.91,3.56
5,1,2025-06-27,830.95,149.57
5,2,2025-06-27,474.83,42.73
5,3,2025-06-27,237.41,11.87
5,4,2025-06-27,237.41,14.24
5,5,2025-06-27,593.53,41.55
1,1,2025-06-28,190.2,34.24
1,2,2025-06-28,95.1,8.56
1,3,2025-06-28,38.04,1.9
1,4,2025-06-28,19.02,1.14
1,5,2025-06-28,38.04,2.66
2,1,2025-06-28,15.26,2.75
2,2,2025-06-28,5.72,0.51
2,3,2025-06-28,3.82,0.19
2,4,2025-06-28,7.63,0.46
2,5,2025-06-28,5.72,0.4
3,1,2025-06-28,252.5,45.45
3,2,2025-06-28,72.14,6.49
3,3,2025-06-28,252.5,12.62
3,4,2025-06-28,72.14,4.33
3,5,2025-06-28,72.14,5.05
4,1,2025-06-28,111.12,20.0
4,2,2025-06-28,44.45,4.0
4,3,2025-06-28,22.23,1.11
4,4,2025-06-28,11.11,0.67
4,5,2025-06-28,33.34,2.33
5,1,2025-06-28,522.35,94.02
5,2,2025-06-28,298.48,26.86
5,3,2025-06-28,149.24,7.46
5,4,2025-06-28,149.24,8.95
5,5,2025-06-28,373.11,26.12
1,1,2025-06-30,333.6,60.05
1,2,2025-06-30,166.8,15.01
1,3,2025-06-30,66.72,3.34
1,4,2025-06-30,33.36,2.0
1,5,2025-06-30,66.72,4.67
2,1,2025-06-30,24.93,4.49
2,2,2025-06-30,9.35,0.84
2,3,2025-06-30,6.23,0.31
2,4,2025-06-30,12.47,0.75
2,5,2025-06-30,9.35,0.65
3,1,2025-06-30,489.22,88.06
3,2,2025-06-30,139.78,12.58
3,3,2025-06-30,489.22,24.46
3,4,2025-06-30,139.78,8.39
3,5,2025-06-30,139.78,9.78
4,1,2025-06-30,168.05,30.25
4,2,2025-06-30,67.22,6.05
4,3,2025-06-30,33.61,1.68
4,4,2025-06-30,16.81,1.01
4,5,2025-06-30,50.41,3.53
5,1,2025-06-30,942.55,169.66
5,2,2025-06-30,538.6,48.47
5,3,2025-06-30,269.3,13.47
5,4,2025-06-30,269.3,16.16
5,5,2025-06-30,673.25,47.13
1,1,2025-07-01,398.31,71.7
1,2,2025-07-01,199.16,17.92
1,3,2025-07-01,79.66,3.98
1,4,2025-07-01,39.83,2.39
1,5,2025-07-01,79.66,5.58
2,1,2025-07-01,28.2,5.08
2,2,2025-07-01,10.58,0.95
2,3,2025-07-01,7.05,0.35
2,4,2025-07-01,14.1,0.85
2,5,2025-07-01,10.58,0.74
3,1,2025-07-01,398.2,71.68
3,2,2025-07-01,113.77,10.24
3,3,2025-07-01,398.2,19.91
3,4,2025-07-01,113.77,6.83
3,5,2025-07-01,113.77,7.96
4,1,2025-07-01,193.95,34.91
4,2,2025-07-01,77.58,6.98
4,3,2025-07-01,38.79,1.94
4,4,2025-07-01,19.39,1.16
4,5,2025-07-01,58.18,4.07
5,1,2025-07-01,944.19,169.95
5,2,2025-07-01,539.54,48.56
5,3,2025-07-01,269.77,13.49
5,4,2025-07-01,269.77,16.19
5,5,2025-07-01,674.42,47.21
1,1,2025-07-02,342.2,61.6
1,2,2025-07-02,171.1,15.4
1,3,2025-07-02,68.44,3.42
1,4,2025-07-02,34.22,2.05
1,5,2025-07-02,68.44,4.79
2,1,2025-07-02,29.44,5.3
2,2,2025-07-02,11.04,0.99
2,3,2025-07-02,7.36,0.37
2,4,2025-07-02,14.72,0.88
2,5,2025-07-02,11.04,0.77
3,1,2025-07-02,398.42,71.72
3,2,2025-07-02,113.83,10.24
3,3,2025-07-02,398.42,19.92
3,4,2025-07-02,113.83,6.83
3,5,2025-07-02,113.83,7.97
4,1,2025-07-02,156.34,28.14
4,2,2025-07-02,62.54,5.63
4,3,2025-07-02,31.27,1.56
4,4,2025-07-02,15.63,0.94
4,5,2025-07-02,46.9,3.28
5,1,2025-07-02,733.74,132.07
5,2,2025-07-02,419.28,37.74
5,3,2025-07-02,209.64,10.48
5,4,2025-07-02,209.64,12.58
5,5,2025-07-02,524.1,36.69
1,1,2025-07-03,463.82,83.49
1,2,2025-07-03,231.91,20.87
1,3,2025-07-03,92.76,4.64
1,4,2025-07-03,46.38,2.78
1,5,2025-07-03,92.76,6.49
2,1,2025-07-03,24.15,4.35
2,2,2025-07-03,9.06,0.82
2,3,2025-07-03,6.04,0.3
2,4,2025-07-03,12.07,0.72
2,5,2025-07-03,9.06,0.63
3,1,2025-07-03,543.26,97.79
3,2,2025-07-03,155.22,13.97
3,3,2025-07-03,543.26,27.16
3,4,2025-07-03,155.22,9.31
3,5,2025-07-03,155.22,10.87
4,1,2025-07-03,168.06,30.25
4,2,2025-07-03,67.22,6.05
4,3,2025-07-03,33.61,1.68
4,4,2025-07-03,16.81,1.01
4,5,2025-07-03,50.42,3.53
5,1,2025-07-03,1033.63,186.05
5,2,2025-07-03,590.64,53.16
5,3,2025-07-03,295.32,14.77
5,4,2025-07-03,295.32,17.72
5,5,2025-07-03,738.3,51.68
1,1,2025-07-04,435.21,78.34
1,2,2025-07-04,217.61,19.58
1,3,2025-07-04,87.04,4.35
1,4,2025-07-04,43.52,2.61
1,5,2025-07-04,87.04,6.09
2,1,2025-07-04,21.78,3.92
2,2,2025-07-04,8.17,0.74
2,3,2025-07-04,5.44,0.27
2,4,2025-07-04,10.89,0.65
2,5,2025-07-04,8.17,0.57
3,1,2025-07-04,384.49,69.21
3,2,2025-07-04,109.86,9.89
3,3,2025-07-04,384.49,19.22
3,4,2025-07-04,109.86,6.59
3,5,2025-07-04,109.86,7.69
4,1,2025-07-04,167.59,30.17
4,2,2025-07-04,67.03,6.03
4,3,2025-07-04,33.52,1.68
4,4,2025-07-04,16.76,1.01
4,5,2025-07-04,50.28,3.52
5,1,2025-07-04,857.13,154.28
5,2,2025-07-04,489.79,44.08
5,3,2025-07-04,244.89,12.24
5,4,2025-07-04,244.89,14.69
5,5,2025-07-04,612.24,42.86
1,1,2025-07-05,217.32,39.12
1,2,2025-07-05,108.66,9.78
1,3,2025-07-05,43.47,2.17
1,4,2025-07-05,21.73,1.3
1,5,2025-07-05,43.47,3.04
2,1,2025-07-05,12.69,2.28
2,2,2025-07-05,4.76,0.43
2,3,2025-07-05,3.17,0.16
2,4,2025-07-05,6.35,0.38
2,5,2025-07-05,4.76,0.33
3,1,2025-07-05,322.1,57.98
3,2,2025-07-05,92.03,8.28
3,3,2025-07-05,322.1,16.11
3,4,2025-07-05,92.03,5.52
3,5,2025-07-05,92.03,6.44
4,1,2025-07-05,125.5,22.59
4,2,2025-07-05,50.2,4.52
4,3,2025-07-05,25.1,1.26
4,4,2025-07-05,12.55,0.75
4,5,2025-07-05,37.65,2.64
5,1,2025-07-05,556.46,100.16
5,2,2025-07-05,317.98,28.62
5,3,2025-07-05,158.99,7.95
5,4,2025-07-05,158.99,9.54
5,5,2025-07-05,397.47,27.82
1,1,2025-07-07,395.62,71.21
1,2,2025-07-07,197.81,17.8
1,3,2025-07-07,79.12,3.96
1,4,2025-07-07,39.56,2.37
1,5,2025-07-07,79.12,5.54
2,1,2025-07-07,26.34,4.74
2,2,2025-07-07,9.88,0.89
2,3,2025-07-07,6.58,0.33
2,4,2025-07-07,13.17,0.79
2,5,2025-07-07,9.88,0.69
3,1,2025-07-07,496.94,89.45
3,2,2025-07-07,141.98,12.78
3,3,2025-07-07,496.94,24.85
3,4,2025-07-07,141.98,8.52
3,5,2025-07-07,141.98,9.94
4,1,2025-07-07,173.23,31.18
4,2,2025-07-07,69.29,6.24
4,3,2025-07-07,34.65,1.73
4,4,2025-07-07,17.32,1.04
4,5,2025-07-07,51.97,3.64
5,1,2025-07-07,937.2,168.7
5,2,2025-07-07,535.54,48.2
5,3,2025-07-07,267.77,13.39
5,4,2025-07-07,267.77,16.07
5,5,2025-07-07,669.43,46.86
1,1,2025-07-08,280.19,50.43
1,2,2025-07-08,140.1,12.61
1,3,2025-07-08,56.04,2.8
1,4,2025-07-08,28.02,1.68
1,5,2025-07-08,56.04,3.92
2,1,2025-07-08,28.27,5.09
2,2,2025-07-08,10.6,0.95
2,3,2025-07-08,7.07,0.35
2,4,2025-07-08,14.13,0.85
2,5,2025-07-08,10.6,0.74
3,1,2025-07-08,480.69,86.52
3,2,2025-07-08,137.34,12.36
3,3,2025-07-08,480.69,24.03
3,4,2025-07-08,137.34,8.24
3,5,2025-07-08,137.34,9.61
4,1,2025-07-08,206.77,37.22
4,2,2025-07-08,82.71,7.44
4,3,2025-07-08,41.35,2.07
4,4,2025-07-08,20.68,1.24
4,5,2025-07-08,62.03,4.34
5,1,2025-07-08,776.16,139.71
5,2,2025-07-08,443.52,39.92
5,3,2025-07-08,221.76,11.09
5,4,2025-07-08,221.76,13.31
5,5,2025-07-08,554.4,38.81
1,1,2025-07-09,384.68,69.24
1,2,2025-07-09,192.34,17.31
1,3,2025-07-09,76.94,3.85
1,4,2025-07-09,38.47,2.31
1,5,2025-07-09,76.94,5.39
2,1,2025-07-09,18.86,3.39
2,2,2025-07-09,7.07,0.64
2,3,2025-07-09,4.71,0.24
2,4,2025-07-09,9.43,0.57
2,5,2025-07-09,7.07,0.49
3,1,2025-07-09,480.37,86.47
3,2,2025-07-09,137.25,12.35
3,3,2025-07-09,480.37,24.02
3,4,2025-07-09,137.25,8.23
3,5,2025-07-09,137.25,9.61
4,1,2025-07-09,200.79,36.14
4,2,2025-07-09,80.32,7.23
4,3,2025-07-09,40.16,2.01
4,4,2025-07-09,20.08,1.2
4,5,2025-07-09,60.24,4.22
5,1,2025-07-09,939.62,169.13
5,2,2025-07-09,536.93,48.32
5,3,2025-07-09,268.46,13.42
5,4,2025-07-09,268.46,16.11
5,5,2025-07-09,671.16,46.98
1,1,2025-07-10,357.42,64.34
1,2,2025-07-10,178.71,16.08
1,3,2025-07-10,71.48,3.57
1,4,2025-07-10,35.74,2.14
1,5,2025-07-10,71.48,5.0
2,1,2025-07-10,30.25,5.44
2,2,2025-07-10,11.34,1.02
2,3,2025-07-10,7.56,0.38
2,4,2025-07-10,15.13,0.91
2,5,2025-07-10,11.34,0.79
3,1,2025-07-10,364.36,65.58
3,2,2025-07-10,104.1,9.37
3,3,2025-07-10,364.36,18.22
3,4,2025-07-10,104.1,6.25
3,5,2025-07-10,104.1,7.29
4,1,2025-07-10,165.66,29.82
4,2,2025-07-10,66.26,5.96
4,3,2025-07-10,33.13,1.66
4,4,2025-07-10,16.57,0.99
4,5,2025-07-10,49.7,3.48
5,1,2025-07-10,997.61,179.57
5,2,2025-07-10,570.06,51.31
5,3,2025-07-10,285.03,14.25
5,4,2025-07-10,285.03,17.1
5,5,2025-07-10,712.58,49.88
1,1,2025-07-11,337.8,60.8
1,2,2025-07-11,168.9,15.2
1,3,2025-07-11,67.56,3.38
1,4,2025-07-11,33.78,2.03
1,5,2025-07-11,67.56,4.73
2,1,2025-07-11,17.72,3.19
2,2,2025-07-11,6.64,0.6
2,3,2025-07-11,4.43,0.22
2,4,2025-07-11,8.86,0.53
2,5,2025-07-11,6.64,0.46
3,1,2025-07-11,431.57,77.68
3,2,2025-07-11,123.31,11.1
3,3,2025-07-11,431.57,21.58
3,4,2025-07-11,123.31,7.4
3,5,2025-07-11,123.31,8.63
4,1,2025-07-11,177.1,31.88
4,2,2025-07-11,70.84,6.38
4,3,2025-07-11,35.42,1.77
4,4,2025-07-11,17.71,1.06
4,5,2025-07-11,53.13,3.72
5,1,2025-07-11,951.92,171.35
5,2,2025-07-11,543.95,48.96
5,3,2025-07-11,271.98,13.6
5,4,2025-07-11,271.98,16.32
5,5,2025-07-11,679.94,47.6
1,1,2025-07-12,250.69,45.12
1,2,2025-07-12,125.34,11.28
1,3,2025-07-12,50.14,2.51
1,4,2025-07-12,25.07,1.5
1,5,2025-07-12,50.14,3.51
2,1,2025-07-12,10.99,1.98
2,2,2025-07-12,4.12,0.37
2,3,2025-07-12,2.75,0.14
2,4,2025-07-12,5.49,0.33
2,5,2025-07-12,4.12,0.29
3,1,2025-07-12,205.43,36.98
3,2,2025-07-12,58.69,5.28
3,3,2025-07-12,205.43,10.27
3,4,2025-07-12,58.69,3.52
3,5,2025-07-12,58.69,4.11
4,1,2025-07-12,128.75,23.18
4,2,2025-07-12,51.5,4.63
4,3,2025-07-12,25.75,1.29
4,4,2025-07-12,12.88,0.77
4,5,2025-07-12,38.62,2.7
5,1,2025-07-12,565.1,101.72
5,2,2025-07-12,322.91,29.06
5,3,2025-07-12,161.46,8.07
5,4,2025-07-12,161.46,9.69
5,5,2025-07-12,403.64,28.25
1,1,2025-07-14,464.35,83.58
1,2,2025-07-14,232.18,20.9
1,3,2025-07-14,92.87,4.64
1,4,2025-07-14,46.44,2.79
1,5,2025-07-14,92.87,6.5
2,1,2025-07-14,27.99,5.04
2,2,2025-07-14,10.5,0.94
2,3,2025-07-14,7.0,0.35
2,4,2025-07-14,14.0,0.84
2,5,2025-07-14,10.5,0.74
3,1,2025-07-14,414.35,74.58
3,2,2025-07-14,118.39,10.66
3,3,2025-07-14,414.35,20.72
3,4,2025-07-14,118.39,7.1
3,5,2025-07-14,118.39,8.29
4,1,2025-07-14,178.53,32.14
4,2,2025-07-14,71.41,6.43
4,3,2025-07-14,35.71,1.79
4,4,2025-07-14,17.85,1.07
4,5,2025-07-14,53.56,3.75
5,1,2025-07-14,842.59,151.67
5,2,2025-07-14,481.48,43.33
5,3,2025-07-14,240.74,12.04
5,4,2025-07-14,240.74,14.44
5,5,2025-07-14,601.85,42.13
1,1,2025-07-15,300.87,54.16
1,2,2025-07-15,150.43,13.54
1,3,2025-07-15,60.17,3.01
1,4,2025-07-15,30.09,1.81
1,5,2025-07-15,60.17,4.21
2,1,2025-07-15,26.0,4.68
2,2,2025-07-15,9.75,0.88
2,3,2025-07-15,6.5,0.33
2,4,2025-07-15,13.0,0.78
2,5,2025-07-15,9.75,0.68
3,1,2025-07-15,331.48,59.67
3,2,2025-07-15,94.71,8.52
3,3,2025-07-15,331.48,16.57
3,4,2025-07-15,94.71,5.68
3,5,2025-07-15,94.71,6.63
4,1,2025-07-15,234.68,42.24
4,2,2025-07-15,93.87,8.45
4,3,2025-07-15,46.94,2.35
4,4,2025-07-15,23.47,1.41
4,5,2025-07-15,70.4,4.93
5,1,2025-07-15,845.89,152.26
5,2,2025-07-15,483.36,43.5
5,3,2025-07-15,241.68,12.08
5,4,2025-07-15,241.68,14.5
5,5,2025-07-15,604.21,42.29
1,1,2025-07-16,383.7,69.07
1,2,2025-07-16,191.85,17.27
1,3,2025-07-16,76.74,3.84
1,4,2025-07-16,38.37,2.3
1,5,2025-07-16,76.74,5.37
2,1,2025-07-16,16.96,3.05
2,2,2025-07-16,6.36,0.57
2,3,2025-07-16,4.24,0.21
2,4,2025-07-16,8.48,0.51
2,5,2025-07-16,6.36,0.45
3,1,2025-07-16,455.28,81.95
3,2,2025-07-16,130.08,11.71
3,3,2025-07-16,455.28,22.76
3,4,2025-07-16,130.08,7.8
3,5,2025-07-16,130.08,9.11
4,1,2025-07-16,182.19,32.79
4,2,2025-07-16,72.88,6.56
4,3,2025-07-16,36.44,1.82
4,4,2025-07-16,18.22,1.09
4,5,2025-07-16,54.66,3.83
5,1,2025-07-16,944.6,170.03
5,2,2025-07-16,539.77,48.58
5,3,2025-07-16,269.89,13.49
5,4,2025-07-16,269.89,16.19
5,5,2025-07-16,674.72,47.23
1,1,2025-07-17,334.4,60.19
1,2,2025-07-17,167.2,15.05
1,3,2025-07-17,66.88,3.34
1,4,2025-07-17,33.44,2.01
1,5,2025-07-17,66.88,4.68
2,1,2025-07-17,20.24,3.64
2,2,2025-07-17,7.59,0.68
2,3,2025-07-17,5.06,0.25
2,4,2025-07-17,10.12,0.61
2,5,2025-07-17,7.59,0.53
3,1,2025-07-17,471.88,84.94
3,2,2025-07-17,134.82,12.13
3,3,2025-07-17,471.88,23.59
3,4,2025-07-17,134.82,8.09
3,5,2025-07-17,134.82,9.44
4,1,2025-07-17,209.07,37.63
4,2,2025-07-17,83.63,7.53
4,3,2025-07-17,41.81,2.09
4,4,2025-07-17,20.91,1.25
4,5,2025-07-17,62.72,4.39
5,1,2025-07-17,1085.85,195.45
5,2,2025-07-17,620.49,55.84
5,3,2025-07-17,310.24,15.51
5,4,2025-07-17,310.24,18.61
5,5,2025-07-17,775.61,54.29
1,1,2025-07-18,415.73,74.83
1,2,2025-07-18,207.86,18.71
1,3,2025-07-18,83.15,4.16
1,4,2025-07-18,41.57,2.49
1,5,2025-07-18,83.15,5.82
2,1,2025-07-18,17.09,3.08
2,2,2025-07-18,6.41,0.58
2,3,2025-07-18,4.27,0.21
2,4,2025-07-18,8.54,0.51
2,5,2025-07-18,6.41,0.45
3,1,2025-07-18,455.12,81.92
3,2,2025-07-18,130.03,11.7
3,3,2025-07-18,455.12,22.76
3,4,2025-07-18,130.03,7.8
3,5,2025-07-18,130.03,9.1
4,1,2025-07-18,185.0,33.3
4,2,2025-07-18,74.0,6.66
4,3,2025-07-18,37.0,1.85
4,4,2025-07-18,18.5,1.11
4,5,2025-07-18,55.5,3.89
5,1,2025-07-18,936.09,168.5
5,2,2025-07-18,534.91,48.14
5,3,2025-07-18,267.45,13.37
5,4,2025-07-18,267.45,16.05
5,5,2025-07-18,668.63,46.8
1,1,2025-07-19,202.81,36.51
1,2,2025-07-19,101.41,9.13
1,3,2025-07-19,40.56,2.03
1,4,2025-07-19,20.28,1.22
1,5,2025-07-19,40.56,2.84
2,1,2025-07-19,10.49,1.89
2,2,2025-07-19,3.93,0.35
2,3,2025-07-19,2.62,0.13
2,4,2025-07-19,5.25,0.32
2,5,2025-07-19,3.93,0.28
3,1,2025-07-19,252.21,45.4
3,2,2025-07-19,72.06,6.49
3,3,2025-07-19,252.21,12.61
3,4,2025-07-19,72.06,4.32
3,5,2025-07-19,72.06,5.04
4,1,2025-07-19,107.69,19.38
4,2,2025-07-19,43.08,3.88
4,3,2025-07-19,21.54,1.08
4,4,2025-07-19,10.77,0.65
4,5,2025-07-19,32.31,2.26
5,1,2025-07-19,693.22,124.78
5,2,2025-07-19,396.13,35.65
5,3,2025-07-19,198.06,9.9
5,4,2025-07-19,198.06,11.88
5,5,2025-07-19,495.16,34.66
1,1,2025-07-21,410.75,73.94
1,2,2025-07-21,205.38,18.48
1,3,2025-07-21,82.15,4.11
1,4,2025-07-21,41.08,2.46
1,5,2025-07-21,82.15,5.75
2,1,2025-07-21,16.55,2.98
2,2,2025-07-21,6.21,0.56
2,3,2025-07-21,4.14,0.21
2,4,2025-07-21,8.27,0.5
2,5,2025-07-21,6.21,0.43
3,1,2025-07-21,469.47,84.5
3,2,2025-07-21,134.13,12.07
3,3,2025-07-21,469.47,23.47
3,4,2025-07-21,134.13,8.05
3,5,2025-07-21,134.13,9.39
4,1,2025-07-21,169.37,30.49
4,2,2025-07-21,67.75,6.1
4,3,2025-07-21,33.87,1.69
4,4,2025-07-21,16.94,1.02
4,5,2025-07-21,50.81,3.56
5,1,2025-07-21,803.37,144.61
5,2,2025-07-21,459.07,41.32
5,3,2025-07-21,229.53,11.48
5,4,2025-07-21,229.53,13.77
5,5,2025-07-21,573.83,40.17
1,1,2025-07-22,305.18,54.93
1,2,2025-07-22,152.59,13.73
1,3,2025-07-22,61.04,3.05
1,4,2025-07-22,30.52,1.83
1,5,2025-07-22,61.04,4.27
2,1,2025-07-22,18.8,3.38
2,2,2025-07-22,7.05,0.63
2,3,2025-07-22,4.7,0.24
2,4,2025-07-22,9.4,0.56
2,5,2025-07-22,7.05,0.49
3,1,2025-07-22,462.85,83.31
3,2,2025-07-22,132.24,11.9
3,3,2025-07-22,462.85,23.14
3,4,2025-07-22,132.24,7.93
3,5,2025-07-22,132.24,9.26
4,1,2025-07-22,221.75,39.91
4,2,2025-07-22,88.7,7.98
4,3,2025-07-22,44.35,2.22
4,4,2025-07-22,22.18,1.33
4,5,2025-07-22,66.52,4.66
5,1,2025-07-22,954.79,171.86
5,2,2025-07-22,545.6,49.1
5,3,2025-07-22,272.8,13.64
5,4,2025-07-22,272.8,16.37
5,5,2025-07-22,682.0,47.74
1,1,2025-07-23,384.12,69.14
1,2,2025-07-23,192.06,17.29
1,3,2025-07-23,76.82,3.84
1,4,2025-07-23,38.41,2.3
1,5,2025-07-23,76.82,5.38
2,1,2025-07-23,23.71,4.27
2,2,2025-07-23,8.89,0.8
2,3,2025-07-23,5.93,0.3
2,4,2025-07-23,11.86,0.71
2,5,2025-07-23,8.89,0.62
3,1,2025-07-23,419.74,75.55
3,2,2025-07-23,119.93,10.79
3,3,2025-07-23,419.74,20.99
3,4,2025-07-23,119.93,7.2
3,5,2025-07-23,119.93,8.4
4,1,2025-07-23,168.59,30.35
4,2,2025-07-23,67.44,6.07
4,3,2025-07-23,33.72,1.69
4,4,2025-07-23,16.86,1.01
4,5,2025-07-23,50.58,3.54
5,1,2025-07-23,839.57,151.12
5,2,2025-07-23,479.76,43.18
5,3,2025-07-23,239.88,11.99
5,4,2025-07-23,239.88,14.39
5,5,2025-07-23,599.7,41.98
1,1,2025-07-24,386.17,69.51
1,2,2025-07-24,193.09,17.38
1,3,2025-07-24,77.23,3.86
1,4,2025-07-24,38.62,2.32
1,5,2025-07-24,77.23,5.41
2,1,2025-07-24,23.69,4.26
2,2,2025-07-24,8.88,0.8
2,3,2025-07-24,5.92,0.3
2,4,2025-07-24,11.84,0.71
2,5,2025-07-24,8.88,0.62
3,1,2025-07-24,488.07,87.85
3,2,2025-07-24,139.45,12.55
3,3,2025-07-24,488.07,24.4
3,4,2025-07-24,139.45,8.37
3,5,2025-07-24,139.45,9.76
4,1,2025-07-24,168.66,30.36
4,2,2025-07-24,67.46,6.07
4,3,2025-07-24,33.73,1.69
4,4,2025-07-24,16.87,1.01
4,5,2025-07-24,50.6,3.54
5,1,2025-07-24,1078.34,194.1
5,2,2025-07-24,616.2,55.46
5,3,2025-07-24,308.1,15.41
5,4,2025-07-24,308.1,18.49
5,5,2025-07-24,770.25,53.92
1,1,2025-07-25,348.8,62.78
1,2,2025-07-25,174.4,15.7
1,3,2025-07-25,69.76,3.49
1,4,2025-07-25,34.88,2.09
1,5,2025-07-25,69.76,4.88
2,1,2025-07-25,29.97,5.39
2,2,2025-07-25,11.24,1.01
2,3,2025-07-25,7.49,0.37
2,4,2025-07-25,14.98,0.9
2,5,2025-07-25,11.24,0.79
3,1,2025-07-25,358.85,64.59
3,2,2025-07-25,102.53,9.23
3,3,2025-07-25,358.85,17.94
3,4,2025-07-25,102.53,6.15
3,5,2025-07-25,102.53,7.18
4,1,2025-07-25,172.29,31.01
4,2,2025-07-25,68.92,6.2
4,3,2025-07-25,34.46,1.72
4,4,2025-07-25,17.23,1.03
4,5,2025-07-25,51.69,3.62
5,1,2025-07-25,1063.73,191.47
5,2,2025-07-25,607.85,54.71
5,3,2025-07-25,303.92,15.2
5,4,2025-07-25,303.92,18.24
5,5,2025-07-25,759.81,53.19
1,1,2025-07-26,216.17,38.91
1,2,2025-07-26,108.08,9.73
1,3,2025-07-26,43.23,2.16
1,4,2025-07-26,21.62,1.3
1,5,2025-07-26,43.23,3.03
2,1,2025-07-26,13.6,2.45
2,2,2025-07-26,5.1,0.46
2,3,2025-07-26,3.4,0.17
2,4,2025-07-26,6.8,0.41
2,5,2025-07-26,5.1,0.36
3,1,2025-07-26,233.62,42.05
3,2,2025-07-26,66.75,6.01
3,3,2025-07-26,233.62,11.68
3,4,2025-07-26,66.75,4.0
3,5,2025-07-26,66.75,4.67
4,1,2025-07-26,105.05,18.91
4,2,2025-07-26,42.02,3.78
4,3,2025-07-26,21.01,1.05
4,4,2025-07-26,10.51,0.63
4,5,2025-07-26,31.51,2.21
5,1,2025-07-26,526.95,94.85
5,2,2025-07-26,301.11,27.1
5,3,2025-07-26,150.56,7.53
5,4,2025-07-26,150.56,9.03
5,5,2025-07-26,376.39,26.35
1,1,2025-07-28,378.38,68.11
1,2,2025-07-28,189.19,17.03
1,3,2025-07-28,75.68,3.78
1,4,2025-07-28,37.84,2.27
1,5,2025-07-28,75.68,5.3
2,1,2025-07-28,25.41,4.57
2,2,2025-07-28,9.53,0.86
2,3,2025-07-28,6.35,0.32
2,4,2025-07-28,12.7,0.76
2,5,2025-07-28,9.53,0.67
3,1,2025-07-28,474.2,85.36
3,2,2025-07-28,135.49,12.19
3,3,2025-07-28,474.2,23.71
3,4,2025-07-28,135.49,8.13
3,5,2025-07-28,135.49,9.48
4,1,2025-07-28,144.53,26.02
4,2,2025-07-28,57.81,5.2
4,3,2025-07-28,28.91,1.45
4,4,2025-07-28,14.45,0.87
4,5,2025-07-28,43.36,3.04
5,1,2025-07-28,917.08,165.07
5,2,2025-07-28,524.05,47.16
5,3,2025-07-28,262.02,13.1
5,4,2025-07-28,262.02,15.72
5,5,2025-07-28,655.06,45.85
1,1,2025-07-29,411.6,74.09
1,2,2025-07-29,205.8,18.52
1,3,2025-07-29,82.32,4.12
1,4,2025-07-29,41.16,2.47
1,5,2025-07-29,82.32,5.76
2,1,2025-07-29,21.72,3.91
2,2,2025-07-29,8.15,0.73
2,3,2025-07-29,5.43,0.27
2,4,2025-07-29,10.86,0.65
2,5,2025-07-29,8.15,0.57
3,1,2025-07-29,333.1,59.96
3,2,2025-07-29,95.17,8.57
3,3,2025-07-29,333.1,16.66
3,4,2025-07-29,95.17,5.71
3,5,2025-07-29,95.17,6.66
4,1,2025-07-29,231.56,41.68
4,2,2025-07-29,92.62,8.34
4,3,2025-07-29,46.31,2.32
4,4,2025-07-29,23.16,1.39
4,5,2025-07-29,69.47,4.86
5,1,2025-07-29,687.08,123.67
5,2,2025-07-29,392.62,35.34
5,3,2025-07-29,196.31,9.82
5,4,2025-07-29,196.31,11.78
5,5,2025-07-29,490.77,34.35
1,1,2025-07-30,319.81,57.57
1,2,2025-07-30,159.91,14.39
1,3,2025-07-30,63.96,3.2
1,4,2025-07-30,31.98,1.92
1,5,2025-07-30,63.96,4.48
2,1,2025-07-30,26.33,4.74
2,2,2025-07-30,9.87,0.89
2,3,2025-07-30,6.58,0.33
2,4,2025-07-30,13.16,0.79
2,5,2025-07-30,9.87,0.69
3,1,2025-07-30,475.28,85.55
3,2,2025-07-30,135.79,12.22
3,3,2025-07-30,475.28,23.76
3,4,2025-07-30,135.79,8.15
3,5,2025-07-30,135.79,9.51
4,1,2025-07-30,173.2,31.18
4,2,2025-07-30,69.28,6.24
4,3,2025-07-30,34.64,1.73
4,4,2025-07-30,17.32,1.04
4,5,2025-07-30,51.96,3.64
5,1,2025-07-30,874.43,157.4
5,2,2025-07-30,499.67,44.97
5,3,2025-07-30,249.84,12.49
5,4,2025-07-30,249.84,14.99
5,5,2025-07-30,624.59,43.72
1,1,2025-07-31,356.33,64.14
1,2,2025-07-31,178.17,16.04
1,3,2025-07-31,71.27,3.56
1,4,2025-07-31,35.63,2.14
1,5,2025-07-31,71.27,4.99
2,1,2025-07-31,24.77,4.46
2,2,2025-07-31,9.29,0.84
2,3,2025-07-31,6.19,0.31
2,4,2025-07-31,12.39,0.74
2,5,2025-07-31,9.29,0.65
3,1,2025-07-31,445.34,80.16
3,2,2025-07-31,127.24,11.45
3,3,2025-07-31,445.34,22.27
3,4,2025-07-31,127.24,7.63
3,5,2025-07-31,127.24,8.91
4,1,2025-07-31,199.57,35.92
4,2,2025-07-31,79.83,7.18
4,3,2025-07-31,39.91,2.0
4,4,2025-07-31,19.96,1.2
4,5,2025-07-31,59.87,4.19
5,1,2025-07-31,943.38,169.81
5,2,2025-07-31,539.08,48.52
5,3,2025-07-31,269.54,13.48
5,4,2025-07-31,269.54,16.17
5,5,2025-07-31,673.85,47.17
1,1,2025-08-01,387.48,69.75
1,2,2025-08-01,193.74,17.44
1,3,2025-08-01,77.5,3.88
1,4,2025-08-01,38.75,2.32
1,5,2025-08-01,77.5,5.43
2,1,2025-08-01,19.98,3.6
2,2,2025-08-01,7.49,0.67
2,3,2025-08-01,4.99,0.25
2,4,2025-08-01,9.99,0.6
2,5,2025-08-01,7.49,0.52
3,1,2025-08-01,329.23,59.26
3,2,2025-08-01,94.06,8.47
3,3,2025-08-01,329.23,16.46
3,4,2025-08-01,94.06,5.64
3,5,2025-08-01,94.06,6.58
4,1,2025-08-01,214.12,38.54
4,2,2025-08-01,85.65,7.71
4,3,2025-08-01,42.82,2.14
4,4,2025-08-01,21.41,1.28
4,5,2025-08-01,64.23,4.5
5,1,2025-08-01,1023.04,184.15
5,2,2025-08-01,584.59,52.61
5,3,2025-08-01,292.3,14.62
5,4,2025-08-01,292.3,17.54
5,5,2025-08-01,730.74,51.15
1,1,2025-08-02,248.28,44.69
1,2,2025-08-02,124.14,11.17
1,3,2025-08-02,49.66,2.48
1,4,2025-08-02,24.83,1.49
1,5,2025-08-02,49.66,3.48
2,1,2025-08-02,10.38,1.87
2,2,2025-08-02,3.89,0.35
2,3,2025-08-02,2.6,0.13
2,4,2025-08-02,5.19,0.31
2,5,2025-08-02,3.89,0.27
3,1,2025-08-02,301.59,54.29
3,2,2025-08-02,86.17,7.76
3,3,2025-08-02,301.59,15.08
3,4,2025-08-02,86.17,5.17
3,5,2025-08-02,86.17,6.03
4,1,2025-08-02,114.19,20.55
4,2,2025-08-02,45.68,4.11
4,3,2025-08-02,22.84,1.14
4,4,2025-08-02,11.42,0.69
4,5,2025-08-02,34.26,2.4
5,1,2025-08-02,594.55,107.02
5,2,2025-08-02,339.74,30.58
5,3,2025-08-02,169.87,8.49
5,4,2025-08-02,169.87,10.19
5,5,2025-08-02,424.68,29.73
1,1,2025-08-04,436.44,78.56
1,2,2025-08-04,218.22,19.64
1,3,2025-08-04,87.29,4.36
1,4,2025-08-04,43.64,2.62
1,5,2025-08-04,87.29,6.11
2,1,2025-08-04,27.79,5.0
2,2,2025-08-04,10.42,0.94
2,3,2025-08-04,6.95,0.35
2,4,2025-08-04,13.89,0.83
2,5,2025-08-04,10.42,0.73
3,1,2025-08-04,520.03,93.61
3,2,2025-08-04,148.58,13.37
3,3,2025-08-04,520.03,26.0
3,4,2025-08-04,148.58,8.91
3,5,2025-08-04,148.58,10.4
4,1,2025-08-04,216.28,38.93
4,2,2025-08-04,86.51,7.79
4,3,2025-08-04,43.26,2.16
4,4,2025-08-04,21.63,1.3
4,5,2025-08-04,64.89,4.54
5,1,2025-08-04,1013.69,182.46
5,2,2025-08-04,579.25,52.13
5,3,2025-08-04,289.63,14.48
5,4,2025-08-04,289.63,17.38
5,5,2025-08-04,724.07,50.68
1,1,2025-08-05,370.78,66.74
1,2,2025-08-05,185.39,16.69
1,3,2025-08-05,74.16,3.71
1,4,2025-08-05,37.08,2.22
1,5,2025-08-05,74.16,5.19
2,1,2025-08-05,22.9,4.12
2,2,2025-08-05,8.59,0.77
2,3,2025-08-05,5.73,0.29
2,4,2025-08-05,11.45,0.69
2,5,2025-08-05,8.59,0.6
3,1,2025-08-05,415.93,74.87
3,2,2025-08-05,118.84,10.7
3,3,2025-08-05,415.93,20.8
3,4,2025-08-05,118.84,7.13
3,5,2025-08-05,118.84,8.32
4,1,2025-08-05,196.97,35.45
4,2,2025-08-05,78.79,7.09
4,3,2025-08-05,39.4,1.97
4,4,2025-08-05,19.7,1.18
4,5,2025-08-05,59.09,4.14
5,1,2025-08-05,717.97,129.23
5,2,2025-08-05,410.27,36.92
5,3,2025-08-05,205.13,10.26
5,4,2025-08-05,205.13,12.31
5,5,2025-08-05,512.83,35.9
1,1,2025-08-06,337.35,60.72
1,2,2025-08-06,168.67,15.18
1,3,2025-08-06,67.47,3.37
1,4,2025-08-06,33.73,2.02
1,5,2025-08-06,67.47,4.72
2,1,2025-08-06,23.61,4.25
2,2,2025-08-06,8.85,0.8
2,3,2025-08-06,5.9,0.3
2,4,2025-08-06,11.81,0.71
2,5,2025-08-06,8.85,0.62
3,1,2025-08-06,371.22,66.82
3,2,2025-08-06,106.06,9.55
3,3,2025-08-06,371.22,18.56
3,4,2025-08-06,106.06,6.36
3,5,2025-08-06,106.06,7.42
4,1,2025-08-06,208.73,37.57
4,2,2025-08-06,83.49,7.51
4,3,2025-08-06,41.75,2.09
4,4,2025-08-06,20.87,1.25
4,5,2025-08-06,62.62,4.38
5,1,2025-08-06,1101.05,198.19
5,2,2025-08-06,629.17,56.63
5,3,2025-08-06,314.59,15.73
5,4,2025-08-06,314.59,18.88
5,5,2025-08-06,786.46,55.05
1,1,2025-08-07,340.54,61.3
1,2,2025-08-07,170.27,15.32
1,3,2025-08-07,68.11,3.41
1,4,2025-08-07,34.05,2.04
1,5,2025-08-07,68.11,4.77
2,1,2025-08-07,19.26,3.47
2,2,2025-08-07,7.22,0.65
2,3,2025-08-07,4.82,0.24
2,4,2025-08-07,9.63,0.58
2,5,2025-08-07,7.22,0.51
3,1,2025-08-07,397.56,71.56
3,2,2025-08-07,113.59,10.22
3,3,2025-08-07,397.56,19.88
3,4,2025-08-07,113.59,6.82
3,5,2025-08-07,113.59,7.95
4,1,2025-08-07,228.41,41.11
4,2,2025-08-07,91.36,8.22
4,3,2025-08-07,45.68,2.28
4,4,2025-08-07,22.84,1.37
4,5,2025-08-07,68.52,4.8
5,1,2025-08-07,997.85,179.61
5,2,2025-08-07,570.2,51.32
5,3,2025-08-07,285.1,14.26
5,4,2025-08-07,285.1,17.11
5,5,2025-08-07,712.75,49.89
1,1,2025-08-08,397.7,71.59
1,2,2025-08-08,198.85,17.9
1,3,2025-08-08,79.54,3.98
1,4,2025-08-08,39.77,2.39
1,5,2025-08-08,79.54,5.57
2,1,2025-08-08,21.72,3.91
2,2,2025-08-08,8.14,0.73
2,3,2025-08-08,5.43,0.27
2,4,2025-08-08,10.86,0.65
2,5,2025-08-08,8.14,0.57
3,1,2025-08-08,407.12,73.28
3,2,2025-08-08,116.32,10.47
3,3,2025-08-08,407.12,20.36
3,4,2025-08-08,116.32,6.98
3,5,2025-08-08,116.32,8.14
4,1,2025-08-08,185.97,33.47
4,2,2025-08-08,74.39,6.7
4,3,2025-08-08,37.2,1.86
4,4,2025-08-08,18.6,1.12
4,5,2025-08-08,55.79,3.91
5,1,2025-08-08,980.38,176.47
5,2,2025-08-08,560.22,50.42
5,3,2025-08-08,280.11,14.01
5,4,2025-08-08,280.11,16.81
5,5,2025-08-08,700.27,49.02
1,1,2025-08-09,228.46,41.12
1,2,2025-08-09,114.23,10.28
1,3,2025-08-09,45.69,2.28
1,4,2025-08-09,22.85,1.37
1,5,2025-08-09,45.69,3.2
2,1,2025-08-09,12.05,2.17
2,2,2025-08-09,4.52,0.41
2,3,2025-08-09,3.01,0.15
2,4,2025-08-09,6.03,0.36
2,5,2025-08-09,4.52,0.32
3,1,2025-08-09,286.07,51.49
3,2,2025-08-09,81.73,7.36
3,3,2025-08-09,286.07,14.3
3,4,2025-08-09,81.73,4.9
3,5,2025-08-09,81.73,5.72
4,1,2025-08-09,123.19,22.17
4,2,2025-08-09,49.28,4.44
4,3,2025-08-09,24.64,1.23
4,4,2025-08-09,12.32,0.74
4,5,2025-08-09,36.96,2.59
5,1,2025-08-09,711.43,128.06
5,2,2025-08-09,406.53,36.59
5,3,2025-08-09,203.27,10.16
5,4,2025-08-09,203.27,12.2
5,5,2025-08-09,508.17,35.57
1,1,2025-08-11,452.73,81.49
1,2,2025-08-11,226.37,20.37
1,3,2025-08-11,90.55,4.53
1,4,2025-08-11,45.27,2.72
1,5,2025-08-11,90.55,6.34
2,1,2025-08-11,21.46,3.86
2,2,2025-08-11,8.05,0.72
2,3,2025-08-11,5.37,0.27
2,4,2025-08-11,10.73,0.64
2,5,2025-08-11,8.05,0.56
3,1,2025-08-11,485.34,87.36
3,2,2025-08-11,138.67,12.48
3,3,2025-08-11,485.34,24.27
3,4,2025-08-11,138.67,8.32
3,5,2025-08-11,138.67,9.71
4,1,2025-08-11,172.29,31.01
4,2,2025-08-11,68.92,6.2
4,3,2025-08-11,34.46,1.72
4,4,2025-08-11,17.23,1.03
4,5,2025-08-11,51.69,3.62
5,1,2025-08-11,893.99,160.92
5,2,2025-08-11,510.85,45.98
5,3,2025-08-11,255.43,12.77
5,4,2025-08-11,255.43,15.33
5,5,2025-08-11,638.56,44.7
1,1,2025-08-12,358.12,64.46
1,2,2025-08-12,179.06,16.12
1,3,2025-08-12,71.62,3.58
1,4,2025-08-12,35.81,2.15
1,5,2025-08-12,71.62,5.01
2,1,2025-08-12,18.27,3.29
2,2,2025-08-12,6.85,0.62
2,3,2025-08-12,4.57,0.23
2,4,2025-08-12,9.13,0.55
2,5,2025-08-12,6.85,0.48
3,1,2025-08-12,431.87,77.74
3,2,2025-08-12,123.39,11.11
3,3,2025-08-12,431.87,21.59
3,4,2025-08-12,123.39,7.4
3,5,2025-08-12,123.39,8.64
4,1,2025-08-12,183.97,33.11
4,2,2025-08-12,73.59,6.62
4,3,2025-08-12,36.79,1.84
4,4,2025-08-12,18.4,1.1
4,5,2025-08-12,55.19,3.86
5,1,2025-08-12,999.79,179.96
5,2,2025-08-12,571.31,51.42
5,3,2025-08-12,285.65,14.28
5,4,2025-08-12,285.65,17.14
5,5,2025-08-12,714.13,49.99
1,1,2025-08-13,383.3,68.99
1,2,2025-08-13,191.65,17.25
1,3,2025-08-13,76.66,3.83
1,4,2025-08-13,38.33,2.3
1,5,2025-08-13,76.66,5.37
2,1,2025-08-13,24.52,4.41
2,2,2025-08-13,9.2,0.83
2,3,2025-08-13,6.13,0.31
2,4,2025-08-13,12.26,0.74
2,5,2025-08-13,9.2,0.64
3,1,2025-08-13,332.96,59.93
3,2,2025-08-13,95.13,8.56
3,3,2025-08-13,332.96,16.65
3,4,2025-08-13,95.13,5.71
3,5,2025-08-13,95.13,6.66
4,1,2025-08-13,143.56,25.84
4,2,2025-08-13,57.42,5.17
4,3,2025-08-13,28.71,1.44
4,4,2025-08-13,14.36,0.86
4,5,2025-08-13,43.07,3.01
5,1,2025-08-13,971.04,174.79
5,2,2025-08-13,554.88,49.94
5,3,2025-08-13,277.44,13.87
5,4,2025-08-13,277.44,16.65
5,5,2025-08-13,693.6,48.55
1,1,2025-08-14,335.24,60.34
1,2,2025-08-14,167.62,15.09
1,3,2025-08-14,67.05,3.35
1,4,2025-08-14,33.52,2.01
1,5,2025-08-14,67.05,4.69
2,1,2025-08-14,26.82,4.83
2,2,2025-08-14,10.06,0.91
2,3,2025-08-14,6.71,0.34
2,4,2025-08-14,13.41,0.8
2,5,2025-08-14,10.06,0.7
3,1,2025-08-14,426.54,76.78
3,2,2025-08-14,121.87,10.97
3,3,2025-08-14,426.54,21.33
3,4,2025-08-14,121.87,7.31
3,5,2025-08-14,121.87,8.53
4,1,2025-08-14,247.91,44.62
4,2,2025-08-14,99.17,8.93
4,3,2025-08-14,49.58,2.48
4,4,2025-08-14,24.79,1.49
4,5,2025-08-14,74.37,5.21
5,1,2025-08-14,997.36,179.52
5,2,2025-08-14,569.92,51.29
5,3,2025-08-14,284.96,14.25
5,4,2025-08-14,284.96,17.1
5,5,2025-08-14,712.4,49.87
1,1,2025-08-15,349.97,62.99
1,2,2025-08-15,174.99,15.75
1,3,2025-08-15,69.99,3.5
1,4,2025-08-15,35.0,2.1
1,5,2025-08-15,69.99,4.9
2,1,2025-08-15,20.81,3.75
2,2,2025-08-15,7.8,0.7
2,3,2025-08-15,5.2,0.26
2,4,2025-08-15,10.4,0.62
2,5,2025-08-15,7.8,0.55
3,1,2025-08-15,469.59,84.53
3,2,2025-08-15,134.17,12.08
3,3,2025-08-15,469.59,23.48
3,4,2025-08-15,134.17,8.05
3,5,2025-08-15,134.17,9.39
4,1,2025-08-15,144.28,25.97
4,2,2025-08-15,57.71,5.19
4,3,2025-08-15,28.86,1.44
4,4,2025-08-15,14.43,0.87
4,5,2025-08-15,43.28,3.03
5,1,2025-08-15,816.18,146.91
5,2,2025-08-15,466.39,41.98
5,3,2025-08-15,233.19,11.66
5,4,2025-08-15,233.19,13.99
5,5,2025-08-15,582.99,40.81
1,1,2025-08-16,219.97,39.59
1,2,2025-08-16,109.98,9.9
1,3,2025-08-16,43.99,2.2
1,4,2025-08-16,22.0,1.32
1,5,2025-08-16,43.99,3.08
2,1,2025-08-16,11.1,2.0
2,2,2025-08-16,4.16,0.37
2,3,2025-08-16,2.78,0.14
2,4,2025-08-16,5.55,0.33
2,5,2025-08-16,4.16,0.29
3,1,2025-08-16,309.31,55.68
3,2,2025-08-16,88.38,7.95
3,3,2025-08-16,309.31,15.47
3,4,2025-08-16,88.38,5.3
3,5,2025-08-16,88.38,6.19
4,1,2025-08-16,105.69,19.02
4,2,2025-08-16,42.28,3.81
4,3,2025-08-16,21.14,1.06
4,4,2025-08-16,10.57,0.63
4,5,2025-08-16,31.71,2.22
5,1,2025-08-16,598.58,107.74
5,2,2025-08-16,342.05,30.78
5,3,2025-08-16,171.02,8.55
5,4,2025-08-16,171.02,10.26
5,5,2025-08-16,427.56,29.93
1,1,2025-08-18,304.04,54.73
1,2,2025-08-18,152.02,13.68
1,3,2025-08-18,60.81,3.04
1,4,2025-08-18,30.4,1.82
1,5,2025-08-18,60.81,4.26
2,1,2025-08-18,25.26,4.55
2,2,2025-08-18,9.47,0.85
2,3,2025-08-18,6.32,0.32
2,4,2025-08-18,12.63,0.76
2,5,2025-08-18,9.47,0.66
3,1,2025-08-18,370.91,66.76
3,2,2025-08-18,105.97,9.54
3,3,2025-08-18,370.91,18.55
3,4,2025-08-18,105.97,6.36
3,5,2025-08-18,105.97,7.42
4,1,2025-08-18,139.05,25.03
4,2,2025-08-18,55.62,5.01
4,3,2025-08-18,27.81,1.39
4,4,2025-08-18,13.91,0.83
4,5,2025-08-18,41.72,2.92
5,1,2025-08-18,1057.76,190.4
5,2,2025-08-18,604.43,54.4
5,3,2025-08-18,302.22,15.11
5,4,2025-08-18,302.22,18.13
5,5,2025-08-18,755.54,52.89
1,1,2025-08-19,395.8,71.24
1,2,2025-08-19,197.9,17.81
1,3,2025-08-19,79.16,3.96
1,4,2025-08-19,39.58,2.37
1,5,2025-08-19,79.16,5.54
2,1,2025-08-19,21.39,3.85
2,2,2025-08-19,8.02,0.72
2,3,2025-08-19,5.35,0.27
2,4,2025-08-19,10.7,0.64
2,5,2025-08-19,8.02,0.56
3,1,2025-08-19,399.94,71.99
3,2,2025-08-19,114.27,10.28
3,3,2025-08-19,399.94,20.0
3,4,2025-08-19,114.27,6.86
3,5,2025-08-19,114.27,8.0
4,1,2025-08-19,215.19,38.73
4,2,2025-08-19,86.08,7.75
4,3,2025-08-19,43.04,2.15
4,4,2025-08-19,21.52,1.29
4,5,2025-08-19,64.56,4.52
5,1,2025-08-19,904.24,162.76
5,2,2025-08-19,516.71,46.5
5,3,2025-08-19,258.36,12.92
5,4,2025-08-19,258.36,15.5
5,5,2025-08-19,645.89,45.21
1,1,2025-08-20,348.61,62.75
1,2,2025-08-20,174.3,15.69
1,3,2025-08-20,69.72,3.49
1,4,2025-08-20,34.86,2.09
1,5,2025-08-20,69.72,4.88
2,1,2025-08-20,25.8,4.64
2,2,2025-08-20,9.68,0.87
2,3,2025-08-20,6.45,0.32
2,4,2025-08-20,12.9,0.77
2,5,2025-08-20,9.68,0.68
3,1,2025-08-20,464.44,83.6
3,2,2025-08-20,132.7,11.94
3,3,2025-08-20,464.44,23.22
3,4,2025-08-20,132.7,7.96
3,5,2025-08-20,132.7,9.29
4,1,2025-08-20,161.31,29.04
4,2,2025-08-20,64.52,5.81
4,3,2025-08-20,32.26,1.61
4,4,2025-08-20,16.13,0.97
4,5,2025-08-20,48.39,3.39
5,1,2025-08-20,973.95,175.31
5,2,2025-08-20,556.54,50.09
5,3,2025-08-20,278.27,13.91
5,4,2025-08-20,278.27,16.7
5,5,2025-08-20,695.68,48.7
1,1,2025-08-21,353.48,63.63
1,2,2025-08-21,176.74,15.91
1,3,2025-08-21,70.7,3.54
1,4,2025-08-21,35.35,2.12
1,5,2025-08-21,70.7,4.95
2,1,2025-08-21,20.22,3.64
2,2,2025-08-21,7.58,0.68
2,3,2025-08-21,5.05,0.25
2,4,2025-08-21,10.11,0.61
2,5,2025-08-21,7.58,0.53
3,1,2025-08-21,461.68,83.1
3,2,2025-08-21,131.91,11.87
3,3,2025-08-21,461.68,23.08
3,4,2025-08-21,131.91,7.91
3,5,2025-08-21,131.91,9.23
4,1,2025-08-21,164.38,29.59
4,2,2025-08-21,65.75,5.92
4,3,2025-08-21,32.88,1.64
4,4,2025-08-21,16.44,0.99
4,5,2025-08-21,49.32,3.45
5,1,2025-08-21,758.41,136.51
5,2,2025-08-21,433.38,39.0
5,3,2025-08-21,216.69,10.83
5,4,2025-08-21,216.69,13.0
5,5,2025-08-21,541.72,37.92
1,1,2025-08-22,376.68,67.8
1,2,2025-08-22,188.34,16.95
1,3,2025-08-22,75.34,3.77
1,4,2025-08-22,37.67,2.26
1,5,2025-08-22,75.34,5.27
2,1,2025-08-22,29.99,5.4
2,2,2025-08-22,11.25,1.01
2,3,2025-08-22,7.5,0.38
2,4,2025-08-22,14.99,0.9
2,5,2025-08-22,11.25,0.79
3,1,2025-08-22,470.8,84.74
3,2,2025-08-22,134.52,12.11
3,3,2025-08-22,470.8,23.54
3,4,2025-08-22,134.52,8.07
3,5,2025-08-22,134.52,9.42
4,1,2025-08-22,147.53,26.56
4,2,2025-08-22,59.01,5.31
4,3,2025-08-22,29.51,1.48
4,4,2025-08-22,14.75,0.89
4,5,2025-08-22,44.26,3.1
5,1,2025-08-22,884.54,159.22
5,2,2025-08-22,505.45,45.49
5,3,2025-08-22,252.73,12.64
5,4,2025-08-22,252.73,15.16
5,5,2025-08-22,631.82,44.23
1,1,2025-08-23,220.93,39.77
1,2,2025-08-23,110.46,9.94
1,3,2025-08-23,44.19,2.21
1,4,2025-08-23,22.09,1.33
1,5,2025-08-23,44.19,3.09
2,1,2025-08-23,14.88,2.68
2,2,2025-08-23,5.58,0.5
2,3,2025-08-23,3.72,0.19
2,4,2025-08-23,7.44,0.45
2,5,2025-08-23,5.58,0.39
3,1,2025-08-23,264.91,47.68
3,2,2025-08-23,75.69,6.81
3,3,2025-08-23,264.91,13.25
3,4,2025-08-23,75.69,4.54
3,5,2025-08-23,75.69,5.3
4,1,2025-08-23,114.97,20.69
4,2,2025-08-23,45.99,4.14
4,3,2025-08-23,22.99,1.15
4,4,2025-08-23,11.5,0.69
4,5,2025-08-23,34.49,2.41
5,1,2025-08-23,483.95,87.11
5,2,2025-08-23,276.54,24.89
5,3,2025-08-23,138.27,6.91
5,4,2025-08-23,138.27,8.3
5,5,2025-08-23,345.68,24.2
1,1,2025-08-25,353.67,63.66
1,2,2025-08-25,176.83,15.91
1,3,2025-08-25,70.73,3.54
1,4,2025-08-25,35.37,2.12
1,5,2025-08-25,70.73,4.95
2,1,2025-08-25,22.07,3.97
2,2,2025-08-25,8.28,0.75
2,3,2025-08-25,5.52,0.28
2,4,2025-08-25,11.03,0.66
2,5,2025-08-25,8.28,0.58
3,1,2025-08-25,355.59,64.01
3,2,2025-08-25,101.6,9.14
3,3,2025-08-25,355.59,17.78
3,4,2025-08-25,101.6,6.1
3,5,2025-08-25,101.6,7.11
4,1,2025-08-25,195.85,35.25
4,2,2025-08-25,78.34,7.05
4,3,2025-08-25,39.17,1.96
4,4,2025-08-25,19.59,1.18
4,5,2025-08-25,58.76,4.11
5,1,2025-08-25,989.38,178.09
5,2,2025-08-25,565.36,50.88
5,3,2025-08-25,282.68,14.13
5,4,2025-08-25,282.68,16.96
5,5,2025-08-25,706.7,49.47
1,1,2025-08-26,381.17,68.61
1,2,2025-08-26,190.59,17.15
1,3,2025-08-26,76.23,3.81
1,4,2025-08-26,38.12,2.29
1,5,2025-08-26,76.23,5.34
2,1,2025-08-26,22.18,3.99
2,2,2025-08-26,8.32,0.75
2,3,2025-08-26,5.55,0.28
2,4,2025-08-26,11.09,0.67
2,5,2025-08-26,8.32,0.58
3,1,2025-08-26,467.31,84.12
3,2,2025-08-26,133.52,12.02
3,3,2025-08-26,467.31,23.37
3,4,2025-08-26,133.52,8.01
3,5,2025-08-26,133.52,9.35
4,1,2025-08-26,208.41,37.51
4,2,2025-08-26,83.36,7.5
4,3,2025-08-26,41.68,2.08
4,4,2025-08-26,20.84,1.25
4,5,2025-08-26,62.52,4.38
5,1,2025-08-26,933.41,168.01
5,2,2025-08-26,533.38,48.0
5,3,2025-08-26,266.69,13.33
5,4,2025-08-26,266.69,16.0
5,5,2025-08-26,666.72,46.67
1,1,2025-08-27,263.26,47.39
1,2,2025-08-27,131.63,11.85
1,3,2025-08-27,52.65,2.63
1,4,2025-08-27,26.33,1.58
1,5,2025-08-27,52.65,3.69
2,1,2025-08-27,19.9,3.58
2,2,2025-08-27,7.46,0.67
2,3,2025-08-27,4.98,0.25
2,4,2025-08-27,9.95,0.6
2,5,2025-08-27,7.46,0.52
3,1,2025-08-27,519.37,93.49
3,2,2025-08-27,148.39,13.36
3,3,2025-08-27,519.37,25.97
3,4,2025-08-27,148.39,8.9
3,5,2025-08-27,148.39,10.39
4,1,2025-08-27,176.22,31.72
4,2,2025-08-27,70.49,6.34
4,3,2025-08-27,35.24,1.76
4,4,2025-08-27,17.62,1.06
4,5,2025-08-27,52.87,3.7
5,1,2025-08-27,910.68,163.92
5,2,2025-08-27,520.39,46.84
5,3,2025-08-27,260.19,13.01
5,4,2025-08-27,260.19,15.61
5,5,2025-08-27,650.49,45.53
1,1,2025-08-28,396.88,71.44
1,2,2025-08-28,198.44,17.86
1,3,2025-08-28,79.38,3.97
1,4,2025-08-28,39.69,2.38
1,5,2025-08-28,79.38,5.56
2,1,2025-08-28,17.03,3.07
2,2,2025-08-28,6.39,0.58
2,3,2025-08-28,4.26,0.21
2,4,2025-08-28,8.51,0.51
2,5,2025-08-28,6.39,0.45
3,1,2025-08-28,522.06,93.97
3,2,2025-08-28,149.16,13.42
3,3,2025-08-28,522.06,26.1
3,4,2025-08-28,149.16,8.95
3,5,2025-08-28,149.16,10.44
4,1,2025-08-28,187.78,33.8
4,2,2025-08-28,75.11,6.76
4,3,2025-08-28,37.56,1.88
4,4,2025-08-28,18.78,1.13
4,5,2025-08-28,56.33,3.94
5,1,2025-08-28,1083.45,195.02
5,2,2025-08-28,619.11,55.72
5,3,2025-08-28,309.56,15.48
5,4,2025-08-28,309.56,18.57
5,5,2025-08-28,773.89,54.17
1,1,2025-08-29,374.43,67.4
1,2,2025-08-29,187.21,16.85
1,3,2025-08-29,74.89,3.74
1,4,2025-08-29,37.44,2.25
1,5,2025-08-29,74.89,5.24
2,1,2025-08-29,21.05,3.79
2,2,2025-08-29,7.89,0.71
2,3,2025-08-29,5.26,0.26
2,4,2025-08-29,10.53,0.63
2,5,2025-08-29,7.89,0.55
3,1,2025-08-29,410.97,73.97
3,2,2025-08-29,117.42,10.57
3,3,2025-08-29,410.97,20.55
3,4,2025-08-29,117.42,7.05
3,5,2025-08-29,117.42,8.22
4,1,2025-08-29,188.61,33.95
4,2,2025-08-29,75.44,6.79
4,3,2025-08-29,37.72,1.89
4,4,2025-08-29,18.86,1.13
4,5,2025-08-29,56.58,3.96
5,1,2025-08-29,761.78,137.12
5,2,2025-08-29,435.3,39.18
5,3,2025-08-29,217.65,10.88
5,4,2025-08-29,217.65,13.06
5,5,2025-08-29,544.13,38.09
1,1,2025-08-30,218.56,39.34
1,2,2025-08-30,109.28,9.84
1,3,2025-08-30,43.71,2.19
1,4,2025-08-30,21.86,1.31
1,5,2025-08-30,43.71,3.06
2,1,2025-08-30,12.46,2.24
2,2,2025-08-30,4.67,0.42
2,3,2025-08-30,3.12,0.16
2,4,2025-08-30,6.23,0.37
2,5,2025-08-30,4.67,0.33
3,1,2025-08-30,266.75,48.02
3,2,2025-08-30,76.21,6.86
3,3,2025-08-30,266.75,13.34
3,4,2025-08-30,76.21,4.57
3,5,2025-08-30,76.21,5.33
4,1,2025-08-30,118.12,21.26
4,2,2025-08-30,47.25,4.25
4,3,2025-08-30,23.62,1.18
4,4,2025-08-30,11.81,0.71
4,5,2025-08-30,35.44,2.48
5,1,2025-08-30,466.4,83.95
5,2,2025-08-30,266.51,23.99
5,3,2025-08-30,133.26,6.66
5,4,2025-08-30,133.26,8.0
5,5,2025-08-30,333.14,23.32
1,1,2025-09-01,341.67,61.5
1,2,2025-09-01,170.83,15.37
1,3,2025-09-01,68.33,3.42
1,4,2025-09-01,34.17,2.05
1,5,2025-09-01,68.33,4.78
2,1,2025-09-01,16.68,3.0
2,2,2025-09-01,6.26,0.56
2,3,2025-09-01,4.17,0.21
2,4,2025-09-01,8.34,0.5
2,5,2025-09-01,6.26,0.44
3,1,2025-09-01,388.58,69.94
3,2,2025-09-01,111.02,9.99
3,3,2025-09-01,388.58,19.43
3,4,2025-09-01,111.02,6.66
3,5,2025-09-01,111.02,7.77
4,1,2025-09-01,175.58,31.6
4,2,2025-09-01,70.23,6.32
4,3,2025-09-01,35.12,1.76
4,4,2025-09-01,17.56,1.05
4,5,2025-09-01,52.67,3.69
5,1,2025-09-01,1065.7,191.83
5,2,2025-09-01,608.97,54.81
5,3,2025-09-01,304.49,15.22
5,4,2025-09-01,304.49,18.27
5,5,2025-09-01,761.22,53.29
1,1,2025-09-02,342.45,61.64
1,2,2025-09-02,171.23,15.41
1,3,2025-09-02,68.49,3.42
1,4,2025-09-02,34.25,2.05
1,5,2025-09-02,68.49,4.79
2,1,2025-09-02,28.29,5.09
2,2,2025-09-02,10.61,0.95
2,3,2025-09-02,7.07,0.35
2,4,2025-09-02,14.14,0.85
2,5,2025-09-02,10.61,0.74
3,1,2025-09-02,381.3,68.63
3,2,2025-09-02,108.94,9.8
3,3,2025-09-02,381.3,19.07
3,4,2025-09-02,108.94,6.54
3,5,2025-09-02,108.94,7.63
4,1,2025-09-02,217.16,39.09
4,2,2025-09-02,86.86,7.82
4,3,2025-09-02,43.43,2.17
4,4,2025-09-02,21.72,1.3
4,5,2025-09-02,65.15,4.56
5,1,2025-09-02,851.25,153.22
5,2,2025-09-02,486.43,43.78
5,3,2025-09-02,243.21,12.16
5,4,2025-09-02,243.21,14.59
5,5,2025-09-02,608.03,42.56
1,1,2025-09-03,399.81,71.97
1,2,2025-09-03,199.91,17.99
1,3,2025-09-03,79.96,4.0
1,4,2025-09-03,39.98,2.4
1,5,2025-09-03,79.96,5.6
2,1,2025-09-03,30.52,5.49
2,2,2025-09-03,11.44,1.03
2,3,2025-09-03,7.63,0.38
2,4,2025-09-03,15.26,0.92
2,5,2025-09-03,11.44,0.8
3,1,2025-09-03,369.97,66.59
3,2,2025-09-03,105.71,9.51
3,3,2025-09-03,369.97,18.5
3,4,2025-09-03,105.71,6.34
3,5,2025-09-03,105.71,7.4
4,1,2025-09-03,201.55,36.28
4,2,2025-09-03,80.62,7.26
4,3,2025-09-03,40.31,2.02
4,4,2025-09-03,20.16,1.21
4,5,2025-09-03,60.47,4.23
5,1,2025-09-03,1054.77,189.86
5,2,2025-09-03,602.73,54.25
5,3,2025-09-03,301.36,15.07
5,4,2025-09-03,301.36,18.08
5,5,2025-09-03,753.41,52.74
1,1,2025-09-04,343.04,61.75
1,2,2025-09-04,171.52,15.44
1,3,2025-09-04,68.61,3.43
1,4,2025-09-04,34.3,2.06
1,5,2025-09-04,68.61,4.8
2,1,2025-09-04,26.82,4.83
2,2,2025-09-04,10.06,0.91
2,3,2025-09-04,6.71,0.34
2,4,2025-09-04,13.41,0.8
2,5,2025-09-04,10.06,0.7
3,1,2025-09-04,363.05,65.35
3,2,2025-09-04,103.73,9.34
3,3,2025-09-04,363.05,18.15
3,4,2025-09-04,103.73,6.22
3,5,2025-09-04,103.73,7.26
4,1,2025-09-04,184.88,33.28
4,2,2025-09-04,73.95,6.66
4,3,2025-09-04,36.98,1.85
4,4,2025-09-04,18.49,1.11
4,5,2025-09-04,55.46,3.88
5,1,2025-09-04,1008.59,181.55
5,2,2025-09-04,576.34,51.87
5,3,2025-09-04,288.17,14.41
5,4,2025-09-04,288.17,17.29
5,5,2025-09-04,720.42,50.43
1,1,2025-09-05,339.77,61.16
1,2,2025-09-05,169.89,15.29
1,3,2025-09-05,67.95,3.4
1,4,2025-09-05,33.98,2.04
1,5,2025-09-05,67.95,4.76
2,1,2025-09-05,26.96,4.85
2,2,2025-09-05,10.11,0.91
2,3,2025-09-05,6.74,0.34
2,4,2025-09-05,13.48,0.81
2,5,2025-09-05,10.11,0.71
3,1,2025-09-05,385.69,69.42
3,2,2025-09-05,110.2,9.92
3,3,2025-09-05,385.69,19.28
3,4,2025-09-05,110.2,6.61
3,5,2025-09-05,110.2,7.71
4,1,2025-09-05,246.84,44.43
4,2,2025-09-05,98.74,8.89
4,3,2025-09-05,49.37,2.47
4,4,2025-09-05,24.68,1.48
4,5,2025-09-05,74.05,5.18
5,1,2025-09-05,888.39,159.91
5,2,2025-09-05,507.65,45.69
5,3,2025-09-05,253.83,12.69
5,4,2025-09-05,253.83,15.23
5,5,2025-09-05,634.56,44.42
1,1,2025-09-06,220.53,39.7
1,2,2025-09-06,110.26,9.92
1,3,2025-09-06,44.11,2.21
1,4,2025-09-06,22.05,1.32
1,5,2025-09-06,44.11,3.09
2,1,2025-09-06,18.16,3.27
2,2,2025-09-06,6.81,0.61
2,3,2025-09-06,4.54,0.23
2,4,2025-09-06,9.08,0.54
2,5,2025-09-06,6.81,0.48
3,1,2025-09-06,195.61,35.21
3,2,2025-09-06,55.89,5.03
3,3,2025-09-06,195.61,9.78
3,4,2025-09-06,55.89,3.35
3,5,2025-09-06,55.89,3.91
4,1,2025-09-06,142.66,25.68
4,2,2025-09-06,57.06,5.14
4,3,2025-09-06,28.53,1.43
4,4,2025-09-06,14.27,0.86
4,5,2025-09-06,42.8,3.0
5,1,2025-09-06,676.59,121.79
5,2,2025-09-06,386.62,34.8
5,3,2025-09-06,193.31,9.67
5,4,2025-09-06,193.31,11.6
5,5,2025-09-06,483.28,33.83
1,1,2025-09-08,398.42,71.72
1,2,2025-09-08,199.21,17.93
1,3,2025-09-08,79.68,3.98
1,4,2025-09-08,39.84,2.39
1,5,2025-09-08,79.68,5.58
2,1,2025-09-08,26.76,4.82
2,2,2025-09-08,10.03,0.9
2,3,2025-09-08,6.69,0.33
2,4,2025-09-08,13.38,0.8
2,5,2025-09-08,10.03,0.7
3,1,2025-09-08,327.87,59.02
3,2,2025-09-08,93.68,8.43
3,3,2025-09-08,327.87,16.39
3,4,2025-09-08,93.68,5.62
3,5,2025-09-08,93.68,6.56
4,1,2025-09-08,193.23,34.78
4,2,2025-09-08,77.29,6.96
4,3,2025-09-08,38.65,1.93
4,4,2025-09-08,19.32,1.16
4,5,2025-09-08,57.97,4.06
5,1,2025-09-08,1141.35,205.44
5,2,2025-09-08,652.2,58.7
5,3,2025-09-08,326.1,16.31
5,4,2025-09-08,326.1,19.57
5,5,2025-09-08,815.25,57.07
1,1,2025-09-09,315.56,56.8
1,2,2025-09-09,157.78,14.2
1,3,2025-09-09,63.11,3.16
1,4,2025-09-09,31.56,1.89
1,5,2025-09-09,63.11,4.42
2,1,2025-09-09,18.19,3.27
2,2,2025-09-09,6.82,0.61
2,3,2025-09-09,4.55,0.23
2,4,2025-09-09,9.1,0.55
2,5,2025-09-09,6.82,0.48
3,1,2025-09-09,313.12,56.36
3,2,2025-09-09,89.46,8.05
3,3,2025-09-09,313.12,15.66
3,4,2025-09-09,89.46,5.37
3,5,2025-09-09,89.46,6.26
4,1,2025-09-09,251.84,45.33
4,2,2025-09-09,100.74,9.07
4,3,2025-09-09,50.37,2.52
4,4,2025-09-09,25.18,1.51
4,5,2025-09-09,75.55,5.29
5,1,2025-09-09,896.14,161.31
5,2,2025-09-09,512.08,46.09
5,3,2025-09-09,256.04,12.8
5,4,2025-09-09,256.04,15.36
5,5,2025-09-09,640.1,44.81
1,1,2025-09-10,286.61,51.59
1,2,2025-09-10,143.3,12.9
1,3,2025-09-10,57.32,2.87
1,4,2025-09-10,28.66,1.72
1,5,2025-09-10,57.32,4.01
2,1,2025-09-10,21.17,3.81
2,2,2025-09-10,7.94,0.71
2,3,2025-09-10,5.29,0.26
2,4,2025-09-10,10.58,0.63
2,5,2025-09-10,7.94,0.56
3,1,2025-09-10,419.64,75.54
3,2,2025-09-10,119.9,10.79
3,3,2025-09-10,419.64,20.98
3,4,2025-09-10,119.9,7.19
3,5,2025-09-10,119.9,8.39
4,1,2025-09-10,171.9,30.94
4,2,2025-09-10,68.76,6.19
4,3,2025-09-10,34.38,1.72
4,4,2025-09-10,17.19,1.03
4,5,2025-09-10,51.57,3.61
5,1,2025-09-10,698.63,125.75
5,2,2025-09-10,399.22,35.93
5,3,2025-09-10,199.61,9.98
5,4,2025-09-10,199.61,11.98
5,5,2025-09-10,499.02,34.93
1,1,2025-09-11,316.64,57.0
1,2,2025-09-11,158.32,14.25
1,3,2025-09-11,63.33,3.17
1,4,2025-09-11,31.66,1.9
1,5,2025-09-11,63.33,4.43
2,1,2025-09-11,27.95,5.03
2,2,2025-09-11,10.48,0.94
2,3,2025-09-11,6.99,0.35
2,4,2025-09-11,13.98,0.84
2,5,2025-09-11,10.48,0.73
3,1,2025-09-11,447.0,80.46
3,2,2025-09-11,127.71,11.49
3,3,2025-09-11,447.0,22.35
3,4,2025-09-11,127.71,7.66
3,5,2025-09-11,127.71,8.94
4,1,2025-09-11,177.04,31.87
4,2,2025-09-11,70.82,6.37
4,3,2025-09-11,35.41,1.77
4,4,2025-09-11,17.7,1.06
4,5,2025-09-11,53.11,3.72
5,1,2025-09-11,848.32,152.7
5,2,2025-09-11,484.76,43.63
5,3,2025-09-11,242.38,12.12
5,4,2025-09-11,242.38,14.54
5,5,2025-09-11,605.95,42.42
1,1,2025-09-12,335.2,60.34
1,2,2025-09-12,167.6,15.08
1,3,2025-09-12,67.04,3.35
1,4,2025-09-12,33.52,2.01
1,5,2025-09-12,67.04,4.69
2,1,2025-09-12,23.27,4.19
2,2,2025-09-12,8.73,0.79
2,3,2025-09-12,5.82,0.29
2,4,2025-09-12,11.63,0.7
2,5,2025-09-12,8.73,0.61
3,1,2025-09-12,393.8,70.88
3,2,2025-09-12,112.51,10.13
3,3,2025-09-12,393.8,19.69
3,4,2025-09-12,112.51,6.75
3,5,2025-09-12,112.51,7.88
4,1,2025-09-12,146.68,26.4
4,2,2025-09-12,58.67,5.28
4,3,2025-09-12,29.34,1.47
4,4,2025-09-12,14.67,0.88
4,5,2025-09-12,44.0,3.08
5,1,2025-09-12,1046.94,188.45
5,2,2025-09-12,598.25,53.84
5,3,2025-09-12,299.12,14.96
5,4,2025-09-12,299.12,17.95
5,5,2025-09-12,747.81,52.35
1,1,2025-09-13,217.47,39.14
1,2,2025-09-13,108.73,9.79
1,3,2025-09-13,43.49,2.17
1,4,2025-09-13,21.75,1.3
1,5,2025-09-13,43.49,3.04
2,1,2025-09-13,13.2,2.38
2,2,2025-09-13,4.95,0.45
2,3,2025-09-13,3.3,0.17
2,4,2025-09-13,6.6,0.4
2,5,2025-09-13,4.95,0.35
3,1,2025-09-13,221.74,39.91
3,2,2025-09-13,63.35,5.7
3,3,2025-09-13,221.74,11.09
3,4,2025-09-13,63.35,3.8
3,5,2025-09-13,63.35,4.43
4,1,2025-09-13,90.98,16.38
4,2,2025-09-13,36.39,3.28
4,3,2025-09-13,18.2,0.91
4,4,2025-09-13,9.1,0.55
4,5,2025-09-13,27.29,1.91
5,1,2025-09-13,431.04,77.59
5,2,2025-09-13,246.31,22.17
5,3,2025-09-13,123.15,6.16
5,4,2025-09-13,123.15,7.39
5,5,2025-09-13,307.88,21.55
1,1,2025-09-15,345.61,62.21
1,2,2025-09-15,172.81,15.55
1,3,2025-09-15,69.12,3.46
1,4,2025-09-15,34.56,2.07
1,5,2025-09-15,69.12,4.84
2,1,2025-09-15,32.02,5.76
2,2,2025-09-15,12.01,1.08
2,3,2025-09-15,8.01,0.4
2,4,2025-09-15,16.01,0.96
2,5,2025-09-15,12.01,0.84
3,1,2025-09-15,371.22,66.82
3,2,2025-09-15,106.06,9.55
3,3,2025-09-15,371.22,18.56
3,4,2025-09-15,106.06,6.36
3,5,2025-09-15,106.06,7.42
4,1,2025-09-15,157.66,28.38
4,2,2025-09-15,63.07,5.68
4,3,2025-09-15,31.53,1.58
4,4,2025-09-15,15.77,0.95
4,5,2025-09-15,47.3,3.31
5,1,2025-09-15,872.33,157.02
5,2,2025-09-15,498.47,44.86
5,3,2025-09-15,249.24,12.46
5,4,2025-09-15,249.24,14.95
5,5,2025-09-15,623.09,43.62
1,1,2025-09-16,403.11,72.56
1,2,2025-09-16,201.56,18.14
1,3,2025-09-16,80.62,4.03
1,4,2025-09-16,40.31,2.42
1,5,2025-09-16,80.62,5.64
2,1,2025-09-16,27.48,4.95
2,2,2025-09-16,10.3,0.93
2,3,2025-09-16,6.87,0.34
2,4,2025-09-16,13.74,0.82
2,5,2025-09-16,10.3,0.72
3,1,2025-09-16,303.37,54.61
3,2,2025-09-16,86.68,7.8
3,3,2025-09-16,303.37,15.17
3,4,2025-09-16,86.68,5.2
3,5,2025-09-16,86.68,6.07
4,1,2025-09-16,192.21,34.6
4,2,2025-09-16,76.88,6.92
4,3,2025-09-16,38.44,1.92
4,4,2025-09-16,19.22,1.15
4,5,2025-09-16,57.66,4.04
5,1,2025-09-16,1099.59,197.93
5,2,2025-09-16,628.34,56.55
5,3,2025-09-16,314.17,15.71
5,4,2025-09-16,314.17,18.85
5,5,2025-09-16,785.42,54.98
1,1,2025-09-17,353.13,63.56
1,2,2025-09-17,176.56,15.89
1,3,2025-09-17,70.63,3.53
1,4,2025-09-17,35.31,2.12
1,5,2025-09-17,70.63,4.94
2,1,2025-09-17,23.62,4.25
2,2,2025-09-17,8.86,0.8
2,3,2025-09-17,5.91,0.3
2,4,2025-09-17,11.81,0.71
2,5,2025-09-17,8.86,0.62
3,1,2025-09-17,415.92,74.87
3,2,2025-09-17,118.83,10.69
3,3,2025-09-17,415.92,20.8
3,4,2025-09-17,118.83,7.13
3,5,2025-09-17,118.83,8.32
4,1,2025-09-17,156.17,28.11
4,2,2025-09-17,62.47,5.62
4,3,2025-09-17,31.23,1.56
4,4,2025-09-17,15.62,0.94
4,5,2025-09-17,46.85,3.28
5,1,2025-09-17,984.65,177.24
5,2,2025-09-17,562.66,50.64
5,3,2025-09-17,281.33,14.07
5,4,2025-09-17,281.33,16.88
5,5,2025-09-17,703.32,49.23
1,1,2025-09-18,309.12,55.64
1,2,2025-09-18,154.56,13.91
1,3,2025-09-18,61.82,3.09
1,4,2025-09-18,30.91,1.85
1,5,2025-09-18,61.82,4.33
2,1,2025-09-18,25.26,4.55
2,2,2025-09-18,9.47,0.85
2,3,2025-09-18,6.32,0.32
2,4,2025-09-18,12.63,0.76
2,5,2025-09-18,9.47,0.66
3,1,2025-09-18,358.83,64.59
3,2,2025-09-18,102.52,9.23
3,3,2025-09-18,358.83,17.94
3,4,2025-09-18,102.52,6.15
3,5,2025-09-18,102.52,7.18
4,1,2025-09-18,164.0,29.52
4,2,2025-09-18,65.6,5.9
4,3,2025-09-18,32.8,1.64
4,4,2025-09-18,16.4,0.98
4,5,2025-09-18,49.2,3.44
5,1,2025-09-18,926.41,166.75
5,2,2025-09-18,529.38,47.64
5,3,2025-09-18,264.69,13.23
5,4,2025-09-18,264.69,15.88
5,5,2025-09-18,661.72,46.32
1,1,2025-09-19,427.05,76.87
1,2,2025-09-19,213.53,19.22
1,3,2025-09-19,85.41,4.27
1,4,2025-09-19,42.71,2.56
1,5,2025-09-19,85.41,5.98
2,1,2025-09-19,25.48,4.59
2,2,2025-09-19,9.55,0.86
2,3,2025-09-19,6.37,0.32
2,4,2025-09-19,12.74,0.76
2,5,2025-09-19,9.55,0.67
3,1,2025-09-19,413.44,74.42
3,2,2025-09-19,118.12,10.63
3,3,2025-09-19,413.44,20.67
3,4,2025-09-19,118.12,7.09
3,5,2025-09-19,118.12,8.27
4,1,2025-09-19,169.1,30.44
4,2,2025-09-19,67.64,6.09
4,3,2025-09-19,33.82,1.69
4,4,2025-09-19,16.91,1.01
4,5,2025-09-19,50.73,3.55
5,1,2025-09-19,959.02,172.62
5,2,2025-09-19,548.01,49.32
5,3,2025-09-19,274.01,13.7
5,4,2025-09-19,274.01,16.44
5,5,2025-09-19,685.01,47.95
1,1,2025-09-20,227.49,40.95
1,2,2025-09-20,113.74,10.24
1,3,2025-09-20,45.5,2.27
1,4,2025-09-20,22.75,1.36
1,5,2025-09-20,45.5,3.19
2,1,2025-09-20,9.34,1.68
2,2,2025-09-20,3.5,0.32
2,3,2025-09-20,2.34,0.12
2,4,2025-09-20,4.67,0.28
2,5,2025-09-20,3.5,0.25
3,1,2025-09-20,218.0,39.24
3,2,2025-09-20,62.29,5.61
3,3,2025-09-20,218.0,10.9
3,4,2025-09-20,62.29,3.74
3,5,2025-09-20,62.29,4.36
4,1,2025-09-20,98.84,17.79
4,2,2025-09-20,39.54,3.56
4,3,2025-09-20,19.77,0.99
4,4,2025-09-20,9.88,0.59
4,5,2025-09-20,29.65,2.08
5,1,2025-09-20,599.7,107.95
5,2,2025-09-20,342.69,30.84
5,3,2025-09-20,171.34,8.57
5,4,2025-09-20,171.34,10.28
5,5,2025-09-20,428.36,29.99
1,1,2025-09-22,353.83,63.69
1,2,2025-09-22,176.91,15.92
1,3,2025-09-22,70.77,3.54
1,4,2025-09-22,35.38,2.12
1,5,2025-09-22,70.77,4.95
2,1,2025-09-22,25.11,4.52
2,2,2025-09-22,9.42,0.85
2,3,2025-09-22,6.28,0.31
2,4,2025-09-22,12.56,0.75
2,5,2025-09-22,9.42,0.66
3,1,2025-09-22,378.76,68.18
3,2,2025-09-22,108.22,9.74
3,3,2025-09-22,378.76,18.94
3,4,2025-09-22,108.22,6.49
3,5,2025-09-22,108.22,7.58
4,1,2025-09-22,239.46,43.1
4,2,2025-09-22,95.78,8.62
4,3,2025-09-22,47.89,2.39
4,4,2025-09-22,23.95,1.44
4,5,2025-09-22,71.84,5.03
5,1,2025-09-22,1126.4,202.75
5,2,2025-09-22,643.66,57.93
5,3,2025-09-22,321.83,16.09
5,4,2025-09-22,321.83,19.31
5,5,2025-09-22,804.57,56.32
1,1,2025-09-23,409.5,73.71
1,2,2025-09-23,204.75,18.43
1,3,2025-09-23,81.9,4.1
1,4,2025-09-23,40.95,2.46
1,5,2025-09-23,81.9,5.73
2,1,2025-09-23,26.61,4.79
2,2,2025-09-23,9.98,0.9
2,3,2025-09-23,6.65,0.33
2,4,2025-09-23,13.31,0.8
2,5,2025-09-23,9.98,0.7
3,1,2025-09-23,393.01,70.74
3,2,2025-09-23,112.29,10.11
3,3,2025-09-23,393.01,19.65
3,4,2025-09-23,112.29,6.74
3,5,2025-09-23,112.29,7.86
4,1,2025-09-23,181.69,32.7
4,2,2025-09-23,72.68,6.54
4,3,2025-09-23,36.34,1.82
4,4,2025-09-23,18.17,1.09
4,5,2025-09-23,54.51,3.82
5,1,2025-09-23,983.71,177.07
5,2,2025-09-23,562.12,50.59
5,3,2025-09-23,281.06,14.05
5,4,2025-09-23,281.06,16.86
5,5,2025-09-23,702.65,49.19
1,1,2025-09-24,421.73,75.91
1,2,2025-09-24,210.87,18.98
1,3,2025-09-24,84.35,4.22
1,4,2025-09-24,42.17,2.53
1,5,2025-09-24,84.35,5.9
2,1,2025-09-24,18.65,3.36
2,2,2025-09-24,6.99,0.63
2,3,2025-09-24,4.66,0.23
2,4,2025-09-24,9.33,0.56
2,5,2025-09-24,6.99,0.49
3,1,2025-09-24,283.1,50.96
3,2,2025-09-24,80.89,7.28
3,3,2025-09-24,283.1,14.16
3,4,2025-09-24,80.89,4.85
3,5,2025-09-24,80.89,5.66
4,1,2025-09-24,231.66,41.7
4,2,2025-09-24,92.66,8.34
4,3,2025-09-24,46.33,2.32
4,4,2025-09-24,23.17,1.39
4,5,2025-09-24,69.5,4.87
5,1,2025-09-24,880.9,158.56
5,2,2025-09-24,503.37,45.3
5,3,2025-09-24,251.69,12.58
5,4,2025-09-24,251.69,15.1
5,5,2025-09-24,629.22,44.05
1,1,2025-09-25,334.86,60.27
1,2,2025-09-25,167.43,15.07
1,3,2025-09-25,66.97,3.35
1,4,2025-09-25,33.49,2.01
1,5,2025-09-25,66.97,4.69
2,1,2025-09-25,23.68,4.26
2,2,2025-09-25,8.88,0.8
2,3,2025-09-25,5.92,0.3
2,4,2025-09-25,11.84,0.71
2,5,2025-09-25,8.88,0.62
3,1,2025-09-25,416.07,74.89
3,2,2025-09-25,118.88,10.7
3,3,2025-09-25,416.07,20.8
3,4,2025-09-25,118.88,7.13
3,5,2025-09-25,118.88,8.32
4,1,2025-09-25,156.04,28.09
4,2,2025-09-25,62.42,5.62
4,3,2025-09-25,31.21,1.56
4,4,2025-09-25,15.6,0.94
4,5,2025-09-25,46.81,3.28
5,1,2025-09-25,1026.6,184.79
5,2,2025-09-25,586.63,52.8
5,3,2025-09-25,293.31,14.67
5,4,2025-09-25,293.31,17.6
5,5,2025-09-25,733.28,51.33
1,1,2025-09-26,336.08,60.49
1,2,2025-09-26,168.04,15.12
1,3,2025-09-26,67.22,3.36
1,4,2025-09-26,33.61,2.02
1,5,2025-09-26,67.22,4.71
2,1,2025-09-26,19.43,3.5
2,2,2025-09-26,7.29,0.66
2,3,2025-09-26,4.86,0.24
2,4,2025-09-26,9.71,0.58
2,5,2025-09-26,7.29,0.51
3,1,2025-09-26,358.3,64.49
3,2,2025-09-26,102.37,9.21
3,3,2025-09-26,358.3,17.92
3,4,2025-09-26,102.37,6.14
3,5,2025-09-26,102.37,7.17
4,1,2025-09-26,214.99,38.7
4,2,2025-09-26,85.99,7.74
4,3,2025-09-26,43.0,2.15
4,4,2025-09-26,21.5,1.29
4,5,2025-09-26,64.5,4.52
5,1,2025-09-26,1043.0,187.74
5,2,2025-09-26,596.0,53.64
5,3,2025-09-26,298.0,14.9
5,4,2025-09-26,298.0,17.88
5,5,2025-09-26,745.0,52.15
1,1,2025-09-27,212.09,38.18
1,2,2025-09-27,106.05,9.54
1,3,2025-09-27,42.42,2.12
1,4,2025-09-27,21.21,1.27
1,5,2025-09-27,42.42,2.97
2,1,2025-09-27,14.0,2.52
2,2,2025-09-27,5.25,0.47
2,3,2025-09-27,3.5,0.18
2,4,2025-09-27,7.0,0.42
2,5,2025-09-27,5.25,0.37
3,1,2025-09-27,190.87,34.36
3,2,2025-09-27,54.53,4.91
3,3,2025-09-27,190.87,9.54
3,4,2025-09-27,54.53,3.27
3,5,2025-09-27,54.53,3.82
4,1,2025-09-27,89.11,16.04
4,2,2025-09-27,35.65,3.21
4,3,2025-09-27,17.82,0.89
4,4,2025-09-27,8.91,0.53
4,5,2025-09-27,26.73,1.87
5,1,2025-09-27,520.88,93.76
5,2,2025-09-27,297.64,26.79
5,3,2025-09-27,148.82,7.44
5,4,2025-09-27,148.82,8.93
5,5,2025-09-27,372.06,26.04
1,1,2025-09-29,345.56,62.2
1,2,2025-09-29,172.78,15.55
1,3,2025-09-29,69.11,3.46
1,4,2025-09-29,34.56,2.07
1,5,2025-09-29,69.11,4.84
2,1,2025-09-29,18.78,3.38
2,2,2025-09-29,7.04,0.63
2,3,2025-09-29,4.7,0.24
2,4,2025-09-29,9.39,0.56
2,5,2025-09-29,7.04,0.49
3,1,2025-09-29,392.44,70.64
3,2,2025-09-29,112.13,10.09
3,3,2025-09-29,392.44,19.62
3,4,2025-09-29,112.13,6.73
3,5,2025-09-29,112.13,7.85
4,1,2025-09-29,215.31,38.76
4,2,2025-09-29,86.12,7.75
4,3,2025-09-29,43.06,2.15
4,4,2025-09-29,21.53,1.29
4,5,2025-09-29,64.59,4.52
5,1,2025-09-29,949.05,170.83
5,2,2025-09-29,542.31,48.81
5,3,2025-09-29,271.16,13.56
5,4,2025-09-29,271.16,16.27
5,5,2025-09-29,677.89,47.45
1,1,2025-09-30,357.38,64.33
1,2,2025-09-30,178.69,16.08
1,3,2025-09-30,71.48,3.57
1,4,2025-09-30,35.74,2.14
1,5,2025-09-30,71.48,5.0
2,1,2025-09-30,31.66,5.7
2,2,2025-09-30,11.87,1.07
2,3,2025-09-30,7.92,0.4
2,4,2025-09-30,15.83,0.95
2,5,2025-09-30,11.87,0.83
3,1,2025-09-30,388.75,69.97
3,2,2025-09-30,111.07,10.0
3,3,2025-09-30,388.75,19.44
3,4,2025-09-30,111.07,6.66
3,5,2025-09-30,111.07,7.77
4,1,2025-09-30,158.97,28.61
4,2,2025-09-30,63.59,5.72
4,3,2025-09-30,31.79,1.59
4,4,2025-09-30,15.9,0.95
4,5,2025-09-30,47.69,3.34
5,1,2025-09-30,852.65,153.48
5,2,2025-09-30,487.23,43.85
5,3,2025-09-30,243.61,12.18
5,4,2025-09-30,243.61,14.62
5,5,2025-09-30,609.03,42.63
1,1,2025-10-01,363.59,65.45
1,2,2025-10-01,181.79,16.36
1,3,2025-10-01,72.72,3.64
1,4,2025-10-01,36.36,2.18
1,5,2025-10-01,72.72,5.09
2,1,2025-10-01,19.74,3.55
2,2,2025-10-01,7.4,0.67
2,3,2025-10-01,4.93,0.25
2,4,2025-10-01,9.87,0.59
2,5,2025-10-01,7.4,0.52
3,1,2025-10-01,370.6,66.71
3,2,2025-10-01,105.89,9.53
3,3,2025-10-01,370.6,18.53
3,4,2025-10-01,105.89,6.35
3,5,2025-10-01,105.89,7.41
4,1,2025-10-01,166.49,29.97
4,2,2025-10-01,66.6,5.99
4,3,2025-10-01,33.3,1.67
4,4,2025-10-01,16.65,1.0
4,5,2025-10-01,49.95,3.5
5,1,2025-10-01,1007.3,181.31
5,2,2025-10-01,575.6,51.8
5,3,2025-10-01,287.8,14.39
5,4,2025-10-01,287.8,17.27
5,5,2025-10-01,719.5,50.37
1,1,2025-10-02,411.93,74.15
1,2,2025-10-02,205.97,18.54
1,3,2025-10-02,82.39,4.12
1,4,2025-10-02,41.19,2.47
1,5,2025-10-02,82.39,5.77
2,1,2025-10-02,28.48,5.13
2,2,2025-10-02,10.68,0.96
2,3,2025-10-02,7.12,0.36
2,4,2025-10-02,14.24,0.85
2,5,2025-10-02,10.68,0.75
3,1,2025-10-02,351.69,63.3
3,2,2025-10-02,100.48,9.04
3,3,2025-10-02,351.69,17.58
3,4,2025-10-02,100.48,6.03
3,5,2025-10-02,100.48,7.03
4,1,2025-10-02,211.01,37.98
4,2,2025-10-02,84.4,7.6
4,3,2025-10-02,42.2,2.11
4,4,2025-10-02,21.1,1.27
4,5,2025-10-02,63.3,4.43
5,1,2025-10-02,857.35,154.32
5,2,2025-10-02,489.91,44.09
5,3,2025-10-02,244.96,12.25
5,4,2025-10-02,244.96,14.7
5,5,2025-10-02,612.39,42.87
1,1,2025-10-03,323.64,58.26
1,2,2025-10-03,161.82,14.56
1,3,2025-10-03,64.73,3.24
1,4,2025-10-03,32.36,1.94
1,5,2025-10-03,64.73,4.53
2,1,2025-10-03,23.74,4.27
2,2,2025-10-03,8.9,0.8
2,3,2025-10-03,5.94,0.3
2,4,2025-10-03,11.87,0.71
2,5,2025-10-03,8.9,0.62
3,1,2025-10-03,353.99,63.72
3,2,2025-10-03,101.14,9.1
3,3,2025-10-03,353.99,17.7
3,4,2025-10-03,101.14,6.07
3,5,2025-10-03,101.14,7.08
4,1,2025-10-03,162.99,29.34
4,2,2025-10-03,65.2,5.87
4,3,2025-10-03,32.6,1.63
4,4,2025-10-03,16.3,0.98
4,5,2025-10-03,48.9,3.42
5,1,2025-10-03,777.01,139.86
5,2,2025-10-03,444.0,39.96
5,3,2025-10-03,222.0,11.1
5,4,2025-10-03,222.0,13.32
5,5,2025-10-03,555.0,38.85
1,1,2025-10-04,161.06,28.99
1,2,2025-10-04,80.53,7.25
1,3,2025-10-04,32.21,1.61
1,4,2025-10-04,16.11,0.97
1,5,2025-10-04,32.21,2.25
2,1,2025-10-04,13.34,2.4
2,2,2025-10-04,5.0,0.45
2,3,2025-10-04,3.34,0.17
2,4,2025-10-04,6.67,0.4
2,5,2025-10-04,5.0,0.35
3,1,2025-10-04,265.04,47.71
3,2,2025-10-04,75.73,6.82
3,3,2025-10-04,265.04,13.25
3,4,2025-10-04,75.73,4.54
3,5,2025-10-04,75.73,5.3
4,1,2025-10-04,109.72,19.75
4,2,2025-10-04,43.89,3.95
4,3,2025-10-04,21.95,1.1
4,4,2025-10-04,10.97,0.66
4,5,2025-10-04,32.92,2.3
5,1,2025-10-04,580.15,104.43
5,2,2025-10-04,331.52,29.84
5,3,2025-10-04,165.76,8.29
5,4,2025-10-04,165.76,9.95
5,5,2025-10-04,414.39,29.01
1,1,2025-10-06,400.62,72.11
1,2,2025-10-06,200.31,18.03
1,3,2025-10-06,80.12,4.01
1,4,2025-10-06,40.06,2.4
1,5,2025-10-06,80.12,5.61
2,1,2025-10-06,26.66,4.8
2,2,2025-10-06,10.0,0.9
2,3,2025-10-06,6.67,0.33
2,4,2025-10-06,13.33,0.8
2,5,2025-10-06,10.0,0.7
3,1,2025-10-06,334.38,60.19
3,2,2025-10-06,95.54,8.6
3,3,2025-10-06,334.38,16.72
3,4,2025-10-06,95.54,5.73
3,5,2025-10-06,95.54,6.69
4,1,2025-10-06,159.19,28.65
4,2,2025-10-06,63.68,5.73
4,3,2025-10-06,31.84,1.59
4,4,2025-10-06,15.92,0.96
4,5,2025-10-06,47.76,3.34
5,1,2025-10-06,952.17,171.39
5,2,2025-10-06,544.1,48.97
5,3,2025-10-06,272.05,13.6
5,4,2025-10-06,272.05,16.32
5,5,2025-10-06,680.12,47.61
1,1,2025-10-07,351.07,63.19
1,2,2025-10-07,175.53,15.8
1,3,2025-10-07,70.21,3.51
1,4,2025-10-07,35.11,2.11
1,5,2025-10-07,70.21,4.91
2,1,2025-10-07,18.13,3.26
2,2,2025-10-07,6.8,0.61
2,3,2025-10-07,4.53,0.23
2,4,2025-10-07,9.07,0.54
2,5,2025-10-07,6.8,0.48
3,1,2025-10-07,399.67,71.94
3,2,2025-10-07,114.19,10.28
3,3,2025-10-07,399.67,19.98
3,4,2025-10-07,114.19,6.85
3,5,2025-10-07,114.19,7.99
4,1,2025-10-07,242.99,43.74
4,2,2025-10-07,97.2,8.75
4,3,2025-10-07,48.6,2.43
4,4,2025-10-07,24.3,1.46
4,5,2025-10-07,72.9,5.1
5,1,2025-10-07,1017.83,183.21
5,2,2025-10-07,581.62,52.35
5,3,2025-10-07,290.81,14.54
5,4,2025-10-07,290.81,17.45
5,5,2025-10-07,727.02,50.89
1,1,2025-10-08,331.44,59.66
1,2,2025-10-08,165.72,14.91
1,3,2025-10-08,66.29,3.31
1,4,2025-10-08,33.14,1.99
1,5,2025-10-08,66.29,4.64
2,1,2025-10-08,28.68,5.16
2,2,2025-10-08,10.76,0.97
2,3,2025-10-08,7.17,0.36
2,4,2025-10-08,14.34,0.86
2,5,2025-10-08,10.76,0.75
3,1,2025-10-08,397.25,71.5
3,2,2025-10-08,113.5,10.21
3,3,2025-10-08,397.25,19.86
3,4,2025-10-08,113.5,6.81
3,5,2025-10-08,113.5,7.95
4,1,2025-10-08,233.76,42.08
4,2,2025-10-08,93.5,8.41
4,3,2025-10-08,46.75,2.34
4,4,2025-10-08,23.38,1.4
4,5,2025-10-08,70.13,4.91
5,1,2025-10-08,880.08,158.41
5,2,2025-10-08,502.9,45.26
5,3,2025-10-08,251.45,12.57
5,4,2025-10-08,251.45,15.09
5,5,2025-10-08,628.63,44.0
1,1,2025-10-09,337.87,60.82
1,2,2025-10-09,168.93,15.2
1,3,2025-10-09,67.57,3.38
1,4,2025-10-09,33.79,2.03
1,5,2025-10-09,67.57,4.73
2,1,2025-10-09,26.45,4.76
2,2,2025-10-09,9.92,0.89
2,3,2025-10-09,6.61,0.33
2,4,2025-10-09,13.22,0.79
2,5,2025-10-09,9.92,0.69
3,1,2025-10-09,366.73,66.01
3,2,2025-10-09,104.78,9.43
3,3,2025-10-09,366.73,18.34
3,4,2025-10-09,104.78,6.29
3,5,2025-10-09,104.78,7.33
4,1,2025-10-09,177.6,31.97
4,2,2025-10-09,71.04,6.39
4,3,2025-10-09,35.52,1.78
4,4,2025-10-09,17.76,1.07
4,5,2025-10-09,53.28,3.73
5,1,2025-10-09,924.44,166.4
5,2,2025-10-09,528.25,47.54
5,3,2025-10-09,264.13,13.21
5,4,2025-10-09,264.13,15.85
5,5,2025-10-09,660.32,46.22
1,1,2025-10-10,295.35,53.16
1,2,2025-10-10,147.67,13.29
1,3,2025-10-10,59.07,2.95
1,4,2025-10-10,29.53,1.77
1,5,2025-10-10,59.07,4.13
2,1,2025-10-10,28.19,5.07
2,2,2025-10-10,10.57,0.95
2,3,2025-10-10,7.05,0.35
2,4,2025-10-10,14.09,0.85
2,5,2025-10-10,10.57,0.74
3,1,2025-10-10,431.37,77.65
3,2,2025-10-10,123.25,11.09
3,3,2025-10-10,431.37,21.57
3,4,2025-10-10,123.25,7.39
3,5,2025-10-10,123.25,8.63
4,1,2025-10-10,178.76,32.18
4,2,2025-10-10,71.51,6.44
4,3,2025-10-10,35.75,1.79
4,4,2025-10-10,17.88,1.07
4,5,2025-10-10,53.63,3.75
5,1,2025-10-10,924.07,166.33
5,2,2025-10-10,528.04,47.52
5,3,2025-10-10,264.02,13.2
5,4,2025-10-10,264.02,15.84
5,5,2025-10-10,660.05,46.2
1,1,2025-10-11,195.65,35.22
1,2,2025-10-11,97.82,8.8
1,3,2025-10-11,39.13,1.96
1,4,2025-10-11,19.56,1.17
1,5,2025-10-11,39.13,2.74
2,1,2025-10-11,10.56,1.9
2,2,2025-10-11,3.96,0.36
2,3,2025-10-11,2.64,0.13
2,4,2025-10-11,5.28,0.32
2,5,2025-10-11,3.96,0.28
3,1,2025-10-11,227.57,40.96
3,2,2025-10-11,65.02,5.85
3,3,2025-10-11,227.57,11.38
3,4,2025-10-11,65.02,3.9
3,5,2025-10-11,65.02,4.55
4,1,2025-10-11,119.91,21.58
4,2,2025-10-11,47.96,4.32
4,3,2025-10-11,23.98,1.2
4,4,2025-10-11,11.99,0.72
4,5,2025-10-11,35.97,2.52
5,1,2025-10-11,434.27,78.17
5,2,2025-10-11,248.15,22.33
5,3,2025-10-11,124.08,6.2
5,4,2025-10-11,124.08,7.44
5,5,2025-10-11,310.19,21.71
1,1,2025-10-13,384.3,69.17
1,2,2025-10-13,192.15,17.29
1,3,2025-10-13,76.86,3.84
1,4,2025-10-13,38.43,2.31
1,5,2025-10-13,76.86,5.38
2,1,2025-10-13,18.39,3.31
2,2,2025-10-13,6.9,0.62
2,3,2025-10-13,4.6,0.23
2,4,2025-10-13,9.19,0.55
2,5,2025-10-13,6.9,0.48
3,1,2025-10-13,327.58,58.96
3,2,2025-10-13,93.59,8.42
3,3,2025-10-13,327.58,16.38
3,4,2025-10-13,93.59,5.62
3,5,2025-10-13,93.59,6.55
4,1,2025-10-13,194.8,35.06
4,2,2025-10-13,77.92,7.01
4,3,2025-10-13,38.96,1.95
4,4,2025-10-13,19.48,1.17
4,5,2025-10-13,58.44,4.09
5,1,2025-10-13,972.94,175.13
5,2,2025-10-13,555.97,50.04
5,3,2025-10-13,277.98,13.9
5,4,2025-10-13,277.98,16.68
5,5,2025-10-13,694.96,48.65
1,1,2025-10-14,417.36,75.12
1,2,2025-10-14,208.68,18.78
1,3,2025-10-14,83.47,4.17
1,4,2025-10-14,41.74,2.5
1,5,2025-10-14,83.47,5.84
2,1,2025-10-14,24.94,4.49
2,2,2025-10-14,9.35,0.84
2,3,2025-10-14,6.24,0.31
2,4,2025-10-14,12.47,0.75
2,5,2025-10-14,9.35,0.65
3,1,2025-10-14,395.58,71.2
3,2,2025-10-14,113.02,10.17
3,3,2025-10-14,395.58,19.78
3,4,2025-10-14,113.02,6.78
3,5,2025-10-14,113.02,7.91
4,1,2025-10-14,187.14,33.69
4,2,2025-10-14,74.86,6.74
4,3,2025-10-14,37.43,1.87
4,4,2025-10-14,18.71,1.12
4,5,2025-10-14,56.14,3.93
5,1,2025-10-14,999.86,179.97
5,2,2025-10-14,571.35,51.42
5,3,2025-10-14,285.67,14.28
5,4,2025-10-14,285.67,17.14
5,5,2025-10-14,714.18,49.99
1,1,2025-10-15,407.01,73.26
1,2,2025-10-15,203.5,18.31
1,3,2025-10-15,81.4,4.07
1,4,2025-10-15,40.7,2.44
1,5,2025-10-15,81.4,5.7
2,1,2025-10-15,23.35,4.2
2,2,2025-10-15,8.76,0.79
2,3,2025-10-15,5.84,0.29
2,4,2025-10-15,11.68,0.7
2,5,2025-10-15,8.76,0.61
3,1,2025-10-15,362.3,65.21
3,2,2025-10-15,103.51,9.32
3,3,2025-10-15,362.3,18.12
3,4,2025-10-15,103.51,6.21
3,5,2025-10-15,103.51,7.25
4,1,2025-10-15,239.41,43.09
4,2,2025-10-15,95.77,8.62
4,3,2025-10-15,47.88,2.39
4,4,2025-10-15,23.94,1.44
4,5,2025-10-15,71.82,5.03
5,1,2025-10-15,918.21,165.28
5,2,2025-10-15,524.69,47.22
5,3,2025-10-15,262.35,13.12
5,4,2025-10-15,262.35,15.74
5,5,2025-10-15,655.87,45.91
1,1,2025-10-16,420.39,75.67
1,2,2025-10-16,210.2,18.92
1,3,2025-10-16,84.08,4.2
1,4,2025-10-16,42.04,2.52
1,5,2025-10-16,84.08,5.89
2,1,2025-10-16,24.5,4.41
2,2,2025-10-16,9.19,0.83
2,3,2025-10-16,6.12,0.31
2,4,2025-10-16,12.25,0.73
2,5,2025-10-16,9.19,0.64
3,1,2025-10-16,348.26,62.69
3,2,2025-10-16,99.5,8.96
3,3,2025-10-16,348.26,17.41
3,4,2025-10-16,99.5,5.97
3,5,2025-10-16,99.5,6.97
4,1,2025-10-16,201.65,36.3
4,2,2025-10-16,80.66,7.26
4,3,2025-10-16,40.33,2.02
4,4,2025-10-16,20.16,1.21
4,5,2025-10-16,60.49,4.23
5,1,2025-10-16,787.2,141.7
5,2,2025-10-16,449.83,40.48
5,3,2025-10-16,224.92,11.25
5,4,2025-10-16,224.92,13.5
5,5,2025-10-16,562.29,39.36
1,1,2025-10-17,347.46,62.54
1,2,2025-10-17,173.73,15.64
1,3,2025-10-17,69.49,3.47
1,4,2025-10-17,34.75,2.08
1,5,2025-10-17,69.49,4.86
2,1,2025-10-17,24.34,4.38
2,2,2025-10-17,9.13,0.82
2,3,2025-10-17,6.08,0.3
2,4,2025-10-17,12.17,0.73
2,5,2025-10-17,9.13,0.64
3,1,2025-10-17,296.67,53.4
3,2,2025-10-17,84.76,7.63
3,3,2025-10-17,296.67,14.83
3,4,2025-10-17,84.76,5.09
3,5,2025-10-17,84.76,5.93
4,1,2025-10-17,222.22,40.0
4,2,2025-10-17,88.89,8.0
4,3,2025-10-17,44.45,2.22
4,4,2025-10-17,22.22,1.33
4,5,2025-10-17,66.67,4.67
5,1,2025-10-17,792.74,142.69
5,2,2025-10-17,453.0,40.77
5,3,2025-10-17,226.5,11.33
5,4,2025-10-17,226.5,13.59
5,5,2025-10-17,566.25,39.64
1,1,2025-10-18,203.33,36.6
1,2,2025-10-18,101.67,9.15
1,3,2025-10-18,40.67,2.03
1,4,2025-10-18,20.33,1.22
1,5,2025-10-18,40.67,2.85
2,1,2025-10-18,13.48,2.43
2,2,2025-10-18,5.06,0.46
2,3,2025-10-18,3.37,0.17
2,4,2025-10-18,6.74,0.4
2,5,2025-10-18,5.06,0.35
3,1,2025-10-18,234.41,42.19
3,2,2025-10-18,66.97,6.03
3,3,2025-10-18,234.41,11.72
3,4,2025-10-18,66.97,4.02
3,5,2025-10-18,66.97,4.69
4,1,2025-10-18,132.13,23.78
4,2,2025-10-18,52.85,4.76
4,3,2025-10-18,26.43,1.32
4,4,2025-10-18,13.21,0.79
4,5,2025-10-18,39.64,2.77
5,1,2025-10-18,590.51,106.29
5,2,2025-10-18,337.44,30.37
5,3,2025-10-18,168.72,8.44
5,4,2025-10-18,168.72,10.12
5,5,2025-10-18,421.8,29.53
1,1,2025-10-20,379.47,68.3
1,2,2025-10-20,189.74,17.08
1,3,2025-10-20,75.89,3.79
1,4,2025-10-20,37.95,2.28
1,5,2025-10-20,75.89,5.31
2,1,2025-10-20,26.78,4.82
2,2,2025-10-20,10.04,0.9
2,3,2025-10-20,6.7,0.34
2,4,2025-10-20,13.39,0.8
2,5,2025-10-20,10.04,0.7
3,1,2025-10-20,354.08,63.73
3,2,2025-10-20,101.17,9.11
3,3,2025-10-20,354.08,17.7
3,4,2025-10-20,101.17,6.07
3,5,2025-10-20,101.17,7.08
4,1,2025-10-20,142.65,25.68
4,2,2025-10-20,57.06,5.14
4,3,2025-10-20,28.53,1.43
4,4,2025-10-20,14.26,0.86
4,5,2025-10-20,42.79,3.0
5,1,2025-10-20,895.09,161.12
5,2,2025-10-20,511.48,46.03
5,3,2025-10-20,255.74,12.79
5,4,2025-10-20,255.74,15.34
5,5,2025-10-20,639.35,44.75
1,1,2025-10-21,324.76,58.46
1,2,2025-10-21,162.38,14.61
1,3,2025-10-21,64.95,3.25
1,4,2025-10-21,32.48,1.95
1,5,2025-10-21,64.95,4.55
2,1,2025-10-21,21.12,3.8
2,2,2025-10-21,7.92,0.71
2,3,2025-10-21,5.28,0.26
2,4,2025-10-21,10.56,0.63
2,5,2025-10-21,7.92,0.55
3,1,2025-10-21,388.86,69.99
3,2,2025-10-21,111.1,10.0
3,3,2025-10-21,388.86,19.44
3,4,2025-10-21,111.1,6.67
3,5,2025-10-21,111.1,7.78
4,1,2025-10-21,135.04,24.31
4,2,2025-10-21,54.02,4.86
4,3,2025-10-21,27.01,1.35
4,4,2025-10-21,13.5,0.81
4,5,2025-10-21,40.51,2.84
5,1,2025-10-21,880.37,158.47
5,2,2025-10-21,503.07,45.28
5,3,2025-10-21,251.53,12.58
5,4,2025-10-21,251.53,15.09
5,5,2025-10-21,628.84,44.02
1,1,2025-10-22,342.8,61.7
1,2,2025-10-22,171.4,15.43
1,3,2025-10-22,68.56,3.43
1,4,2025-10-22,34.28,2.06
1,5,2025-10-22,68.56,4.8
2,1,2025-10-22,22.03,3.97
2,2,2025-10-22,8.26,0.74
2,3,2025-10-22,5.51,0.28
2,4,2025-10-22,11.02,0.66
2,5,2025-10-22,8.26,0.58
3,1,2025-10-22,325.5,58.59
3,2,2025-10-22,93.0,8.37
3,3,2025-10-22,325.5,16.28
3,4,2025-10-22,93.0,5.58
3,5,2025-10-22,93.0,6.51
4,1,2025-10-22,209.34,37.68
4,2,2025-10-22,83.73,7.54
4,3,2025-10-22,41.87,2.09
4,4,2025-10-22,20.93,1.26
4,5,2025-10-22,62.8,4.4
5,1,2025-10-22,1020.12,183.62
5,2,2025-10-22,582.93,52.46
5,3,2025-10-22,291.46,14.57
5,4,2025-10-22,291.46,17.49
5,5,2025-10-22,728.66,51.01
1,1,2025-10-23,272.11,48.98
1,2,2025-10-23,136.06,12.25
1,3,2025-10-23,54.42,2.72
1,4,2025-10-23,27.21,1.63
1,5,2025-10-23,54.42,3.81
2,1,2025-10-23,25.61,4.61
2,2,2025-10-23,9.6,0.86
2,3,2025-10-23,6.4,0.32
2,4,2025-10-23,12.81,0.77
2,5,2025-10-23,9.6,0.67
3,1,2025-10-23,377.81,68.01
3,2,2025-10-23,107.95,9.72
3,3,2025-10-23,377.81,18.89
3,4,2025-10-23,107.95,6.48
3,5,2025-10-23,107.95,7.56
4,1,2025-10-23,193.0,34.74
4,2,2025-10-23,77.2,6.95
4,3,2025-10-23,38.6,1.93
4,4,2025-10-23,19.3,1.16
4,5,2025-10-23,57.9,4.05
5,1,2025-10-23,1070.59,192.71
5,2,2025-10-23,611.77,55.06
5,3,2025-10-23,305.88,15.29
5,4,2025-10-23,305.88,18.35
5,5,2025-10-23,764.71,53.53
1,1,2025-10-24,360.2,64.84
1,2,2025-10-24,180.1,16.21
1,3,2025-10-24,72.04,3.6
1,4,2025-10-24,36.02,2.16
1,5,2025-10-24,72.04,5.04
2,1,2025-10-24,15.4,2.77
2,2,2025-10-24,5.77,0.52
2,3,2025-10-24,3.85,0.19
2,4,2025-10-24,7.7,0.46
2,5,2025-10-24,5.77,0.4
3,1,2025-10-24,354.15,63.75
3,2,2025-10-24,101.19,9.11
3,3,2025-10-24,354.15,17.71
3,4,2025-10-24,101.19,6.07
3,5,2025-10-24,101.19,7.08
4,1,2025-10-24,167.25,30.11
4,2,2025-10-24,66.9,6.02
4,3,2025-10-24,33.45,1.67
4,4,2025-10-24,16.72,1.0
4,5,2025-10-24,50.17,3.51
5,1,2025-10-24,959.41,172.69
5,2,2025-10-24,548.23,49.34
5,3,2025-10-24,274.12,13.71
5,4,2025-10-24,274.12,16.45
5,5,2025-10-24,685.29,47.97
1,1,2025-10-25,225.92,40.67
1,2,2025-10-25,112.96,10.17
1,3,2025-10-25,45.18,2.26
1,4,2025-10-25,22.59,1.36
1,5,2025-10-25,45.18,3.16
2,1,2025-10-25,15.11,2.72
2,2,2025-10-25,5.67,0.51
2,3,2025-10-25,3.78,0.19
2,4,2025-10-25,7.56,0.45
2,5,2025-10-25,5.67,0.4
3,1,2025-10-25,200.39,36.07
3,2,2025-10-25,57.25,5.15
3,3,2025-10-25,200.39,10.02
3,4,2025-10-25,57.25,3.44
3,5,2025-10-25,57.25,4.01
4,1,2025-10-25,134.69,24.24
4,2,2025-10-25,53.87,4.85
4,3,2025-10-25,26.94,1.35
4,4,2025-10-25,13.47,0.81
4,5,2025-10-25,40.41,2.83
5,1,2025-10-25,607.85,109.41
5,2,2025-10-25,347.34,31.26
5,3,2025-10-25,173.67,8.68
5,4,2025-10-25,173.67,10.42
5,5,2025-10-25,434.18,30.39
1,1,2025-10-27,295.01,53.1
1,2,2025-10-27,147.51,13.28
1,3,2025-10-27,59.0,2.95
1,4,2025-10-27,29.5,1.77
1,5,2025-10-27,59.0,4.13
2,1,2025-10-27,20.88,3.76
2,2,2025-10-27,7.83,0.7
2,3,2025-10-27,5.22,0.26
2,4,2025-10-27,10.44,0.63
2,5,2025-10-27,7.83,0.55
3,1,2025-10-27,303.95,54.71
3,2,2025-10-27,86.84,7.82
3,3,2025-10-27,303.95,15.2
3,4,2025-10-27,86.84,5.21
3,5,2025-10-27,86.84,6.08
4,1,2025-10-27,216.32,38.94
4,2,2025-10-27,86.53,7.79
4,3,2025-10-27,43.27,2.16
4,4,2025-10-27,21.63,1.3
4,5,2025-10-27,64.9,4.54
5,1,2025-10-27,981.17,176.61
5,2,2025-10-27,560.67,50.46
5,3,2025-10-27,280.33,14.02
5,4,2025-10-27,280.33,16.82
5,5,2025-10-27,700.84,49.06
1,1,2025-10-28,348.57,62.74
1,2,2025-10-28,174.29,15.69
1,3,2025-10-28,69.72,3.49
1,4,2025-10-28,34.86,2.09
1,5,2025-10-28,69.72,4.88
2,1,2025-10-28,21.31,3.84
2,2,2025-10-28,7.99,0.72
2,3,2025-10-28,5.33,0.27
2,4,2025-10-28,10.66,0.64
2,5,2025-10-28,7.99,0.56
3,1,2025-10-28,341.13,61.4
3,2,2025-10-28,97.47,8.77
3,3,2025-10-28,341.13,17.06
3,4,2025-10-28,97.47,5.85
3,5,2025-10-28,97.47,6.82
4,1,2025-10-28,236.88,42.64
4,2,2025-10-28,94.75,8.53
4,3,2025-10-28,47.38,2.37
4,4,2025-10-28,23.69,1.42
4,5,2025-10-28,71.07,4.97
5,1,2025-10-28,794.02,142.92
5,2,2025-10-28,453.72,40.83
5,3,2025-10-28,226.86,11.34
5,4,2025-10-28,226.86,13.61
5,5,2025-10-28,567.15,39.7
1,1,2025-10-29,333.21,59.98
1,2,2025-10-29,166.6,14.99
1,3,2025-10-29,66.64,3.33
1,4,2025-10-29,33.32,2.0
1,5,2025-10-29,66.64,4.66
2,1,2025-10-29,26.48,4.77
2,2,2025-10-29,9.93,0.89
2,3,2025-10-29,6.62,0.33
2,4,2025-10-29,13.24,0.79
2,5,2025-10-29,9.93,0.7
3,1,2025-10-29,457.01,82.26
3,2,2025-10-29,130.57,11.75
3,3,2025-10-29,457.01,22.85
3,4,2025-10-29,130.57,7.83
3,5,2025-10-29,130.57,9.14
4,1,2025-10-29,180.62,32.51
4,2,2025-10-29,72.25,6.5
4,3,2025-10-29,36.12,1.81
4,4,2025-10-29,18.06,1.08
4,5,2025-10-29,54.18,3.79
5,1,2025-10-29,964.91,173.68
5,2,2025-10-29,551.38,49.62
5,3,2025-10-29,275.69,13.78
5,4,2025-10-29,275.69,16.54
5,5,2025-10-29,689.22,48.25
1,1,2025-10-30,380.38,68.47
1,2,2025-10-30,190.19,17.12
1,3,2025-10-30,76.08,3.8
1,4,2025-10-30,38.04,2.28
1,5,2025-10-30,76.08,5.33
2,1,2025-10-30,18.7,3.37
2,2,2025-10-30,7.01,0.63
2,3,2025-10-30,4.68,0.23
2,4,2025-10-30,9.35,0.56
2,5,2025-10-30,7.01,0.49
3,1,2025-10-30,394.29,70.97
3,2,2025-10-30,112.65,10.14
3,3,2025-10-30,394.29,19.71
3,4,2025-10-30,112.65,6.76
3,5,2025-10-30,112.65,7.89
4,1,2025-10-30,228.15,41.07
4,2,2025-10-30,91.26,8.21
4,3,2025-10-30,45.63,2.28
4,4,2025-10-30,22.82,1.37
4,5,2025-10-30,68.44,4.79
5,1,2025-10-30,773.19,139.17
5,2,2025-10-30,441.82,39.76
5,3,2025-10-30,220.91,11.05
5,4,2025-10-30,220.91,13.25
5,5,2025-10-30,552.28,38.66
1,1,2025-10-31,373.75,67.27
1,2,2025-10-31,186.88,16.82
1,3,2025-10-31,74.75,3.74
1,4,2025-10-31,37.38,2.24
1,5,2025-10-31,74.75,5.23
2,1,2025-10-31,24.73,4.45
2,2,2025-10-31,9.27,0.83
2,3,2025-10-31,6.18,0.31
2,4,2025-10-31,12.37,0.74
2,5,2025-10-31,9.27,0.65
3,1,2025-10-31,411.26,74.03
3,2,2025-10-31,117.5,10.57
3,3,2025-10-31,411.26,20.56
3,4,2025-10-31,117.5,7.05
3,5,2025-10-31,117.5,8.23
4,1,2025-10-31,175.69,31.62
4,2,2025-10-31,70.28,6.33
4,3,2025-10-31,35.14,1.76
4,4,2025-10-31,17.57,1.05
4,5,2025-10-31,52.71,3.69
5,1,2025-10-31,821.35,147.84
5,2,2025-10-31,469.34,42.24
5,3,2025-10-31,234.67,11.73
5,4,2025-10-31,234.67,14.08
5,5,2025-10-31,586.68,41.07
1,1,2025-11-01,223.79,40.28
1,2,2025-11-01,111.89,10.07
1,3,2025-11-01,44.76,2.24
1,4,2025-11-01,22.38,1.34
1,5,2025-11-01,44.76,3.13
2,1,2025-11-01,7.79,1.4
2,2,2025-11-01,2.92,0.26
2,3,2025-11-01,1.95,0.1
2,4,2025-11-01,3.9,0.23
2,5,2025-11-01,2.92,0.2
3,1,2025-11-01,217.56,39.16
3,2,2025-11-01,62.16,5.59
3,3,2025-11-01,217.56,10.88
3,4,2025-11-01,62.16,3.73
3,5,2025-11-01,62.16,4.35
4,1,2025-11-01,105.22,18.94
4,2,2025-11-01,42.09,3.79
4,3,2025-11-01,21.05,1.05
4,4,2025-11-01,10.52,0.63
4,5,2025-11-01,31.57,2.21
5,1,2025-11-01,653.45,117.62
5,2,2025-11-01,373.4,33.61
5,3,2025-11-01,186.7,9.33
5,4,2025-11-01,186.7,11.2
5,5,2025-11-01,466.75,32.67
1,1,2025-11-03,347.33,62.52
1,2,2025-11-03,173.66,15.63
1,3,2025-11-03,69.47,3.47
1,4,2025-11-03,34.73,2.08
1,5,2025-11-03,69.47,4.86
2,1,2025-11-03,23.62,4.25
2,2,2025-11-03,8.86,0.8
2,3,2025-11-03,5.91,0.3
2,4,2025-11-03,11.81,0.71
2,5,2025-11-03,8.86,0.62
3,1,2025-11-03,413.35,74.4
3,2,2025-11-03,118.1,10.63
3,3,2025-11-03,413.35,20.67
3,4,2025-11-03,118.1,7.09
3,5,2025-11-03,118.1,8.27
4,1,2025-11-03,209.81,37.77
4,2,2025-11-03,83.92,7.55
4,3,2025-11-03,41.96,2.1
4,4,2025-11-03,20.98,1.26
4,5,2025-11-03,62.94,4.41
5,1,2025-11-03,927.84,167.01
5,2,2025-11-03,530.19,47.72
5,3,2025-11-03,265.1,13.26
5,4,2025-11-03,265.1,15.91
5,5,2025-11-03,662.74,46.39
1,1,2025-11-04,270.62,48.71
1,2,2025-11-04,135.31,12.18
1,3,2025-11-04,54.12,2.71
1,4,2025-11-04,27.06,1.62
1,5,2025-11-04,54.12,3.79
2,1,2025-11-04,19.62,3.53
2,2,2025-11-04,7.36,0.66
2,3,2025-11-04,4.9,0.25
2,4,2025-11-04,9.81,0.59
2,5,2025-11-04,7.36,0.52
3,1,2025-11-04,449.02,80.82
3,2,2025-11-04,128.29,11.55
3,3,2025-11-04,449.02,22.45
3,4,2025-11-04,128.29,7.7
3,5,2025-11-04,128.29,8.98
4,1,2025-11-04,183.76,33.08
4,2,2025-11-04,73.51,6.62
4,3,2025-11-04,36.75,1.84
4,4,2025-11-04,18.38,1.1
4,5,2025-11-04,55.13,3.86
5,1,2025-11-04,949.03,170.83
5,2,2025-11-04,542.3,48.81
5,3,2025-11-04,271.15,13.56
5,4,2025-11-04,271.15,16.27
5,5,2025-11-04,677.88,47.45
1,1,2025-11-05,317.5,57.15
1,2,2025-11-05,158.75,14.29
1,3,2025-11-05,63.5,3.18
1,4,2025-11-05,31.75,1.91
1,5,2025-11-05,63.5,4.45
2,1,2025-11-05,14.62,2.63
2,2,2025-11-05,5.48,0.49
2,3,2025-11-05,3.65,0.18
2,4,2025-11-05,7.31,0.44
2,5,2025-11-05,5.48,0.38
3,1,2025-11-05,361.13,65.0
3,2,2025-11-05,103.18,9.29
3,3,2025-11-05,361.13,18.06
3,4,2025-11-05,103.18,6.19
3,5,2025-11-05,103.18,7.22
4,1,2025-11-05,186.11,33.5
4,2,2025-11-05,74.44,6.7
4,3,2025-11-05,37.22,1.86
4,4,2025-11-05,18.61,1.12
4,5,2025-11-05,55.83,3.91
5,1,2025-11-05,738.94,133.01
5,2,2025-11-05,422.25,38.0
5,3,2025-11-05,211.13,10.56
5,4,2025-11-05,211.13,12.67
5,5,2025-11-05,527.82,36.95
1,1,2025-11-06,286.62,51.59
1,2,2025-11-06,143.31,12.9
1,3,2025-11-06,57.32,2.87
1,4,2025-11-06,28.66,1.72
1,5,2025-11-06,57.32,4.01
2,1,2025-11-06,27.81,5.01
2,2,2025-11-06,10.43,0.94
2,3,2025-11-06,6.95,0.35
2,4,2025-11-06,13.91,0.83
2,5,2025-11-06,10.43,0.73
3,1,2025-11-06,392.63,70.67
3,2,2025-11-06,112.18,10.1
3,3,2025-11-06,392.63,19.63
3,4,2025-11-06,112.18,6.73
3,5,2025-11-06,112.18,7.85
4,1,2025-11-06,140.92,25.37
4,2,2025-11-06,56.37,5.07
4,3,2025-11-06,28.18,1.41
4,4,2025-11-06,14.09,0.85
4,5,2025-11-06,42.28,2.96
5,1,2025-11-06,793.75,142.88
5,2,2025-11-06,453.57,40.82
5,3,2025-11-06,226.79,11.34
5,4,2025-11-06,226.79,13.61
5,5,2025-11-06,566.97,39.69
1,1,2025-11-07,329.06,59.23
1,2,2025-11-07,164.53,14.81
1,3,2025-11-07,65.81,3.29
1,4,2025-11-07,32.91,1.97
1,5,2025-11-07,65.81,4.61
2,1,2025-11-07,25.98,4.68
2,2,2025-11-07,9.74,0.88
2,3,2025-11-07,6.5,0.33
2,4,2025-11-07,12.99,0.78
2,5,2025-11-07,9.74,0.68
3,1,2025-11-07,319.92,57.59
3,2,2025-11-07,91.41,8.23
3,3,2025-11-07,319.92,16.0
3,4,2025-11-07,91.41,5.48
3,5,2025-11-07,91.41,6.4
4,1,2025-11-07,201.69,36.3
4,2,2025-11-07,80.67,7.26
4,3,2025-11-07,40.34,2.02
4,4,2025-11-07,20.17,1.21
4,5,2025-11-07,60.51,4.24
5,1,2025-11-07,1065.85,191.85
5,2,2025-11-07,609.06,54.82
5,3,2025-11-07,304.53,15.23
5,4,2025-11-07,304.53,18.27
5,5,2025-11-07,761.32,53.29
1,1,2025-11-08,222.01,39.96
1,2,2025-11-08,111.01,9.99
1,3,2025-11-08,44.4,2.22
1,4,2025-11-08,22.2,1.33
1,5,2025-11-08,44.4,3.11
2,1,2025-11-08,15.28,2.75
2,2,2025-11-08,5.73,0.52
2,3,2025-11-08,3.82,0.19
2,4,2025-11-08,7.64,0.46
2,5,2025-11-08,5.73,0.4
3,1,2025-11-08,216.99,39.06
3,2,2025-11-08,62.0,5.58
3,3,2025-11-08,216.99,10.85
3,4,2025-11-08,62.0,3.72
3,5,2025-11-08,62.0,4.34
4,1,2025-11-08,139.79,25.16
4,2,2025-11-08,55.92,5.03
4,3,2025-11-08,27.96,1.4
4,4,2025-11-08,13.98,0.84
4,5,2025-11-08,41.94,2.94
5,1,2025-11-08,452.85,81.51
5,2,2025-11-08,258.77,23.29
5,3,2025-11-08,129.39,6.47
5,4,2025-11-08,129.39,7.76
5,5,2025-11-08,323.46,22.64
1,1,2025-11-10,361.23,65.02
1,2,2025-11-10,180.61,16.25
1,3,2025-11-10,72.25,3.61
1,4,2025-11-10,36.12,2.17
1,5,2025-11-10,72.25,5.06
2,1,2025-11-10,23.86,4.29
2,2,2025-11-10,8.95,0.81
2,3,2025-11-10,5.96,0.3
2,4,2025-11-10,11.93,0.72
2,5,2025-11-10,8.95,0.63
3,1,2025-11-10,367.58,66.16
3,2,2025-11-10,105.02,9.45
3,3,2025-11-10,367.58,18.38
3,4,2025-11-10,105.02,6.3
3,5,2025-11-10,105.02,7.35
4,1,2025-11-10,211.64,38.1
4,2,2025-11-10,84.66,7.62
4,3,2025-11-10,42.33,2.12
4,4,2025-11-10,21.16,1.27
4,5,2025-11-10,63.49,4.44
5,1,2025-11-10,886.6,159.59
5,2,2025-11-10,506.63,45.6
5,3,2025-11-10,253.31,12.67
5,4,2025-11-10,253.31,15.2
5,5,2025-11-10,633.28,44.33
1,1,2025-11-11,287.75,51.79
1,2,2025-11-11,143.87,12.95
1,3,2025-11-11,57.55,2.88
1,4,2025-11-11,28.77,1.73
1,5,2025-11-11,57.55,4.03
2,1,2025-11-11,18.72,3.37
2,2,2025-11-11,7.02,0.63
2,3,2025-11-11,4.68,0.23
2,4,2025-11-11,9.36,0.56
2,5,2025-11-11,7.02,0.49
3,1,2025-11-11,393.67,70.86
3,2,2025-11-11,112.48,10.12
3,3,2025-11-11,393.67,19.68
3,4,2025-11-11,112.48,6.75
3,5,2025-11-11,112.48,7.87
4,1,2025-11-11,221.35,39.84
4,2,2025-11-11,88.54,7.97
4,3,2025-11-11,44.27,2.21
4,4,2025-11-11,22.14,1.33
4,5,2025-11-11,66.41,4.65
5,1,2025-11-11,904.86,162.87
5,2,2025-11-11,517.06,46.54
5,3,2025-11-11,258.53,12.93
5,4,2025-11-11,258.53,15.51
5,5,2025-11-11,646.33,45.24
1,1,2025-11-12,351.0,63.18
1,2,2025-11-12,175.5,15.79
1,3,2025-11-12,70.2,3.51
1,4,2025-11-12,35.1,2.11
1,5,2025-11-12,70.2,4.91
2,1,2025-11-12,25.67,4.62
2,2,2025-11-12,9.63,0.87
2,3,2025-11-12,6.42,0.32
2,4,2025-11-12,12.84,0.77
2,5,2025-11-12,9.63,0.67
3,1,2025-11-12,374.52,67.41
3,2,2025-11-12,107.01,9.63
3,3,2025-11-12,374.52,18.73
3,4,2025-11-12,107.01,6.42
3,5,2025-11-12,107.01,7.49
4,1,2025-11-12,202.0,36.36
4,2,2025-11-12,80.8,7.27
4,3,2025-11-12,40.4,2.02
4,4,2025-11-12,20.2,1.21
4,5,2025-11-12,60.6,4.24
5,1,2025-11-12,1000.51,180.09
5,2,2025-11-12,571.72,51.45
5,3,2025-11-12,285.86,14.29
5,4,2025-11-12,285.86,17.15
5,5,2025-11-12,714.65,50.03
1,1,2025-11-13,325.0,58.5
1,2,2025-11-13,162.5,14.62
1,3,2025-11-13,65.0,3.25
1,4,2025-11-13,32.5,1.95
1,5,2025-11-13,65.0,4.55
2,1,2025-11-13,22.46,4.04
2,2,2025-11-13,8.42,0.76
2,3,2025-11-13,5.62,0.28
2,4,2025-11-13,11.23,0.67
2,5,2025-11-13,8.42,0.59
3,1,2025-11-13,435.73,78.43
3,2,2025-11-13,124.49,11.2
3,3,2025-11-13,435.73,21.79
3,4,2025-11-13,124.49,7.47
3,5,2025-11-13,124.49,8.71
4,1,2025-11-13,195.13,35.12
4,2,2025-11-13,78.05,7.02
4,3,2025-11-13,39.03,1.95
4,4,2025-11-13,19.51,1.17
4,5,2025-11-13,58.54,4.1
5,1,2025-11-13,912.15,164.19
5,2,2025-11-13,521.23,46.91
5,3,2025-11-13,260.61,13.03
5,4,2025-11-13,260.61,15.64
5,5,2025-11-13,651.53,45.61
1,1,2025-11-14,428.66,77.16
1,2,2025-11-14,214.33,19.29
1,3,2025-11-14,85.73,4.29
1,4,2025-11-14,42.87,2.57
1,5,2025-11-14,85.73,6.0
2,1,2025-11-14,26.48,4.77
2,2,2025-11-14,9.93,0.89
2,3,2025-11-14,6.62,0.33
2,4,2025-11-14,13.24,0.79
2,5,2025-11-14,9.93,0.7
3,1,2025-11-14,380.19,68.43
3,2,2025-11-14,108.62,9.78
3,3,2025-11-14,380.19,19.01
3,4,2025-11-14,108.62,6.52
3,5,2025-11-14,108.62,7.6
4,1,2025-11-14,210.97,37.97
4,2,2025-11-14,84.39,7.6
4,3,2025-11-14,42.19,2.11
4,4,2025-11-14,21.1,1.27
4,5,2025-11-14,63.29,4.43
5,1,2025-11-14,933.76,168.08
5,2,2025-11-14,533.58,48.02
5,3,2025-11-14,266.79,13.34
5,4,2025-11-14,266.79,16.01
5,5,2025-11-14,666.98,46.69
1,1,2025-11-15,238.06,42.85
1,2,2025-11-15,119.03,10.71
1,3,2025-11-15,47.61,2.38
1,4,2025-11-15,23.81,1.43
1,5,2025-11-15,47.61,3.33
2,1,2025-11-15,14.65,2.64
2,2,2025-11-15,5.49,0.49
2,3,2025-11-15,3.66,0.18
2,4,2025-11-15,7.33,0.44
2,5,2025-11-15,5.49,0.38
3,1,2025-11-15,209.69,37.74
3,2,2025-11-15,59.91,5.39
3,3,2025-11-15,209.69,10.48
3,4,2025-11-15,59.91,3.59
3,5,2025-11-15,59.91,4.19
4,1,2025-11-15,92.92,16.73
4,2,2025-11-15,37.17,3.35
4,3,2025-11-15,18.58,0.93
4,4,2025-11-15,9.29,0.56
4,5,2025-11-15,27.87,1.95
5,1,2025-11-15,645.51,116.19
5,2,2025-11-15,368.86,33.2
5,3,2025-11-15,184.43,9.22
5,4,2025-11-15,184.43,11.07
5,5,2025-11-15,461.08,32.28
1,1,2025-11-17,295.16,53.13
1,2,2025-11-17,147.58,13.28
1,3,2025-11-17,59.03,2.95
1,4,2025-11-17,29.52,1.77
1,5,2025-11-17,59.03,4.13
2,1,2025-11-17,28.02,5.04
2,2,2025-11-17,10.51,0.95
2,3,2025-11-17,7.01,0.35
2,4,2025-11-17,14.01,0.84
2,5,2025-11-17,10.51,0.74
3,1,2025-11-17,402.1,72.38
3,2,2025-11-17,114.89,10.34
3,3,2025-11-17,402.1,20.11
3,4,2025-11-17,114.89,6.89
3,5,2025-11-17,114.89,8.04
4,1,2025-11-17,209.59,37.73
4,2,2025-11-17,83.83,7.54
4,3,2025-11-17,41.92,2.1
4,4,2025-11-17,20.96,1.26
4,5,2025-11-17,62.88,4.4
5,1,2025-11-17,889.74,160.15
5,2,2025-11-17,508.42,45.76
5,3,2025-11-17,254.21,12.71
5,4,2025-11-17,254.21,15.25
5,5,2025-11-17,635.53,44.49
1,1,2025-11-18,379.27,68.27
1,2,2025-11-18,189.64,17.07
1,3,2025-11-18,75.86,3.79
1,4,2025-11-18,37.93,2.28
1,5,2025-11-18,75.86,5.31
2,1,2025-11-18,31.16,5.61
2,2,2025-11-18,11.68,1.05
2,3,2025-11-18,7.79,0.39
2,4,2025-11-18,15.58,0.93
2,5,2025-11-18,11.68,0.82
3,1,2025-11-18,302.81,54.51
3,2,2025-11-18,86.52,7.79
3,3,2025-11-18,302.81,15.14
3,4,2025-11-18,86.52,5.19
3,5,2025-11-18,86.52,6.06
4,1,2025-11-18,190.09,34.22
4,2,2025-11-18,76.04,6.84
4,3,2025-11-18,38.02,1.9
4,4,2025-11-18,19.01,1.14
4,5,2025-11-18,57.03,3.99
5,1,2025-11-18,850.89,153.16
5,2,2025-11-18,486.22,43.76
5,3,2025-11-18,243.11,12.16
5,4,2025-11-18,243.11,14.59
5,5,2025-11-18,607.78,42.54
1,1,2025-11-19,330.45,59.48
1,2,2025-11-19,165.22,14.87
1,3,2025-11-19,66.09,3.3
1,4,2025-11-19,33.05,1.98
1,5,2025-11-19,66.09,4.63
2,1,2025-11-19,29.12,5.24
2,2,2025-11-19,10.92,0.98
2,3,2025-11-19,7.28,0.36
2,4,2025-11-19,14.56,0.87
2,5,2025-11-19,10.92,0.76
3,1,2025-11-19,386.22,69.52
3,2,2025-11-19,110.35,9.93
3,3,2025-11-19,386.22,19.31
3,4,2025-11-19,110.35,6.62
3,5,2025-11-19,110.35,7.72
4,1,2025-11-19,138.11,24.86
4,2,2025-11-19,55.24,4.97
4,3,2025-11-19,27.62,1.38
4,4,2025-11-19,13.81,0.83
4,5,2025-11-19,41.43,2.9
5,1,2025-11-19,724.56,130.42
5,2,2025-11-19,414.03,37.26
5,3,2025-11-19,207.02,10.35
5,4,2025-11-19,207.02,12.42
5,5,2025-11-19,517.54,36.23
1,1,2025-11-20,351.15,63.21
1,2,2025-11-20,175.58,15.8
1,3,2025-11-20,70.23,3.51
1,4,2025-11-20,35.12,2.11
1,5,2025-11-20,70.23,4.92
2,1,2025-11-20,33.06,5.95
2,2,2025-11-20,12.4,1.12
2,3,2025-11-20,8.26,0.41
2,4,2025-11-20,16.53,0.99
2,5,2025-11-20,12.4,0.87
3,1,2025-11-20,372.56,67.06
3,2,2025-11-20,106.45,9.58
3,3,2025-11-20,372.56,18.63
3,4,2025-11-20,106.45,6.39
3,5,2025-11-20,106.45,7.45
4,1,2025-11-20,199.33,35.88
4,2,2025-11-20,79.73,7.18
4,3,2025-11-20,39.87,1.99
4,4,2025-11-20,19.93,1.2
4,5,2025-11-20,59.8,4.19
5,1,2025-11-20,1108.55,199.54
5,2,2025-11-20,633.46,57.01
5,3,2025-11-20,316.73,15.84
5,4,2025-11-20,316.73,19.0
5,5,2025-11-20,791.82,55.43
1,1,2025-11-21,403.51,72.63
1,2,2025-11-21,201.76,18.16
1,3,2025-11-21,80.7,4.04
1,4,2025-11-21,40.35,2.42
1,5,2025-11-21,80.7,5.65
2,1,2025-11-21,30.42,5.48
2,2,2025-11-21,11.41,1.03
2,3,2025-11-21,7.6,0.38
2,4,2025-11-21,15.21,0.91
2,5,2025-11-21,11.41,0.8
3,1,2025-11-21,323.47,58.22
3,2,2025-11-21,92.42,8.32
3,3,2025-11-21,323.47,16.17
3,4,2025-11-21,92.42,5.55
3,5,2025-11-21,92.42,6.47
4,1,2025-11-21,189.95,34.19
4,2,2025-11-21,75.98,6.84
4,3,2025-11-21,37.99,1.9
4,4,2025-11-21,19.0,1.14
4,5,2025-11-21,56.98,3.99
5,1,2025-11-21,791.09,142.4
5,2,2025-11-21,452.05,40.68
5,3,2025-11-21,226.03,11.3
5,4,2025-11-21,226.03,13.56
5,5,2025-11-21,565.07,39.55
1,1,2025-11-22,185.7,33.43
1,2,2025-11-22,92.85,8.36
1,3,2025-11-22,37.14,1.86
1,4,2025-11-22,18.57,1.11
1,5,2025-11-22,37.14,2.6
2,1,2025-11-22,10.47,1.88
2,2,2025-11-22,3.93,0.35
2,3,2025-11-22,2.62,0.13
2,4,2025-11-22,5.24,0.31
2,5,2025-11-22,3.93,0.28
3,1,2025-11-22,218.59,39.35
3,2,2025-11-22,62.45,5.62
3,3,2025-11-22,218.59,10.93
3,4,2025-11-22,62.45,3.75
3,5,2025-11-22,62.45,4.37
4,1,2025-11-22,123.69,22.26
4,2,2025-11-22,49.48,4.45
4,3,2025-11-22,24.74,1.24
4,4,2025-11-22,12.37,0.74
4,5,2025-11-22,37.11,2.6
5,1,2025-11-22,517.47,93.14
5,2,2025-11-22,295.7,26.61
5,3,2025-11-22,147.85,7.39
5,4,2025-11-22,147.85,8.87
5,5,2025-11-22,369.62,25.87
1,1,2025-11-24,286.98,51.66
1,2,2025-11-24,143.49,12.91
1,3,2025-11-24,57.4,2.87
1,4,2025-11-24,28.7,1.72
1,5,2025-11-24,57.4,4.02
2,1,2025-11-24,23.22,4.18
2,2,2025-11-24,8.71,0.78
2,3,2025-11-24,5.8,0.29
2,4,2025-11-24,11.61,0.7
2,5,2025-11-24,8.71,0.61
3,1,2025-11-24,313.73,56.47
3,2,2025-11-24,89.64,8.07
3,3,2025-11-24,313.73,15.69
3,4,2025-11-24,89.64,5.38
3,5,2025-11-24,89.64,6.27
4,1,2025-11-24,191.37,34.45
4,2,2025-11-24,76.55,6.89
4,3,2025-11-24,38.27,1.91
4,4,2025-11-24,19.14,1.15
4,5,2025-11-24,57.41,4.02
5,1,2025-11-24,963.95,173.51
5,2,2025-11-24,550.83,49.57
5,3,2025-11-24,275.41,13.77
5,4,2025-11-24,275.41,16.52
5,5,2025-11-24,688.53,48.2
1,1,2025-11-25,343.69,61.86
1,2,2025-11-25,171.84,15.47
1,3,2025-11-25,68.74,3.44
1,4,2025-11-25,34.37,2.06
1,5,2025-11-25,68.74,4.81
2,1,2025-11-25,23.97,4.31
2,2,2025-11-25,8.99,0.81
2,3,2025-11-25,5.99,0.3
2,4,2025-11-25,11.99,0.72
2,5,2025-11-25,8.99,0.63
3,1,2025-11-25,339.67,61.14
3,2,2025-11-25,97.05,8.73
3,3,2025-11-25,339.67,16.98
3,4,2025-11-25,97.05,5.82
3,5,2025-11-25,97.05,6.79
4,1,2025-11-25,213.55,38.44
4,2,2025-11-25,85.42,7.69
4,3,2025-11-25,42.71,2.14
4,4,2025-11-25,21.36,1.28
4,5,2025-11-25,64.06,4.48
5,1,2025-11-25,941.72,169.51
5,2,2025-11-25,538.13,48.43
5,3,2025-11-25,269.06,13.45
5,4,2025-11-25,269.06,16.14
5,5,2025-11-25,672.66,47.09
1,1,2025-11-26,376.43,67.76
1,2,2025-11-26,188.22,16.94
1,3,2025-11-26,75.29,3.76
1,4,2025-11-26,37.64,2.26
1,5,2025-11-26,75.29,5.27
2,1,2025-11-26,23.45,4.22
2,2,2025-11-26,8.79,0.79
2,3,2025-11-26,5.86,0.29
2,4,2025-11-26,11.73,0.7
2,5,2025-11-26,8.79,0.62
3,1,2025-11-26,387.83,69.81
3,2,2025-11-26,110.81,9.97
3,3,2025-11-26,387.83,19.39
3,4,2025-11-26,110.81,6.65
3,5,2025-11-26,110.81,7.76
4,1,2025-11-26,235.88,42.46
4,2,2025-11-26,94.35,8.49
4,3,2025-11-26,47.18,2.36
4,4,2025-11-26,23.59,1.42
4,5,2025-11-26,70.76,4.95
5,1,2025-11-26,827.92,149.03
5,2,2025-11-26,473.1,42.58
5,3,2025-11-26,236.55,11.83
5,4,2025-11-26,236.55,14.19
5,5,2025-11-26,591.38,41.4
1,1,2025-11-27,410.55,73.9
1,2,2025-11-27,205.27,18.47
1,3,2025-11-27,82.11,4.11
1,4,2025-11-27,41.05,2.46
1,5,2025-11-27,82.11,5.75
2,1,2025-11-27,26.02,4.68
2,2,2025-11-27,9.76,0.88
2,3,2025-11-27,6.5,0.33
2,4,2025-11-27,13.01,0.78
2,5,2025-11-27,9.76,0.68
3,1,2025-11-27,373.2,67.18
3,2,2025-11-27,106.63,9.6
3,3,2025-11-27,373.2,18.66
3,4,2025-11-27,106.63,6.4
3,5,2025-11-27,106.63,7.46
4,1,2025-11-27,163.62,29.45
4,2,2025-11-27,65.45,5.89
4,3,2025-11-27,32.72,1.64
4,4,2025-11-27,16.36,0.98
4,5,2025-11-27,49.08,3.44
5,1,2025-11-27,779.58,140.32
5,2,2025-11-27,445.47,40.09
5,3,2025-11-27,222.74,11.14
5,4,2025-11-27,222.74,13.36
5,5,2025-11-27,556.84,38.98
1,1,2025-11-28,430.72,77.53
1,2,2025-11-28,215.36,19.38
1,3,2025-11-28,86.14,4.31
1,4,2025-11-28,43.07,2.58
1,5,2025-11-28,86.14,6.03
2,1,2025-11-28,24.34,4.38
2,2,2025-11-28,9.13,0.82
2,3,2025-11-28,6.08,0.3
2,4,2025-11-28,12.17,0.73
2,5,2025-11-28,9.13,0.64
3,1,2025-11-28,378.62,68.15
3,2,2025-11-28,108.18,9.74
3,3,2025-11-28,378.62,18.93
3,4,2025-11-28,108.18,6.49
3,5,2025-11-28,108.18,7.57
4,1,2025-11-28,190.22,34.24
4,2,2025-11-28,76.09,6.85
4,3,2025-11-28,38.05,1.9
4,4,2025-11-28,19.02,1.14
4,5,2025-11-28,57.07,3.99
5,1,2025-11-28,847.93,152.63
5,2,2025-11-28,484.53,43.61
5,3,2025-11-28,242.27,12.11
5,4,2025-11-28,242.27,14.54
5,5,2025-11-28,605.67,42.4
1,1,2025-11-29,187.84,33.81
1,2,2025-11-29,93.92,8.45
1,3,2025-11-29,37.57,1.88
1,4,2025-11-29,18.78,1.13
1,5,2025-11-29,37.57,2.63
2,1,2025-11-29,16.86,3.03
2,2,2025-11-29,6.32,0.57
2,3,2025-11-29,4.22,0.21
2,4,2025-11-29,8.43,0.51
2,5,2025-11-29,6.32,0.44
3,1,2025-11-29,280.63,50.51
3,2,2025-11-29,80.18,7.22
3,3,2025-11-29,280.63,14.03
3,4,2025-11-29,80.18,4.81
3,5,2025-11-29,80.18,5.61
4,1,2025-11-29,118.02,21.24
4,2,2025-11-29,47.21,4.25
4,3,2025-11-29,23.6,1.18
4,4,2025-11-29,11.8,0.71
4,5,2025-11-29,35.41,2.48
5,1,2025-11-29,570.04,102.61
5,2,2025-11-29,325.74,29.32
5,3,2025-11-29,162.87,8.14
5,4,2025-11-29,162.87,9.77
5,5,2025-11-29,407.18,28.5
1,1,2025-12-01,330.88,59.56
1,2,2025-12-01,165.44,14.89
1,3,2025-12-01,66.18,3.31
1,4,2025-12-01,33.09,1.99
1,5,2025-12-01,66.18,4.63
2,1,2025-12-01,17.64,3.18
2,2,2025-12-01,6.62,0.6
2,3,2025-12-01,4.41,0.22
2,4,2025-12-01,8.82,0.53
2,5,2025-12-01,6.62,0.46
3,1,2025-12-01,333.3,59.99
3,2,2025-12-01,95.23,8.57
3,3,2025-12-01,333.3,16.67
3,4,2025-12-01,95.23,5.71
3,5,2025-12-01,95.23,6.67
4,1,2025-12-01,192.74,34.69
4,2,2025-12-01,77.1,6.94
4,3,2025-12-01,38.55,1.93
4,4,2025-12-01,19.27,1.16
4,5,2025-12-01,57.82,4.05
5,1,2025-12-01,865.5,155.79
5,2,2025-12-01,494.57,44.51
5,3,2025-12-01,247.29,12.36
5,4,2025-12-01,247.29,14.84
5,5,2025-12-01,618.22,43.28
1,1,2025-12-02,364.78,65.66
1,2,2025-12-02,182.39,16.42
1,3,2025-12-02,72.96,3.65
1,4,2025-12-02,36.48,2.19
1,5,2025-12-02,72.96,5.11
2,1,2025-12-02,22.66,4.08
2,2,2025-12-02,8.5,0.77
2,3,2025-12-02,5.66,0.28
2,4,2025-12-02,11.33,0.68
2,5,2025-12-02,8.5,0.6
3,1,2025-12-02,370.4,66.67
3,2,2025-12-02,105.83,9.52
3,3,2025-12-02,370.4,18.52
3,4,2025-12-02,105.83,6.35
3,5,2025-12-02,105.83,7.41
4,1,2025-12-02,207.75,37.39
4,2,2025-12-02,83.1,7.48
4,3,2025-12-02,41.55,2.08
4,4,2025-12-02,20.78,1.25
4,5,2025-12-02,62.32,4.36
5,1,2025-12-02,1139.77,205.16
5,2,2025-12-02,651.3,58.62
5,3,2025-12-02,325.65,16.28
5,4,2025-12-02,325.65,19.54
5,5,2025-12-02,814.12,56.99
1,1,2025-12-03,417.96,75.23
1,2,2025-12-03,208.98,18.81
1,3,2025-12-03,83.59,4.18
1,4,2025-12-03,41.8,2.51
1,5,2025-12-03,83.59,5.85
2,1,2025-12-03,27.63,4.97
2,2,2025-12-03,10.36,0.93
2,3,2025-12-03,6.91,0.35
2,4,2025-12-03,13.82,0.83
2,5,2025-12-03,10.36,0.73
3,1,2025-12-03,362.23,65.2
3,2,2025-12-03,103.49,9.31
3,3,2025-12-03,362.23,18.11
3,4,2025-12-03,103.49,6.21
3,5,2025-12-03,103.49,7.24
4,1,2025-12-03,168.22,30.28
4,2,2025-12-03,67.29,6.06
4,3,2025-12-03,33.65,1.68
4,4,2025-12-03,16.82,1.01
4,5,2025-12-03,50.47,3.53
5,1,2025-12-03,825.53,148.6
5,2,2025-12-03,471.73,42.46
5,3,2025-12-03,235.87,11.79
5,4,2025-12-03,235.87,14.15
5,5,2025-12-03,589.67,41.28
1,1,2025-12-04,408.33,73.5
1,2,2025-12-04,204.17,18.38
1,3,2025-12-04,81.67,4.08
1,4,2025-12-04,40.83,2.45
1,5,2025-12-04,81.67,5.72
2,1,2025-12-04,19.58,3.52
2,2,2025-12-04,7.34,0.66
2,3,2025-12-04,4.9,0.25
2,4,2025-12-04,9.79,0.59
2,5,2025-12-04,7.34,0.51
3,1,2025-12-04,325.64,58.62
3,2,2025-12-04,93.04,8.37
3,3,2025-12-04,325.64,16.28
3,4,2025-12-04,93.04,5.58
3,5,2025-12-04,93.04,6.51
4,1,2025-12-04,178.54,32.14
4,2,2025-12-04,71.42,6.43
4,3,2025-12-04,35.71,1.79
4,4,2025-12-04,17.85,1.07
4,5,2025-12-04,53.56,3.75
5,1,2025-12-04,933.71,168.07
5,2,2025-12-04,533.55,48.02
5,3,2025-12-04,266.77,13.34
5,4,2025-12-04,266.77,16.01
5,5,2025-12-04,666.93,46.69
1,1,2025-12-05,360.75,64.94
1,2,2025-12-05,180.38,16.23
1,3,2025-12-05,72.15,3.61
1,4,2025-12-05,36.08,2.16
1,5,2025-12-05,72.15,5.05
2,1,2025-12-05,28.56,5.14
2,2,2025-12-05,10.71,0.96
2,3,2025-12-05,7.14,0.36
2,4,2025-12-05,14.28,0.86
2,5,2025-12-05,10.71,0.75
3,1,2025-12-05,414.19,74.55
3,2,2025-12-05,118.34,10.65
3,3,2025-12-05,414.19,20.71
3,4,2025-12-05,118.34,7.1
3,5,2025-12-05,118.34,8.28
4,1,2025-12-05,228.38,41.11
4,2,2025-12-05,91.35,8.22
4,3,2025-12-05,45.68,2.28
4,4,2025-12-05,22.84,1.37
4,5,2025-12-05,68.52,4.8
5,1,2025-12-05,1001.14,180.21
5,2,2025-12-05,572.08,51.49
5,3,2025-12-05,286.04,14.3
5,4,2025-12-05,286.04,17.16
5,5,2025-12-05,715.1,50.06
1,1,2025-12-06,181.25,32.62
1,2,2025-12-06,90.62,8.16
1,3,2025-12-06,36.25,1.81
1,4,2025-12-06,18.12,1.09
1,5,2025-12-06,36.25,2.54
2,1,2025-12-06,12.86,2.31
2,2,2025-12-06,4.82,0.43
2,3,2025-12-06,3.21,0.16
2,4,2025-12-06,6.43,0.39
2,5,2025-12-06,4.82,0.34
3,1,2025-12-06,199.08,35.83
3,2,2025-12-06,56.88,5.12
3,3,2025-12-06,199.08,9.95
3,4,2025-12-06,56.88,3.41
3,5,2025-12-06,56.88,3.98
4,1,2025-12-06,102.64,18.48
4,2,2025-12-06,41.05,3.69
4,3,2025-12-06,20.53,1.03
4,4,2025-12-06,10.26,0.62
4,5,2025-12-06,30.79,2.16
5,1,2025-12-06,520.48,93.69
5,2,2025-12-06,297.42,26.77
5,3,2025-12-06,148.71,7.44
5,4,2025-12-06,148.71,8.92
5,5,2025-12-06,371.77,26.02
1,1,2025-12-08,397.44,71.54
1,2,2025-12-08,198.72,17.88
1,3,2025-12-08,79.49,3.97
1,4,2025-12-08,39.74,2.38
1,5,2025-12-08,79.49,5.56
2,1,2025-12-08,27.64,4.98
2,2,2025-12-08,10.36,0.93
2,3,2025-12-08,6.91,0.35
2,4,2025-12-08,13.82,0.83
2,5,2025-12-08,10.36,0.73
3,1,2025-12-08,483.91,87.1
3,2,2025-12-08,138.26,12.44
3,3,2025-12-08,483.91,24.2
3,4,2025-12-08,138.26,8.3
3,5,2025-12-08,138.26,9.68
4,1,2025-12-08,187.1,33.68
4,2,2025-12-08,74.84,6.74
4,3,2025-12-08,37.42,1.87
4,4,2025-12-08,18.71,1.12
4,5,2025-12-08,56.13,3.93
5,1,2025-12-08,944.88,170.08
5,2,2025-12-08,539.93,48.59
5,3,2025-12-08,269.97,13.5
5,4,2025-12-08,269.97,16.2
5,5,2025-12-08,674.92,47.24
1,1,2025-12-09,307.88,55.42
1,2,2025-12-09,153.94,13.85
1,3,2025-12-09,61.58,3.08
1,4,2025-12-09,30.79,1.85
1,5,2025-12-09,61.58,4.31
2,1,2025-12-09,26.6,4.79
2,2,2025-12-09,9.97,0.9
2,3,2025-12-09,6.65,0.33
2,4,2025-12-09,13.3,0.8
2,5,2025-12-09,9.97,0.7
3,1,2025-12-09,318.79,57.38
3,2,2025-12-09,91.08,8.2
3,3,2025-12-09,318.79,15.94
3,4,2025-12-09,91.08,5.46
3,5,2025-12-09,91.08,6.38
4,1,2025-12-09,201.24,36.22
4,2,2025-12-09,80.5,7.25
4,3,2025-12-09,40.25,2.01
4,4,2025-12-09,20.12,1.21
4,5,2025-12-09,60.37,4.23
5,1,2025-12-09,1036.54,186.58
5,2,2025-12-09,592.31,53.31
5,3,2025-12-09,296.15,14.81
5,4,2025-12-09,296.15,17.77
5,5,2025-12-09,740.38,51.83
1,1,2025-12-10,355.69,64.02
1,2,2025-12-10,177.84,16.01
1,3,2025-12-10,71.14,3.56
1,4,2025-12-10,35.57,2.13
1,5,2025-12-10,71.14,4.98
2,1,2025-12-10,20.47,3.68
2,2,2025-12-10,7.68,0.69
2,3,2025-12-10,5.12,0.26
2,4,2025-12-10,10.24,0.61
2,5,2025-12-10,7.68,0.54
3,1,2025-12-10,329.41,59.29
3,2,2025-12-10,94.12,8.47
3,3,2025-12-10,329.41,16.47
3,4,2025-12-10,94.12,5.65
3,5,2025-12-10,94.12,6.59
4,1,2025-12-10,224.75,40.45
4,2,2025-12-10,89.9,8.09
4,3,2025-12-10,44.95,2.25
4,4,2025-12-10,22.48,1.35
4,5,2025-12-10,67.42,4.72
5,1,2025-12-10,905.79,163.04
5,2,2025-12-10,517.6,46.58
5,3,2025-12-10,258.8,12.94
5,4,2025-12-10,258.8,15.53
5,5,2025-12-10,647.0,45.29
1,1,2025-12-11,341.18,61.41
1,2,2025-12-11,170.59,15.35
1,3,2025-12-11,68.23,3.41
1,4,2025-12-11,34.12,2.05
1,5,2025-12-11,68.23,4.78
2,1,2025-12-11,27.49,4.95
2,2,2025-12-11,10.31,0.93
2,3,2025-12-11,6.87,0.34
2,4,2025-12-11,13.75,0.82
2,5,2025-12-11,10.31,0.72
3,1,2025-12-11,287.86,51.81
3,2,2025-12-11,82.25,7.4
3,3,2025-12-11,287.86,14.39
3,4,2025-12-11,82.25,4.93
3,5,2025-12-11,82.25,5.76
4,1,2025-12-11,216.7,39.01
4,2,2025-12-11,86.68,7.8
4,3,2025-12-11,43.34,2.17
4,4,2025-12-11,21.67,1.3
4,5,2025-12-11,65.01,4.55
5,1,2025-12-11,1023.15,184.17
5,2,2025-12-11,584.66,52.62
5,3,2025-12-11,292.33,14.62
5,4,2025-12-11,292.33,17.54
5,5,2025-12-11,730.82,51.16
1,1,2025-12-12,392.98,70.74
1,2,2025-12-12,196.49,17.68
1,3,2025-12-12,78.6,3.93
1,4,2025-12-12,39.3,2.36
1,5,2025-12-12,78.6,5.5
2,1,2025-12-12,22.63,4.07
2,2,2025-12-12,8.49,0.76
2,3,2025-12-12,5.66,0.28
2,4,2025-12-12,11.31,0.68
2,5,2025-12-12,8.49,0.59
3,1,2025-12-12,336.78,60.62
3,2,2025-12-12,96.22,8.66
3,3,2025-12-12,336.78,16.84
3,4,2025-12-12,96.22,5.77
3,5,2025-12-12,96.22,6.74
4,1,2025-12-12,206.78,37.22
4,2,2025-12-12,82.71,7.44
4,3,2025-12-12,41.36,2.07
4,4,2025-12-12,20.68,1.24
4,5,2025-12-12,62.03,4.34
5,1,2025-12-12,1125.44,202.58
5,2,2025-12-12,643.11,57.88
5,3,2025-12-12,321.56,16.08
5,4,2025-12-12,321.56,19.29
5,5,2025-12-12,803.89,56.27
1,1,2025-12-13,200.03,36.01
1,2,2025-12-13,100.02,9.0
1,3,2025-12-13,40.01,2.0
1,4,2025-12-13,20.0,1.2
1,5,2025-12-13,40.01,2.8
2,1,2025-12-13,13.98,2.52
2,2,2025-12-13,5.24,0.47
2,3,2025-12-13,3.49,0.17
2,4,2025-12-13,6.99,0.42
2,5,2025-12-13,5.24,0.37
3,1,2025-12-13,190.66,34.32
3,2,2025-12-13,54.47,4.9
3,3,2025-12-13,190.66,9.53
3,4,2025-12-13,54.47,3.27
3,5,2025-12-13,54.47,3.81
4,1,2025-12-13,112.7,20.29
4,2,2025-12-13,45.08,4.06
4,3,2025-12-13,22.54,1.13
4,4,2025-12-13,11.27,0.68
4,5,2025-12-13,33.81,2.37
5,1,2025-12-13,439.35,79.08
5,2,2025-12-13,251.06,22.6
5,3,2025-12-13,125.53,6.28
5,4,2025-12-13,125.53,7.53
5,5,2025-12-13,313.82,21.97
1,1,2025-12-15,319.81,57.57
1,2,2025-12-15,159.91,14.39
1,3,2025-12-15,63.96,3.2
1,4,2025-12-15,31.98,1.92
1,5,2025-12-15,63.96,4.48
2,1,2025-12-15,22.7,4.09
2,2,2025-12-15,8.51,0.77
2,3,2025-12-15,5.68,0.28
2,4,2025-12-15,11.35,0.68
2,5,2025-12-15,8.51,0.6
3,1,2025-12-15,425.93,76.67
3,2,2025-12-15,121.7,10.95
3,3,2025-12-15,425.93,21.3
3,4,2025-12-15,121.7,7.3
3,5,2025-12-15,121.7,8.52
4,1,2025-12-15,192.46,34.64
4,2,2025-12-15,76.98,6.93
4,3,2025-12-15,38.49,1.92
4,4,2025-12-15,19.25,1.16
4,5,2025-12-15,57.74,4.04
5,1,2025-12-15,1183.48,213.03
5,2,2025-12-15,676.28,60.87
5,3,2025-12-15,338.14,16.91
5,4,2025-12-15,338.14,20.29
5,5,2025-12-15,845.35,59.17
1,1,2025-12-16,366.1,65.9
1,2,2025-12-16,183.05,16.47
1,3,2025-12-16,73.22,3.66
1,4,2025-12-16,36.61,2.2
1,5,2025-12-16,73.22,5.13
2,1,2025-12-16,19.61,3.53
2,2,2025-12-16,7.35,0.66
2,3,2025-12-16,4.9,0.25
2,4,2025-12-16,9.8,0.59
2,5,2025-12-16,7.35,0.51
3,1,2025-12-16,395.97,71.27
3,2,2025-12-16,113.13,10.18
3,3,2025-12-16,395.97,19.8
3,4,2025-12-16,113.13,6.79
3,5,2025-12-16,113.13,7.92
4,1,2025-12-16,205.06,36.91
4,2,2025-12-16,82.02,7.38
4,3,2025-12-16,41.01,2.05
4,4,2025-12-16,20.51,1.23
4,5,2025-12-16,61.52,4.31
5,1,2025-12-16,903.69,162.66
5,2,2025-12-16,516.39,46.48
5,3,2025-12-16,258.2,12.91
5,4,2025-12-16,258.2,15.49
5,5,2025-12-16,645.49,45.18
1,1,2025-12-17,371.35,66.84
1,2,2025-12-17,185.67,16.71
1,3,2025-12-17,74.27,3.71
1,4,2025-12-17,37.13,2.23
1,5,2025-12-17,74.27,5.2
2,1,2025-12-17,25.42,4.58
2,2,2025-12-17,9.53,0.86
2,3,2025-12-17,6.36,0.32
2,4,2025-12-17,12.71,0.76
2,5,2025-12-17,9.53,0.67
3,1,2025-12-17,358.42,64.52
3,2,2025-12-17,102.41,9.22
3,3,2025-12-17,358.42,17.92
3,4,2025-12-17,102.41,6.14
3,5,2025-12-17,102.41,7.17
4,1,2025-12-17,192.34,34.62
4,2,2025-12-17,76.94,6.92
4,3,2025-12-17,38.47,1.92
4,4,2025-12-17,19.23,1.15
4,5,2025-12-17,57.7,4.04
5,1,2025-12-17,897.1,161.48
5,2,2025-12-17,512.63,46.14
5,3,2025-12-17,256.31,12.82
5,4,2025-12-17,256.31,15.38
5,5,2025-12-17,640.78,44.85
1,1,2025-12-18,375.29,67.55
1,2,2025-12-18,187.65,16.89
1,3,2025-12-18,75.06,3.75
1,4,2025-12-18,37.53,2.25
1,5,2025-12-18,75.06,5.25
2,1,2025-12-18,24.49,4.41
2,2,2025-12-18,9.18,0.83
2,3,2025-12-18,6.12,0.31
2,4,2025-12-18,12.25,0.73
2,5,2025-12-18,9.18,0.64
3,1,2025-12-18,434.5,78.21
3,2,2025-12-18,124.14,11.17
3,3,2025-12-18,434.5,21.73
3,4,2025-12-18,124.14,7.45
3,5,2025-12-18,124.14,8.69
4,1,2025-12-18,133.49,24.03
4,2,2025-12-18,53.4,4.81
4,3,2025-12-18,26.7,1.33
4,4,2025-12-18,13.35,0.8
4,5,2025-12-18,40.05,2.8
5,1,2025-12-18,841.06,151.39
5,2,2025-12-18,480.6,43.25
5,3,2025-12-18,240.3,12.02
5,4,2025-12-18,240.3,14.42
5,5,2025-12-18,600.75,42.05
1,1,2025-12-19,396.25,71.33
1,2,2025-12-19,198.12,17.83
1,3,2025-12-19,79.25,3.96
1,4,2025-12-19,39.62,2.38
1,5,2025-12-19,79.25,5.55
2,1,2025-12-19,15.52,2.79
2,2,2025-12-19,5.82,0.52
2,3,2025-12-19,3.88,0.19
2,4,2025-12-19,7.76,0.47
2,5,2025-12-19,5.82,0.41
3,1,2025-12-19,360.4,64.87
3,2,2025-12-19,102.97,9.27
3,3,2025-12-19,360.4,18.02
3,4,2025-12-19,102.97,6.18
3,5,2025-12-19,102.97,7.21
4,1,2025-12-19,165.51,29.79
4,2,2025-12-19,66.2,5.96
4,3,2025-12-19,33.1,1.66
4,4,2025-12-19,16.55,0.99
4,5,2025-12-19,49.65,3.48
5,1,2025-12-19,902.33,162.42
5,2,2025-12-19,515.62,46.41
5,3,2025-12-19,257.81,12.89
5,4,2025-12-19,257.81,15.47
5,5,2025-12-19,644.52,45.12
1,1,2025-12-20,206.91,37.24
1,2,2025-12-20,103.45,9.31
1,3,2025-12-20,41.38,2.07
1,4,2025-12-20,20.69,1.24
1,5,2025-12-20,41.38,2.9
2,1,2025-12-20,16.76,3.02
2,2,2025-12-20,6.29,0.57
2,3,2025-12-20,4.19,0.21
2,4,2025-12-20,8.38,0.5
2,5,2025-12-20,6.29,0.44
3,1,2025-12-20,197.14,35.49
3,2,2025-12-20,56.33,5.07
3,3,2025-12-20,197.14,9.86
3,4,2025-12-20,56.33,3.38
3,5,2025-12-20,56.33,3.94
4,1,2025-12-20,108.88,19.6
4,2,2025-12-20,43.55,3.92
4,3,2025-12-20,21.78,1.09
4,4,2025-12-20,10.89,0.65
4,5,2025-12-20,32.66,2.29
5,1,2025-12-20,479.03,86.23
5,2,2025-12-20,273.73,24.64
5,3,2025-12-20,136.87,6.84
5,4,2025-12-20,136.87,8.21
5,5,2025-12-20,342.17,23.95
1,1,2025-12-22,318.23,57.28
1,2,2025-12-22,159.11,14.32
1,3,2025-12-22,63.65,3.18
1,4,2025-12-22,31.82,1.91
1,5,2025-12-22,63.65,4.46
2,1,2025-12-22,22.15,3.99
2,2,2025-12-22,8.31,0.75
2,3,2025-12-22,5.54,0.28
2,4,2025-12-22,11.07,0.66
2,5,2025-12-22,8.31,0.58
3,1,2025-12-22,299.21,53.86
3,2,2025-12-22,85.49,7.69
3,3,2025-12-22,299.21,14.96
3,4,2025-12-22,85.49,5.13
3,5,2025-12-22,85.49,5.98
4,1,2025-12-22,169.38,30.49
4,2,2025-12-22,67.75,6.1
4,3,2025-12-22,33.88,1.69
4,4,2025-12-22,16.94,1.02
4,5,2025-12-22,50.82,3.56
5,1,2025-12-22,850.23,153.04
5,2,2025-12-22,485.85,43.73
5,3,2025-12-22,242.92,12.15
5,4,2025-12-22,242.92,14.58
5,5,2025-12-22,607.31,42.51
1,1,2025-12-23,362.22,65.2
1,2,2025-12-23,181.11,16.3
1,3,2025-12-23,72.44,3.62
1,4,2025-12-23,36.22,2.17
1,5,2025-12-23,72.44,5.07
2,1,2025-12-23,29.99,5.4
2,2,2025-12-23,11.25,1.01
2,3,2025-12-23,7.5,0.38
2,4,2025-12-23,14.99,0.9
2,5,2025-12-23,11.25,0.79
3,1,2025-12-23,254.57,45.82
3,2,2025-12-23,72.73,6.55
3,3,2025-12-23,254.57,12.73
3,4,2025-12-23,72.73,4.36
3,5,2025-12-23,72.73,5.09
4,1,2025-12-23,221.0,39.78
4,2,2025-12-23,88.4,7.96
4,3,2025-12-23,44.2,2.21
4,4,2025-12-23,22.1,1.33
4,5,2025-12-23,66.3,4.64
5,1,2025-12-23,971.52,174.87
5,2,2025-12-23,555.15,49.96
5,3,2025-12-23,277.58,13.88
5,4,2025-12-23,277.58,16.65
5,5,2025-12-23,693.94,48.58
1,1,2025-12-24,393.38,70.81
1,2,2025-12-24,196.69,17.7
1,3,2025-12-24,78.68,3.93
1,4,2025-12-24,39.34,2.36
1,5,2025-12-24,78.68,5.51
2,1,2025-12-24,26.67,4.8
2,2,2025-12-24,10.0,0.9
2,3,2025-12-24,6.67,0.33
2,4,2025-12-24,13.33,0.8
2,5,2025-12-24,10.0,0.7
3,1,2025-12-24,305.91,55.06
3,2,2025-12-24,87.4,7.87
3,3,2025-12-24,305.91,15.3
3,4,2025-12-24,87.4,5.24
3,5,2025-12-24,87.4,6.12
4,1,2025-12-24,158.78,28.58
4,2,2025-12-24,63.51,5.72
4,3,2025-12-24,31.76,1.59
4,4,2025-12-24,15.88,0.95
4,5,2025-12-24,47.63,3.33
5,1,2025-12-24,737.02,132.66
5,2,2025-12-24,421.15,37.9
5,3,2025-12-24,210.58,10.53
5,4,2025-12-24,210.58,12.63
5,5,2025-12-24,526.44,36.85
1,1,2025-12-25,342.75,61.7
1,2,2025-12-25,171.38,15.42
1,3,2025-12-25,68.55,3.43
1,4,2025-12-25,34.27,2.06
1,5,2025-12-25,68.55,4.8
2,1,2025-12-25,21.3,3.83
2,2,2025-12-25,7.99,0.72
2,3,2025-12-25,5.32,0.27
2,4,2025-12-25,10.65,0.64
2,5,2025-12-25,7.99,0.56
3,1,2025-12-25,441.71,79.51
3,2,2025-12-25,126.2,11.36
3,3,2025-12-25,441.71,22.09
3,4,2025-12-25,126.2,7.57
3,5,2025-12-25,126.2,8.83
4,1,2025-12-25,148.71,26.77
4,2,2025-12-25,59.48,5.35
4,3,2025-12-25,29.74,1.49
4,4,2025-12-25,14.87,0.89
4,5,2025-12-25,44.61,3.12
5,1,2025-12-25,823.74,148.27
5,2,2025-12-25,470.71,42.36
5,3,2025-12-25,235.36,11.77
5,4,2025-12-25,235.36,14.12
5,5,2025-12-25,588.39,41.19
1,1,2025-12-26,319.06,57.43
1,2,2025-12-26,159.53,14.36
1,3,2025-12-26,63.81,3.19
1,4,2025-12-26,31.91,1.91
1,5,2025-12-26,63.81,4.47
2,1,2025-12-26,22.62,4.07
2,2,2025-12-26,8.48,0.76
2,3,2025-12-26,5.66,0.28
2,4,2025-12-26,11.31,0.68
2,5,2025-12-26,8.48,0.59
3,1,2025-12-26,379.06,68.23
3,2,2025-12-26,108.3,9.75
3,3,2025-12-26,379.06,18.95
3,4,2025-12-26,108.3,6.5
3,5,2025-12-26,108.3,7.58
4,1,2025-12-26,154.66,27.84
4,2,2025-12-26,61.87,5.57
4,3,2025-12-26,30.93,1.55
4,4,2025-12-26,15.47,0.93
4,5,2025-12-26,46.4,3.25
5,1,2025-12-26,1020.69,183.72
5,2,2025-12-26,583.25,52.49
5,3,2025-12-26,291.62,14.58
5,4,2025-12-26,291.62,17.5
5,5,2025-12-26,729.06,51.03
1,1,2025-12-27,239.41,43.09
1,2,2025-12-27,119.71,10.77
1,3,2025-12-27,47.88,2.39
1,4,2025-12-27,23.94,1.44
1,5,2025-12-27,47.88,3.35
2,1,2025-12-27,17.22,3.1
2,2,2025-12-27,6.46,0.58
2,3,2025-12-27,4.31,0.22
2,4,2025-12-27,8.61,0.52
2,5,2025-12-27,6.46,0.45
3,1,2025-12-27,176.28,31.73
3,2,2025-12-27,50.37,4.53
3,3,2025-12-27,176.28,8.81
3,4,2025-12-27,50.37,3.02
3,5,2025-12-27,50.37,3.53
4,1,2025-12-27,95.2,17.14
4,2,2025-12-27,38.08,3.43
4,3,2025-12-27,19.04,0.95
4,4,2025-12-27,9.52,0.57
4,5,2025-12-27,28.56,2.0
5,1,2025-12-27,565.76,101.84
5,2,2025-12-27,323.29,29.1
5,3,2025-12-27,161.65,8.08
5,4,2025-12-27,161.65,9.7
5,5,2025-12-27,404.12,28.29
1,1,2025-12-29,412.57,74.26
1,2,2025-12-29,206.28,18.57
1,3,2025-12-29,82.51,4.13
1,4,2025-12-29,41.26,2.48
1,5,2025-12-29,82.51,5.78
2,1,2025-12-29,26.9,4.84
2,2,2025-12-29,10.09,0.91
2,3,2025-12-29,6.73,0.34
2,4,2025-12-29,13.45,0.81
2,5,2025-12-29,10.09,0.71
3,1,2025-12-29,353.99,63.72
3,2,2025-12-29,101.14,9.1
3,3,2025-12-29,353.99,17.7
3,4,2025-12-29,101.14,6.07
3,5,2025-12-29,101.14,7.08
4,1,2025-12-29,170.74,30.73
4,2,2025-12-29,68.29,6.15
4,3,2025-12-29,34.15,1.71
4,4,2025-12-29,17.07,1.02
4,5,2025-12-29,51.22,3.59
5,1,2025-12-29,1032.33,185.82
5,2,2025-12-29,589.9,53.09
5,3,2025-12-29,294.95,14.75
5,4,2025-12-29,294.95,17.7
5,5,2025-12-29,737.38,51.62
1,1,2025-12-30,340.81,61.35
1,2,2025-12-30,170.41,15.34
1,3,2025-12-30,68.16,3.41
1,4,2025-12-30,34.08,2.04
1,5,2025-12-30,68.16,4.77
2,1,2025-12-30,28.04,5.05
2,2,2025-12-30,10.52,0.95
2,3,2025-12-30,7.01,0.35
2,4,2025-12-30,14.02,0.84
2,5,2025-12-30,10.52,0.74
3,1,2025-12-30,411.71,74.11
3,2,2025-12-30,117.63,10.59
3,3,2025-12-30,411.71,20.59
3,4,2025-12-30,117.63,7.06
3,5,2025-12-30,117.63,8.23
4,1,2025-12-30,160.66,28.92
4,2,2025-12-30,64.27,5.78
4,3,2025-12-30,32.13,1.61
4,4,2025-12-30,16.07,0.96
4,5,2025-12-30,48.2,3.37
5,1,2025-12-30,1029.41,185.29
5,2,2025-12-30,588.24,52.94
5,3,2025-12-30,294.12,14.71
5,4,2025-12-30,294.12,17.65
5,5,2025-12-30,735.29,51.47
1,1,2025-12-31,310.0,55.8
1,2,2025-12-31,155.0,13.95
1,3,2025-12-31,62.0,3.1
1,4,2025-12-31,31.0,1.86
1,5,2025-12-31,62.0,4.34
2,1,2025-12-31,20.71,3.73
2,2,2025-12-31,7.77,0.7
2,3,2025-12-31,5.18,0.26
2,4,2025-12-31,10.35,0.62
2,5,2025-12-31,7.77,0.54
3,1,2025-12-31,330.95,59.57
3,2,2025-12-31,94.56,8.51
3,3,2025-12-31,330.95,16.55
3,4,2025-12-31,94.56,5.67
3,5,2025-12-31,94.56,6.62
4,1,2025-12-31,192.06,34.57
4,2,2025-12-31,76.83,6.91
4,3,2025-12-31,38.41,1.92
4,4,2025-12-31,19.21,1.15
4,5,2025-12-31,57.62,4.03
5,1,2025-12-31,845.03,152.11
5,2,2025-12-31,482.88,43.46
5,3,2025-12-31,241.44,12.07
5,4,2025-12-31,241.44,14.49
5,5,2025-12-31,603.6,42.25
