supplier_id,transport_company_id,site_id,transport_date,distance_km,co2_emissions_kg,transport_cost,transported_weight_kg
1,4,1,2025-01-01,451.73,0.87,376.28,78.99
2,2,1,2025-01-01,732.72,4.57,803.11,81.26
3,1,1,2025-01-01,863.43,5.29,997.45,71.32
4,5,1,2025-01-01,1798.28,2.13,1134.72,76.7
5,1,1,2025-01-01,917.83,5.49,1085.36,72.94
6,2,1,2025-01-01,451.3,2.62,492.58,73.54
7,2,1,2025-01-01,773.03,4.89,875.36,78.81
8,5,1,2025-01-01,1388.93,1.52,924.13,72.23
1,2,2,2025-01-01,544.18,0.36,588.92,8.78
2,3,2,2025-01-01,1027.55,0.72,1071.26,9.04
3,2,2,2025-01-01,628.41,0.41,679.29,8.21
4,5,2,2025-01-01,2091.37,0.26,1370.45,8.75
5,4,2,2025-01-01,1176.35,0.23,1029.33,7.87
6,4,2,2025-01-01,550.16,0.11,475.23,7.96
7,1,2,2025-01-01,924.26,0.59,1048.18,7.65
8,3,2,2025-01-01,1718.17,1.13,1773.06,8.55
1,2,3,2025-01-01,296.87,3.05,323.35,128.89
2,2,3,2025-01-01,1075.72,10.58,1179.52,119.95
3,5,3,2025-01-01,445.47,0.79,290.4,112.34
4,3,3,2025-01-01,2256.27,20.85,2322.0,127.62
5,4,3,2025-01-01,942.61,2.53,825.96,108.63
6,4,3,2025-01-01,292.54,0.92,252.32,120.29
7,1,3,2025-01-01,1069.08,10.64,1241.29,119.91
8,3,3,2025-01-01,1762.83,13.93,1876.76,110.89
1,4,4,2025-01-01,702.96,0.93,612.76,54.41
2,4,4,2025-01-01,1028.84,1.45,856.74,55.91
3,1,4,2025-01-01,903.54,4.42,1008.6,57.43
4,5,4,2025-01-01,1947.78,1.45,1303.23,50.18
5,2,4,2025-01-01,1266.13,5.26,1358.1,51.58
6,4,4,2025-01-01,718.99,0.92,621.29,49.71
7,1,4,2025-01-01,660.38,3.22,761.41,59.26
8,5,4,2025-01-01,1412.69,1.28,929.07,59.07
1,4,5,2025-01-01,608.33,6.11,518.32,396.09
2,4,5,2025-01-01,646.85,5.29,536.68,342.23
3,5,5,2025-01-01,1118.96,5.47,735.1,340.23
4,3,5,2025-01-01,1626.46,39.17,1712.5,326.62
5,2,5,2025-01-01,1067.74,27.96,1209.04,339.8
6,4,5,2025-01-01,624.73,5.33,530.78,341.88
7,1,5,2025-01-01,815.74,24.46,940.5,355.43
8,3,5,2025-01-01,1271.67,36.19,1331.38,395.3
1,2,1,2025-01-02,484.13,2.96,534.57,78.84
2,2,1,2025-01-02,714.38,4.55,806.7,81.74
3,2,1,2025-01-02,927.72,6.53,1030.82,91.61
4,3,1,2025-01-02,1936.76,13.95,1993.79,92.82
5,2,1,2025-01-02,898.32,6.86,969.26,91.76
6,1,1,2025-01-02,492.81,3.51,566.18,81.51
7,2,1,2025-01-02,764.74,5.63,850.38,89.47
8,5,1,2025-01-02,1399.95,1.8,914.79,82.05
1,4,2,2025-01-02,516.29,0.07,438.28,5.96
2,4,2,2025-01-02,946.43,0.15,789.35,6.76
3,5,2,2025-01-02,593.21,0.06,395.84,6.64
4,3,2,2025-01-02,2066.18,0.83,2190.03,5.62
5,4,2,2025-01-02,1152.62,0.19,992.49,6.73
6,1,2,2025-01-02,527.34,0.26,604.95,5.73
7,1,2,2025-01-02,903.38,0.49,1014.03,6.34
8,3,2,2025-01-02,1650.97,0.7,1688.72,5.73
1,1,3,2025-01-02,296.09,2.66,345.9,102.28
2,4,3,2025-01-02,1100.8,3.22,946.05,116.54
3,5,3,2025-01-02,440.97,0.78,281.01,113.39
4,3,3,2025-01-02,2285.74,19.06,2369.74,115.12
5,1,3,2025-01-02,970.67,8.64,1101.68,103.29
6,2,3,2025-01-02,292.53,2.65,325.69,118.76
7,2,3,2025-01-02,1002.13,8.2,1135.28,106.14
8,3,3,2025-01-02,1843.42,15.23,1879.72,110.93
1,1,4,2025-01-02,752.04,4.94,841.71,80.15
2,3,4,2025-01-02,1058.66,5.49,1099.51,71.77
3,1,4,2025-01-02,935.9,5.64,1051.49,72.72
4,5,4,2025-01-02,2042.4,2.59,1307.07,81.05
5,1,4,2025-01-02,1361.91,9.85,1522.5,82.0
6,4,4,2025-01-02,750.56,1.52,645.14,81.56
7,4,4,2025-01-02,670.2,1.27,556.85,73.6
8,3,4,2025-01-02,1398.41,7.89,1465.56,72.91
1,2,5,2025-01-02,639.87,16.19,714.23,325.29
2,3,5,2025-01-02,638.84,16.29,665.1,324.87
3,5,5,2025-01-02,1151.08,5.6,742.48,313.67
4,3,5,2025-01-02,1634.61,39.31,1767.38,331.29
5,2,5,2025-01-02,1001.52,24.35,1124.06,308.65
6,2,5,2025-01-02,626.58,15.04,695.76,303.49
7,2,5,2025-01-02,811.27,19.44,912.16,298.93
8,3,5,2025-01-02,1233.03,26.01,1284.23,276.76
1,2,1,2025-01-03,477.68,3.27,526.58,82.16
2,4,1,2025-01-03,713.4,1.52,593.51,87.09
3,2,1,2025-01-03,914.84,6.5,987.58,86.68
4,5,1,2025-01-03,1832.62,2.55,1171.05,94.75
5,4,1,2025-01-03,909.6,1.94,782.0,85.67
6,4,1,2025-01-03,468.74,1.16,391.29,95.95
7,1,1,2025-01-03,733.78,5.79,824.33,91.74
8,3,1,2025-01-03,1475.06,9.01,1505.43,83.93
1,1,2,2025-01-03,566.13,0.71,649.48,14.38
2,4,2,2025-01-03,987.42,0.36,834.37,14.68
3,1,2,2025-01-03,629.68,0.7,736.02,12.67
4,3,2,2025-01-03,2107.08,2.16,2238.57,13.27
5,2,2,2025-01-03,1098.28,1.21,1205.1,13.36
6,2,2,2025-01-03,549.05,0.68,620.44,15.43
7,2,2,2025-01-03,960.7,1.13,1077.89,14.68
8,5,2,2025-01-03,1715.54,0.38,1099.08,14.75
1,1,3,2025-01-03,310.2,3.34,357.88,123.18
2,2,3,2025-01-03,1026.33,9.48,1114.78,118.03
3,2,3,2025-01-03,467.69,4.26,512.14,118.11
4,3,3,2025-01-03,2245.41,19.64,2364.89,117.69
5,2,3,2025-01-03,908.42,9.88,1016.97,137.51
6,4,3,2025-01-03,285.59,1.0,243.52,138.74
7,2,3,2025-01-03,1028.85,10.78,1155.95,126.09
8,3,3,2025-01-03,1797.88,16.57,1876.41,123.07
1,4,4,2025-01-03,732.9,1.24,622.3,69.84
2,2,4,2025-01-03,1100.48,6.57,1218.0,71.69
3,5,4,2025-01-03,857.44,0.91,556.49,73.23
4,3,4,2025-01-03,1903.23,9.77,1979.59,68.74
5,2,4,2025-01-03,1271.17,7.83,1427.26,77.63
6,2,4,2025-01-03,685.4,4.13,747.93,71.76
7,4,4,2025-01-03,621.96,1.15,514.39,77.71
8,3,4,2025-01-03,1309.41,6.1,1344.68,64.37
1,4,5,2025-01-03,596.09,5.16,502.0,347.35
2,3,5,2025-01-03,628.41,15.73,647.75,325.64
3,1,5,2025-01-03,1203.44,28.63,1371.83,293.81
4,5,5,2025-01-03,1682.43,8.04,1108.1,332.51
5,4,5,2025-01-03,1023.0,8.31,881.84,331.37
6,1,5,2025-01-03,638.37,16.72,739.45,323.0
7,4,5,2025-01-03,839.0,6.59,730.71,319.18
8,5,5,2025-01-03,1200.69,6.36,797.97,348.18
1,4,1,2025-01-04,453.69,0.31,389.34,27.0
2,4,1,2025-01-04,742.19,0.54,628.65,29.1
3,5,1,2025-01-04,908.32,0.37,605.98,27.85
4,5,1,2025-01-04,1920.6,0.79,1256.82,27.4
5,2,1,2025-01-04,885.28,2.01,973.4,28.84
6,2,1,2025-01-04,484.0,1.12,539.14,27.95
7,2,1,2025-01-04,754.18,1.69,817.04,28.97
8,5,1,2025-01-04,1448.34,0.67,949.85,30.37
1,2,2,2025-01-04,537.2,0.18,587.58,4.27
2,2,2,2025-01-04,961.01,0.37,1059.13,4.8
3,2,2,2025-01-04,650.79,0.24,713.93,4.77
4,5,2,2025-01-04,1999.04,0.13,1269.74,4.37
5,4,2,2025-01-04,1201.85,0.14,1036.24,4.9
6,2,2,2025-01-04,552.13,0.23,599.49,5.18
7,1,2,2025-01-04,981.6,0.37,1115.5,4.53
8,3,2,2025-01-04,1612.76,0.63,1713.51,5.17
1,1,3,2025-01-04,304.14,1.2,340.09,48.36
2,3,3,2025-01-04,1046.79,3.46,1069.99,45.49
3,2,3,2025-01-04,432.63,1.45,478.56,42.03
4,3,3,2025-01-04,2123.38,8.14,2174.53,48.9
5,1,3,2025-01-04,913.75,3.8,1069.74,48.47
6,1,3,2025-01-04,308.27,1.23,350.73,44.93
7,4,3,2025-01-04,1101.45,1.23,942.75,44.24
8,3,3,2025-01-04,1880.57,5.94,1994.04,43.34
1,1,4,2025-01-04,701.27,1.26,802.29,21.82
2,4,4,2025-01-04,1059.85,0.53,912.23,20.7
3,5,4,2025-01-04,932.36,0.27,597.59,19.75
4,3,4,2025-01-04,1935.4,3.21,2082.19,21.79
5,1,4,2025-01-04,1244.28,2.09,1452.54,20.16
6,4,4,2025-01-04,750.33,0.4,630.45,21.34
7,2,4,2025-01-04,678.77,1.17,728.08,21.6
8,3,4,2025-01-04,1402.57,2.4,1431.02,22.61
1,1,5,2025-01-04,648.64,6.81,767.62,122.56
2,4,5,2025-01-04,670.89,2.01,560.06,116.59
3,5,5,2025-01-04,1167.42,2.11,763.46,124.4
4,5,5,2025-01-04,1779.74,3.02,1145.09,114.15
5,1,5,2025-01-04,1087.56,10.45,1236.12,110.93
6,2,5,2025-01-04,639.44,5.91,696.82,115.99
7,2,5,2025-01-04,817.35,8.21,917.97,121.1
8,3,5,2025-01-04,1269.71,10.93,1309.34,115.82
1,2,1,2025-01-06,475.76,2.86,510.07,75.6
2,3,1,2025-01-06,723.54,4.43,769.58,82.09
3,1,1,2025-01-06,857.6,5.83,999.6,77.59
4,5,1,2025-01-06,1859.41,2.04,1244.79,76.42
5,1,1,2025-01-06,896.53,5.5,1031.75,69.84
6,4,1,2025-01-06,460.22,0.9,391.41,78.73
7,2,1,2025-01-06,730.78,4.41,825.07,76.4
8,3,1,2025-01-06,1502.78,8.38,1570.58,72.24
1,4,2,2025-01-06,527.43,0.13,457.47,9.62
2,4,2,2025-01-06,1028.89,0.26,876.67,10.67
3,2,2,2025-01-06,609.61,0.54,688.11,11.25
4,3,2,2025-01-06,2148.56,1.61,2304.28,10.13
5,2,2,2025-01-06,1097.52,1.0,1229.95,11.21
6,2,2,2025-01-06,566.37,0.52,610.12,11.31
7,1,2,2025-01-06,914.49,0.89,1026.58,11.68
8,5,2,2025-01-06,1583.95,0.26,1007.65,11.56
1,4,3,2025-01-06,314.1,1.07,264.27,132.78
2,4,3,2025-01-06,1070.23,4.14,930.15,149.47
3,5,3,2025-01-06,444.6,0.95,294.34,139.8
4,3,3,2025-01-06,2225.84,23.37,2308.67,137.43
5,1,3,2025-01-06,973.44,11.37,1130.17,143.21
6,1,3,2025-01-06,298.31,3.98,335.47,150.76
7,1,3,2025-01-06,1028.3,11.93,1186.46,141.49
8,3,3,2025-01-06,1740.6,17.99,1842.1,132.9
1,1,4,2025-01-06,719.83,4.84,835.64,81.33
2,3,4,2025-01-06,1024.31,5.71,1102.16,72.15
3,5,4,2025-01-06,904.19,1.04,605.37,73.18
4,5,4,2025-01-06,1977.09,2.28,1312.22,78.79
5,1,4,2025-01-06,1364.92,9.55,1559.51,85.65
6,2,4,2025-01-06,725.39,5.0,821.81,87.88
7,4,4,2025-01-06,643.23,1.2,556.46,72.13
8,3,4,2025-01-06,1405.43,9.14,1512.24,83.92
1,1,5,2025-01-06,626.64,19.8,730.29,366.64
2,4,5,2025-01-06,666.61,6.75,557.38,398.01
3,1,5,2025-01-06,1196.39,38.79,1375.61,388.86
4,5,5,2025-01-06,1739.5,8.86,1149.58,346.83
5,1,5,2025-01-06,1018.58,35.89,1166.69,399.45
6,4,5,2025-01-06,645.64,6.34,562.77,402.77
7,2,5,2025-01-06,889.73,26.74,1000.63,362.32
8,5,5,2025-01-06,1307.86,7.2,870.63,350.66
1,4,1,2025-01-07,478.2,0.91,408.46,73.53
2,2,1,2025-01-07,740.93,4.03,813.56,67.78
3,5,1,2025-01-07,922.41,0.98,604.98,71.5
4,5,1,2025-01-07,1777.54,1.81,1182.47,71.08
5,4,1,2025-01-07,884.52,1.72,758.57,76.73
6,2,1,2025-01-07,489.24,2.8,527.31,72.1
7,1,1,2025-01-07,735.33,4.5,866.2,74.96
8,3,1,2025-01-07,1433.85,8.22,1524.03,73.14
1,4,2,2025-01-07,535.63,0.11,453.03,8.26
2,2,2,2025-01-07,1012.7,0.68,1099.34,8.06
3,5,2,2025-01-07,611.97,0.07,406.31,7.79
4,3,2,2025-01-07,2148.59,1.29,2275.7,7.67
5,1,2,2025-01-07,1138.29,0.69,1336.46,7.39
6,2,2,2025-01-07,517.95,0.31,585.93,7.42
7,1,2,2025-01-07,977.25,0.6,1128.28,7.47
8,3,2,2025-01-07,1704.42,1.03,1823.34,7.96
1,1,3,2025-01-07,294.86,2.75,330.2,105.41
2,2,3,2025-01-07,1101.19,10.37,1184.19,114.31
3,1,3,2025-01-07,433.43,4.18,502.43,110.18
4,3,3,2025-01-07,2128.33,16.88,2239.28,103.25
5,4,3,2025-01-07,908.54,2.51,777.5,112.23
6,2,3,2025-01-07,300.12,2.83,337.12,123.5
7,4,3,2025-01-07,1052.25,3.1,871.72,112.45
8,5,3,2025-01-07,1862.51,3.0,1226.74,111.73
1,2,4,2025-01-07,689.29,2.88,739.01,51.67
2,3,4,2025-01-07,1063.05,4.67,1108.8,57.36
3,5,4,2025-01-07,902.75,0.76,573.0,55.88
4,3,4,2025-01-07,2018.79,9.03,2148.41,58.1
5,1,4,2025-01-07,1290.91,6.61,1514.45,60.78
6,2,4,2025-01-07,713.95,2.94,793.7,51.83
7,2,4,2025-01-07,679.48,3.17,729.72,58.51
8,3,4,2025-01-07,1295.09,5.16,1385.81,51.85
1,4,5,2025-01-07,592.72,5.63,512.0,377.82
2,3,5,2025-01-07,640.48,17.61,691.01,357.65
3,5,5,2025-01-07,1098.42,5.36,698.93,331.5
4,3,5,2025-01-07,1641.3,43.94,1711.29,344.97
5,4,5,2025-01-07,1036.09,9.51,899.88,364.38
6,4,5,2025-01-07,649.42,6.05,559.7,368.25
7,1,5,2025-01-07,859.26,26.59,964.39,357.13
8,5,5,2025-01-07,1275.34,6.27,806.34,332.97
1,1,1,2025-01-08,473.12,3.45,549.51,88.95
2,2,1,2025-01-08,690.61,4.98,758.56,91.3
3,1,1,2025-01-08,888.3,7.35,1026.83,94.77
4,3,1,2025-01-08,1920.92,12.48,1963.3,84.5
5,1,1,2025-01-08,879.49,6.99,1009.02,93.69
6,2,1,2025-01-08,456.63,3.27,491.54,90.97
7,4,1,2025-01-08,763.39,1.76,631.89,90.51
8,5,1,2025-01-08,1520.24,1.83,1015.07,82.67
1,1,2,2025-01-08,554.26,0.56,637.45,12.39
2,3,2,2025-01-08,948.22,0.92,995.77,12.63
3,5,2,2025-01-08,638.98,0.12,404.0,11.83
4,3,2,2025-01-08,2041.75,1.78,2134.86,11.85
5,2,2,2025-01-08,1174.09,1.15,1254.51,12.72
6,2,2,2025-01-08,522.28,0.59,581.2,14.1
7,2,2,2025-01-08,910.87,0.98,1007.45,13.83
8,3,2,2025-01-08,1632.8,1.5,1697.39,12.45
1,1,3,2025-01-08,287.29,3.08,325.8,125.89
2,3,3,2025-01-08,1034.37,10.54,1064.44,133.86
3,1,3,2025-01-08,434.09,4.29,508.4,115.2
4,3,3,2025-01-08,2128.97,20.64,2270.86,129.32
5,4,3,2025-01-08,945.15,3.16,810.97,133.03
6,4,3,2025-01-08,294.7,0.97,250.66,134.18
7,2,3,2025-01-08,1043.93,9.62,1119.0,117.79
8,3,3,2025-01-08,1765.87,15.37,1892.3,121.45
1,1,4,2025-01-08,730.42,4.25,845.59,71.42
2,3,4,2025-01-08,1046.08,5.32,1125.15,65.91
3,2,4,2025-01-08,936.81,4.8,1037.72,66.13
4,3,4,2025-01-08,2039.26,10.18,2185.23,64.55
5,4,4,2025-01-08,1245.96,1.99,1072.8,67.11
6,2,4,2025-01-08,721.73,3.79,814.56,66.63
7,2,4,2025-01-08,644.07,3.28,721.48,63.09
8,5,4,2025-01-08,1291.4,1.18,828.89,59.91
1,4,5,2025-01-08,641.8,6.49,537.22,400.43
2,2,5,2025-01-08,655.38,17.56,744.99,340.12
3,5,5,2025-01-08,1168.65,6.07,742.68,339.21
4,5,5,2025-01-08,1724.39,8.81,1136.64,353.83
5,4,5,2025-01-08,1102.2,10.48,949.66,396.62
6,4,5,2025-01-08,611.43,5.27,513.6,356.33
7,2,5,2025-01-08,823.82,25.65,899.48,403.04
8,3,5,2025-01-08,1250.96,35.48,1319.3,369.31
1,4,1,2025-01-09,462.33,1.18,390.92,106.01
2,2,1,2025-01-09,697.02,5.9,786.42,104.53
3,5,1,2025-01-09,894.39,1.35,572.78,98.86
4,5,1,2025-01-09,1870.46,3.05,1197.02,105.73
5,1,1,2025-01-09,882.85,7.99,1037.0,106.86
6,2,1,2025-01-09,478.38,3.88,535.87,102.07
7,2,1,2025-01-09,750.22,5.74,811.44,99.01
8,3,1,2025-01-09,1504.09,10.32,1568.0,91.64
1,1,2,2025-01-09,551.42,0.46,618.42,10.16
2,2,2,2025-01-09,957.73,0.81,1049.67,10.95
3,1,2,2025-01-09,639.64,0.62,731.96,10.9
4,5,2,2025-01-09,2050.41,0.31,1322.82,9.59
5,1,2,2025-01-09,1129.15,0.91,1285.8,9.31
6,1,2,2025-01-09,520.43,0.44,605.65,9.69
7,1,2,2025-01-09,974.59,0.84,1148.19,10.06
8,3,2,2025-01-09,1609.73,1.31,1713.37,10.8
1,4,3,2025-01-09,297.7,1.01,248.4,139.84
2,2,3,2025-01-09,1041.58,11.64,1120.49,140.31
3,2,3,2025-01-09,454.35,4.36,493.34,119.71
4,3,3,2025-01-09,2154.08,18.99,2272.57,119.31
5,1,3,2025-01-09,965.62,10.45,1083.08,121.54
6,4,3,2025-01-09,301.32,1.06,249.84,140.12
7,2,3,2025-01-09,1002.07,10.25,1120.08,129.53
8,5,3,2025-01-09,1851.93,3.65,1213.79,128.41
1,4,4,2025-01-09,736.93,1.02,628.59,57.99
2,4,4,2025-01-09,1015.88,1.6,874.13,63.35
3,5,4,2025-01-09,871.41,0.74,581.84,55.62
4,3,4,2025-01-09,1909.72,7.58,1950.62,54.53
5,2,4,2025-01-09,1302.0,6.89,1411.72,65.87
6,4,4,2025-01-09,697.76,1.05,606.59,58.28
7,2,4,2025-01-09,635.26,3.21,695.29,63.59
8,5,4,2025-01-09,1403.28,1.29,912.28,58.64
1,2,5,2025-01-09,611.78,18.91,660.35,395.6
2,3,5,2025-01-09,622.63,18.37,659.37,381.05
3,2,5,2025-01-09,1104.3,31.2,1214.74,360.55
4,5,5,2025-01-09,1643.33,9.05,1084.95,369.21
5,2,5,2025-01-09,1062.06,31.75,1192.82,368.54
6,1,5,2025-01-09,593.65,19.1,699.72,383.67
7,4,5,2025-01-09,821.1,7.19,708.13,338.39
8,5,5,2025-01-09,1191.85,6.27,770.52,341.08
1,2,1,2025-01-10,491.12,3.01,539.48,79.27
2,3,1,2025-01-10,710.78,4.94,748.56,92.05
3,2,1,2025-01-10,883.29,6.18,944.87,83.58
4,3,1,2025-01-10,1849.82,11.93,1915.39,85.47
5,2,1,2025-01-10,918.36,6.13,1022.87,82.46
6,2,1,2025-01-10,455.91,2.83,492.53,81.08
7,4,1,2025-01-10,745.88,1.52,647.8,80.24
8,5,1,2025-01-10,1474.34,2.02,946.81,91.11
1,2,2,2025-01-10,558.97,0.68,620.11,14.66
2,3,2,2025-01-10,980.86,0.93,1007.71,13.0
3,2,2,2025-01-10,590.63,0.66,661.69,14.21
4,3,2,2025-01-10,2072.95,1.97,2241.98,12.9
5,4,2,2025-01-10,1147.55,0.39,979.91,13.81
6,1,2,2025-01-10,565.51,0.69,657.54,14.46
7,2,2,2025-01-10,914.69,1.1,1011.62,14.99
8,3,2,2025-01-10,1638.88,1.79,1682.17,15.22
1,1,3,2025-01-10,294.12,3.51,334.25,134.47
2,4,3,2025-01-10,1091.47,4.1,936.51,154.2
3,5,3,2025-01-10,439.85,0.99,279.79,147.83
4,3,3,2025-01-10,2220.2,23.6,2350.1,146.55
5,4,3,2025-01-10,934.57,3.49,813.0,156.45
6,1,3,2025-01-10,286.36,3.64,334.1,148.31
7,4,3,2025-01-10,1041.24,3.86,893.0,148.23
8,5,3,2025-01-10,1825.54,3.7,1209.33,138.52
1,2,4,2025-01-10,705.42,2.8,773.72,51.95
2,3,4,2025-01-10,1046.27,4.16,1122.97,54.98
3,2,4,2025-01-10,921.08,4.7,991.4,60.9
4,5,4,2025-01-10,1952.92,1.49,1240.95,52.33
5,2,4,2025-01-10,1267.23,5.18,1384.83,52.22
6,4,4,2025-01-10,714.11,1.15,618.92,62.06
7,4,4,2025-01-10,664.37,0.85,581.96,53.28
8,5,4,2025-01-10,1349.83,1.05,901.16,54.63
1,4,5,2025-01-10,617.35,5.47,513.27,351.57
2,3,5,2025-01-10,649.67,19.75,684.93,399.15
3,5,5,2025-01-10,1093.44,5.4,702.71,341.69
4,5,5,2025-01-10,1744.86,9.35,1141.12,360.86
5,1,5,2025-01-10,1035.56,30.9,1191.6,355.12
6,4,5,2025-01-10,606.34,6.28,506.78,407.07
7,1,5,2025-01-10,840.98,27.62,997.43,392.67
8,3,5,2025-01-10,1212.38,33.78,1241.88,371.48
1,1,1,2025-01-11,480.04,1.12,540.74,27.48
2,4,1,2025-01-11,694.06,0.48,586.39,28.14
3,5,1,2025-01-11,921.54,0.34,610.95,24.86
4,5,1,2025-01-11,1888.62,0.73,1218.05,24.87
5,4,1,2025-01-11,864.86,0.54,752.93,25.47
6,4,1,2025-01-11,476.08,0.31,408.66,26.41
7,4,1,2025-01-11,755.82,0.52,629.96,27.05
8,5,1,2025-01-11,1398.93,0.54,933.92,26.84
1,1,2,2025-01-11,523.3,0.16,598.7,3.67
2,2,2,2025-01-11,971.22,0.32,1092.28,3.92
3,5,2,2025-01-11,634.1,0.04,413.69,3.87
4,5,2,2025-01-11,2055.22,0.11,1368.95,3.57
5,2,2,2025-01-11,1155.32,0.37,1284.68,3.84
6,4,2,2025-01-11,527.28,0.05,442.27,3.7
7,2,2,2025-01-11,923.86,0.29,1003.42,4.06
8,3,2,2025-01-11,1681.39,0.47,1771.9,3.7
1,4,3,2025-01-11,293.2,0.27,247.71,35.94
2,3,3,2025-01-11,1083.43,3.55,1123.72,42.42
3,2,3,2025-01-11,470.49,1.4,522.78,35.61
4,5,3,2025-01-11,2137.08,1.3,1394.52,41.43
5,2,3,2025-01-11,915.54,2.94,991.96,39.78
6,4,3,2025-01-11,312.16,0.28,259.26,36.75
7,2,3,2025-01-11,1072.82,3.15,1145.45,35.77
8,3,3,2025-01-11,1783.24,5.87,1870.29,42.26
1,1,4,2025-01-11,738.43,1.62,827.04,26.43
2,2,4,2025-01-11,1065.99,2.28,1197.53,26.12
3,1,4,2025-01-11,937.19,2.13,1057.11,25.81
4,3,4,2025-01-11,2046.95,4.15,2205.88,27.03
5,2,4,2025-01-11,1348.98,2.7,1449.18,24.89
6,2,4,2025-01-11,704.49,1.72,774.99,30.3
7,1,4,2025-01-11,672.82,1.52,756.08,27.42
8,3,4,2025-01-11,1381.2,3.01,1408.25,28.42
1,2,5,2025-01-11,638.03,6.69,689.55,127.83
2,4,5,2025-01-11,675.81,2.27,561.24,134.37
3,5,5,2025-01-11,1103.47,2.28,736.86,138.27
4,3,5,2025-01-11,1659.33,15.24,1790.99,119.45
5,2,5,2025-01-11,1058.66,10.58,1156.11,127.96
6,1,5,2025-01-11,592.85,5.76,679.3,116.49
7,4,5,2025-01-11,885.96,3.09,762.76,135.9
8,5,5,2025-01-11,1233.44,2.3,801.4,119.08
1,2,1,2025-01-13,481.64,3.55,532.39,92.95
2,3,1,2025-01-13,738.53,5.52,788.62,96.52
3,5,1,2025-01-13,922.93,1.3,598.57,97.82
4,5,1,2025-01-13,1771.95,2.34,1155.62,92.19
5,4,1,2025-01-13,873.19,1.93,758.75,91.69
6,2,1,2025-01-13,451.96,3.12,485.87,85.66
7,4,1,2025-01-13,745.91,1.49,631.47,82.94
8,3,1,2025-01-13,1458.53,10.1,1488.43,94.17
1,2,2,2025-01-13,557.09,0.58,596.22,12.98
2,3,2,2025-01-13,999.64,0.89,1074.58,12.48
3,2,2,2025-01-13,590.97,0.59,660.57,12.15
4,5,2,2025-01-13,2024.26,0.4,1348.78,13.34
5,2,2,2025-01-13,1135.7,1.18,1252.36,12.83
6,4,2,2025-01-13,559.46,0.17,472.58,11.43
7,1,2,2025-01-13,971.65,0.92,1085.54,11.69
8,5,2,2025-01-13,1643.9,0.32,1060.87,12.92
1,1,3,2025-01-13,292.43,3.2,346.74,131.72
2,4,3,2025-01-13,1077.88,3.37,923.51,123.19
3,1,3,2025-01-13,438.33,4.67,503.94,124.14
4,3,3,2025-01-13,2143.84,19.74,2257.64,123.51
5,1,3,2025-01-13,915.81,11.31,1081.33,149.31
6,4,3,2025-01-13,294.57,1.04,248.79,138.56
7,2,3,2025-01-13,1089.51,13.02,1193.88,149.1
8,5,3,2025-01-13,1720.97,3.97,1147.17,148.09
1,4,4,2025-01-13,732.87,1.03,617.59,59.05
2,4,4,2025-01-13,1067.99,1.62,903.73,61.74
3,1,4,2025-01-13,881.99,4.12,999.17,54.71
4,3,4,2025-01-13,1911.14,8.98,2057.26,60.82
5,4,4,2025-01-13,1288.65,1.86,1088.48,57.42
6,2,4,2025-01-13,698.64,3.5,785.19,60.11
7,1,4,2025-01-13,652.32,3.3,745.38,62.25
8,3,4,2025-01-13,1400.44,5.9,1490.81,54.76
1,4,5,2025-01-13,602.46,5.83,508.98,371.63
2,2,5,2025-01-13,631.27,19.14,708.81,370.14
3,2,5,2025-01-13,1197.66,40.09,1313.74,410.04
4,3,5,2025-01-13,1708.85,52.72,1802.09,416.34
5,2,5,2025-01-13,1029.88,32.81,1134.77,383.52
6,4,5,2025-01-13,618.11,6.78,524.66,421.41
7,2,5,2025-01-13,811.39,28.14,871.14,423.33
8,5,5,2025-01-13,1224.4,6.62,801.43,370.62
1,1,1,2025-01-14,469.97,3.7,533.67,91.0
2,3,1,2025-01-14,753.59,5.13,776.41,90.78
3,2,1,2025-01-14,870.23,6.41,982.24,92.16
4,3,1,2025-01-14,1854.43,12.55,1985.26,94.26
5,1,1,2025-01-14,923.79,7.04,1046.26,86.73
6,4,1,2025-01-14,453.6,0.94,376.04,83.31
7,4,1,2025-01-14,762.51,1.72,648.38,90.33
8,3,1,2025-01-14,1454.67,9.0,1548.64,86.71
1,4,2,2025-01-14,565.78,0.09,485.98,6.1
2,2,2,2025-01-14,941.49,0.45,1016.56,6.21
3,5,2,2025-01-14,604.65,0.06,383.13,6.55
4,5,2,2025-01-14,2041.59,0.2,1311.15,6.4
5,1,2,2025-01-14,1167.68,0.74,1310.17,7.23
6,2,2,2025-01-14,533.37,0.29,593.92,6.72
7,1,2,2025-01-14,949.99,0.55,1096.89,6.66
8,3,2,2025-01-14,1715.14,0.92,1844.33,7.32
1,4,3,2025-01-14,311.63,1.01,259.18,136.35
2,3,3,2025-01-14,1091.93,10.83,1177.45,138.77
3,2,3,2025-01-14,428.2,4.26,481.53,129.0
4,5,3,2025-01-14,2294.35,4.56,1498.09,131.52
5,2,3,2025-01-14,966.82,10.56,1080.34,138.14
6,4,3,2025-01-14,306.72,1.1,254.8,137.05
7,2,3,2025-01-14,1021.88,10.36,1133.14,125.41
8,5,3,2025-01-14,1884.41,3.79,1246.51,132.27
1,2,4,2025-01-14,719.32,4.18,788.78,69.54
2,4,4,2025-01-14,1059.02,1.9,889.67,69.88
3,1,4,2025-01-14,919.18,4.95,1071.28,65.61
4,3,4,2025-01-14,1996.73,9.92,2034.99,68.97
5,2,4,2025-01-14,1292.82,7.48,1387.7,75.34
6,2,4,2025-01-14,716.32,4.11,766.33,72.38
7,2,4,2025-01-14,653.52,3.92,735.38,72.99
8,3,4,2025-01-14,1321.9,6.65,1422.12,69.99
1,1,5,2025-01-14,624.46,14.32,705.77,273.08
2,3,5,2025-01-14,634.95,12.51,660.42,271.69
3,2,5,2025-01-14,1148.19,23.98,1246.7,267.66
4,5,5,2025-01-14,1715.95,6.79,1103.92,274.6
5,2,5,2025-01-14,1032.38,25.48,1127.26,299.43
6,2,5,2025-01-14,615.7,15.57,684.55,311.32
7,2,5,2025-01-14,834.76,20.64,911.46,318.56
8,5,5,2025-01-14,1308.59,5.61,851.8,280.2
1,4,1,2025-01-15,483.25,1.0,418.5,84.94
2,3,1,2025-01-15,692.2,4.67,729.69,89.12
3,5,1,2025-01-15,924.09,1.13,617.11,79.67
4,3,1,2025-01-15,1838.61,11.85,1968.35,84.33
5,2,1,2025-01-15,915.57,5.86,993.07,81.65
6,1,1,2025-01-15,480.12,3.64,569.54,93.09
7,2,1,2025-01-15,756.17,5.59,851.23,88.6
8,5,1,2025-01-15,1456.33,2.01,969.65,93.12
1,4,2,2025-01-15,545.07,0.18,456.42,14.01
2,4,2,2025-01-15,965.79,0.31,844.85,13.32
3,5,2,2025-01-15,629.1,0.13,416.27,14.15
4,3,2,2025-01-15,1949.66,1.8,2049.58,12.31
5,4,2,2025-01-15,1171.58,0.35,993.73,12.22
6,4,2,2025-01-15,544.78,0.17,449.95,12.94
7,1,2,2025-01-15,930.57,1.06,1091.6,14.03
8,3,2,2025-01-15,1624.97,1.57,1708.51,12.53
1,2,3,2025-01-15,299.28,3.34,327.12,136.66
2,3,3,2025-01-15,1002.19,10.32,1043.82,144.21
3,1,3,2025-01-15,457.97,5.27,520.1,129.09
4,3,3,2025-01-15,2211.42,22.01,2318.04,133.7
5,2,3,2025-01-15,962.33,10.14,1053.35,129.7
6,4,3,2025-01-15,303.42,1.0,257.22,130.0
7,4,3,2025-01-15,1020.05,3.44,883.52,132.24
8,3,3,2025-01-15,1853.91,19.12,1912.59,139.4
1,1,4,2025-01-15,702.89,3.32,815.74,55.34
2,4,4,2025-01-15,1038.31,1.26,875.13,50.49
3,2,4,2025-01-15,910.56,4.08,990.04,54.84
4,3,4,2025-01-15,1983.56,7.2,2035.36,49.67
5,2,4,2025-01-15,1325.15,5.44,1426.55,51.71
6,2,4,2025-01-15,714.46,2.95,806.25,51.46
7,1,4,2025-01-15,653.57,2.76,743.85,51.49
8,5,4,2025-01-15,1366.12,1.19,887.49,55.37
1,1,5,2025-01-15,639.54,25.36,740.84,466.17
2,4,5,2025-01-15,649.46,7.18,544.5,444.53
3,5,5,2025-01-15,1096.05,7.23,705.47,448.87
4,5,5,2025-01-15,1643.6,10.68,1087.96,422.96
5,4,5,2025-01-15,1051.13,11.11,899.24,432.8
6,2,5,2025-01-15,622.61,22.92,687.38,448.51
7,1,5,2025-01-15,891.63,30.74,1045.62,392.68
8,5,5,2025-01-15,1296.85,7.34,863.64,386.69
1,1,1,2025-01-16,467.14,4.13,529.93,101.23
2,4,1,2025-01-16,726.33,1.66,623.02,89.37
3,1,1,2025-01-16,910.45,7.77,1067.4,97.37
4,5,1,2025-01-16,1855.97,2.53,1241.63,93.91
5,2,1,2025-01-16,881.04,6.41,998.37,87.84
6,4,1,2025-01-16,484.81,1.06,410.58,85.41
7,1,1,2025-01-16,786.94,6.37,926.07,98.89
8,3,1,2025-01-16,1398.71,9.09,1499.83,88.85
1,2,2,2025-01-16,539.43,0.53,590.46,12.57
2,3,2,2025-01-16,938.4,0.95,979.71,13.1
3,5,2,2025-01-16,606.25,0.12,404.79,13.45
4,5,2,2025-01-16,2066.8,0.43,1310.7,13.29
5,2,2,2025-01-16,1165.51,1.24,1304.95,12.86
6,2,2,2025-01-16,524.76,0.5,569.35,12.2
7,2,2,2025-01-16,934.59,0.95,1027.28,12.57
8,5,2,2025-01-16,1715.04,0.32,1123.29,13.02
1,2,3,2025-01-16,285.49,2.76,314.59,125.34
2,3,3,2025-01-16,1018.74,8.81,1080.51,119.78
3,1,3,2025-01-16,466.85,4.73,533.86,124.12
4,3,3,2025-01-16,2171.81,19.64,2267.46,124.75
5,2,3,2025-01-16,971.47,9.36,1043.71,121.32
6,1,3,2025-01-16,285.03,2.68,323.76,114.89
7,4,3,2025-01-16,1044.23,2.67,868.2,104.07
8,5,3,2025-01-16,1834.93,3.08,1163.99,114.91
1,1,4,2025-01-16,691.43,3.63,790.3,63.08
2,2,4,2025-01-16,1064.87,5.47,1176.55,67.1
3,5,4,2025-01-16,913.5,0.9,598.73,64.02
4,3,4,2025-01-16,2031.88,10.05,2097.93,66.3
5,1,4,2025-01-16,1253.2,6.53,1429.05,59.92
6,2,4,2025-01-16,706.64,3.32,758.56,60.13
7,4,4,2025-01-16,656.56,1.09,573.41,67.67
8,3,4,2025-01-16,1396.97,6.87,1469.05,66.85
1,4,5,2025-01-16,600.7,4.96,521.94,325.79
2,2,5,2025-01-16,649.67,15.97,722.06,307.21
3,5,5,2025-01-16,1194.7,5.31,769.79,300.5
4,5,5,2025-01-16,1761.34,8.8,1159.49,337.55
5,2,5,2025-01-16,1097.72,29.34,1179.92,351.01
6,2,5,2025-01-16,602.38,18.18,662.51,361.14
7,2,5,2025-01-16,860.93,22.75,962.2,333.07
8,3,5,2025-01-16,1267.57,30.79,1300.97,335.51
1,1,1,2025-01-17,470.53,3.82,543.4,92.61
2,3,1,2025-01-17,726.22,5.73,770.13,103.63
3,2,1,2025-01-17,917.88,7.82,983.99,102.98
4,3,1,2025-01-17,1928.56,13.29,1971.81,90.89
5,4,1,2025-01-17,921.75,2.29,794.1,103.19
6,4,1,2025-01-17,447.03,1.08,381.16,98.38
7,4,1,2025-01-17,731.94,1.8,636.87,95.93
8,3,1,2025-01-17,1489.36,10.27,1543.31,89.18
1,1,2,2025-01-17,527.2,0.61,606.3,13.55
2,4,2,2025-01-17,966.29,0.3,814.92,12.37
3,2,2,2025-01-17,636.95,0.69,684.62,13.35
4,3,2,2025-01-17,1956.53,1.9,2051.01,13.27
5,2,2,2025-01-17,1198.33,1.16,1281.54,11.58
6,4,2,2025-01-17,553.0,0.17,467.79,12.18
7,4,2,2025-01-17,932.89,0.31,774.95,13.18
8,3,2,2025-01-17,1597.09,1.65,1722.77,13.13
1,1,3,2025-01-17,311.31,3.83,355.61,141.02
2,2,3,2025-01-17,1055.57,9.7,1166.88,118.47
3,2,3,2025-01-17,460.78,4.53,522.62,124.64
4,3,3,2025-01-17,2251.14,23.05,2315.44,132.62
5,2,3,2025-01-17,904.77,9.72,1008.27,132.49
6,1,3,2025-01-17,313.53,3.2,369.56,118.3
7,4,3,2025-01-17,1029.79,3.34,872.09,123.65
8,3,3,2025-01-17,1885.06,16.87,1926.33,122.0
1,1,4,2025-01-17,748.6,4.14,855.06,63.85
2,4,4,2025-01-17,1006.41,1.42,872.35,58.46
3,1,4,2025-01-17,908.27,4.55,1022.05,58.03
4,5,4,2025-01-17,1903.39,1.8,1252.48,61.25
5,4,4,2025-01-17,1277.41,1.96,1115.21,63.0
6,1,4,2025-01-17,740.16,3.93,834.8,64.68
7,2,4,2025-01-17,637.91,2.96,713.74,58.78
8,5,4,2025-01-17,1324.12,1.16,843.35,60.61
1,4,5,2025-01-17,607.86,6.49,511.17,422.62
2,3,5,2025-01-17,627.14,20.84,658.6,423.15
3,1,5,2025-01-17,1170.38,40.34,1312.58,386.53
4,5,5,2025-01-17,1760.28,10.89,1118.76,410.54
5,1,5,2025-01-17,1081.91,32.96,1273.47,376.75
6,1,5,2025-01-17,597.1,21.66,697.26,432.28
7,4,5,2025-01-17,814.64,8.76,678.01,412.99
8,3,5,2025-01-17,1212.22,39.16,1245.75,417.85
1,2,1,2025-01-18,452.26,0.93,510.45,26.94
2,3,1,2025-01-18,743.16,1.29,789.14,24.23
3,1,1,2025-01-18,886.85,1.97,1016.89,26.77
4,3,1,2025-01-18,1763.91,3.27,1829.59,25.34
5,2,1,2025-01-18,934.45,1.77,1020.95,24.65
6,2,1,2025-01-18,455.87,0.97,505.69,26.65
7,4,1,2025-01-18,772.11,0.54,650.96,27.17
8,5,1,2025-01-18,1427.38,0.53,915.17,25.07
1,1,2,2025-01-18,530.22,0.15,619.98,3.19
2,2,2,2025-01-18,1010.25,0.27,1116.91,3.36
3,1,2,2025-01-18,649.39,0.17,736.37,3.11
4,3,2,2025-01-18,2104.13,0.59,2273.36,3.68
5,2,2,2025-01-18,1133.3,0.34,1222.44,3.6
6,4,2,2025-01-18,530.17,0.05,453.15,3.54
7,4,2,2025-01-18,969.05,0.09,826.84,3.68
8,3,2,2025-01-18,1705.55,0.48,1795.39,3.58
1,1,3,2025-01-18,299.71,1.38,339.51,55.52
2,4,3,2025-01-18,1047.69,1.55,907.39,58.44
3,2,3,2025-01-18,459.76,2.49,501.1,65.55
4,3,3,2025-01-18,2122.5,9.66,2177.21,62.96
5,4,3,2025-01-18,984.26,1.6,859.35,66.05
6,2,3,2025-01-18,302.58,1.39,343.0,58.5
7,4,3,2025-01-18,1097.11,1.84,941.41,64.01
8,3,3,2025-01-18,1837.29,8.77,1942.93,61.23
1,2,4,2025-01-18,700.07,1.18,761.39,21.74
2,4,4,2025-01-18,1028.42,0.49,884.91,19.98
3,5,4,2025-01-18,890.24,0.33,562.56,23.47
4,5,4,2025-01-18,2032.1,0.69,1326.2,23.36
5,2,4,2025-01-18,1253.28,2.19,1418.76,22.41
6,1,4,2025-01-18,729.81,1.49,848.13,23.34
7,4,4,2025-01-18,675.13,0.35,565.4,21.13
8,3,4,2025-01-18,1329.81,2.3,1358.66,22.59
1,2,5,2025-01-18,634.42,7.4,699.12,140.32
2,3,5,2025-01-18,640.33,6.2,685.27,125.08
3,5,5,2025-01-18,1167.36,2.25,740.15,133.08
4,3,5,2025-01-18,1665.13,16.14,1704.92,123.63
5,1,5,2025-01-18,1090.73,10.62,1289.07,119.58
6,1,5,2025-01-18,609.95,7.58,711.76,140.73
7,2,5,2025-01-18,887.61,8.83,957.57,119.69
8,3,5,2025-01-18,1228.89,12.83,1295.93,140.45
1,4,1,2025-01-20,471.89,0.85,391.96,73.51
2,3,1,2025-01-20,725.17,3.99,755.82,76.07
3,2,1,2025-01-20,862.89,5.3,948.89,75.84
4,3,1,2025-01-20,1762.26,8.61,1804.61,66.54
5,1,1,2025-01-20,882.75,5.23,1025.82,69.76
6,1,1,2025-01-20,476.67,2.78,545.1,69.62
7,1,1,2025-01-20,745.93,4.29,844.53,67.85
8,5,1,2025-01-20,1459.32,1.48,925.99,66.26
1,4,2,2025-01-20,531.56,0.21,454.38,14.75
2,4,2,2025-01-20,936.98,0.34,818.8,14.29
3,5,2,2025-01-20,642.75,0.15,417.28,14.55
4,3,2,2025-01-20,2028.43,2.27,2139.11,15.66
5,4,2,2025-01-20,1184.55,0.45,984.05,15.14
6,2,2,2025-01-20,522.34,0.7,585.39,16.04
7,1,2,2025-01-20,906.55,1.05,1024.04,13.39
8,3,2,2025-01-20,1705.13,1.85,1835.02,13.92
1,1,3,2025-01-20,287.61,2.65,339.15,107.85
2,4,3,2025-01-20,1045.61,3.08,896.25,114.62
3,5,3,2025-01-20,462.68,0.66,302.54,98.39
4,3,3,2025-01-20,2293.48,17.83,2378.31,107.99
5,4,3,2025-01-20,986.11,2.76,846.9,114.71
6,4,3,2025-01-20,303.27,0.72,253.03,96.78
7,4,3,2025-01-20,1068.99,2.76,930.16,104.55
8,3,3,2025-01-20,1718.87,13.36,1792.05,106.12
1,2,4,2025-01-20,742.85,4.85,817.64,83.38
2,4,4,2025-01-20,1069.41,2.47,898.87,95.0
3,5,4,2025-01-20,894.88,1.21,579.32,92.46
4,3,4,2025-01-20,1889.15,11.96,2013.11,81.79
5,4,4,2025-01-20,1347.73,3.12,1122.85,92.37
6,2,4,2025-01-20,735.09,5.15,810.71,85.12
7,4,4,2025-01-20,619.38,1.3,537.78,81.47
8,3,4,2025-01-20,1286.96,7.52,1327.69,79.0
1,2,5,2025-01-20,640.06,19.18,692.15,369.58
2,2,5,2025-01-20,633.23,18.56,719.96,368.37
3,2,5,2025-01-20,1159.99,32.11,1310.22,358.11
4,3,5,2025-01-20,1663.46,43.5,1757.83,360.82
5,1,5,2025-01-20,1087.5,35.76,1237.8,380.08
6,2,5,2025-01-20,620.82,20.59,694.77,396.12
7,2,5,2025-01-20,884.98,27.18,948.83,380.08
8,5,5,2025-01-20,1263.54,7.78,834.06,401.91
1,2,1,2025-01-21,466.42,2.99,506.31,81.27
2,3,1,2025-01-21,705.75,4.48,745.63,83.67
3,1,1,2025-01-21,901.04,6.82,1029.4,86.03
4,5,1,2025-01-21,1812.72,2.0,1213.27,76.79
5,4,1,2025-01-21,884.26,1.79,772.67,79.61
6,4,1,2025-01-21,460.54,0.92,401.48,77.49
7,4,1,2025-01-21,742.81,1.44,614.04,80.32
8,5,1,2025-01-21,1522.13,1.8,983.22,79.32
1,1,2,2025-01-21,544.48,0.71,620.44,14.84
2,4,2,2025-01-21,952.79,0.33,829.74,13.59
3,5,2,2025-01-21,611.23,0.11,401.14,12.96
4,3,2,2025-01-21,2007.73,2.07,2136.74,13.42
5,4,2,2025-01-21,1180.24,0.38,993.41,12.64
6,1,2,2025-01-21,525.0,0.59,601.02,12.75
7,2,2,2025-01-21,937.81,1.03,1008.08,13.73
8,3,2,2025-01-21,1710.45,1.84,1749.9,13.73
1,1,3,2025-01-21,300.01,3.66,342.56,145.41
2,2,3,2025-01-21,1088.94,11.52,1187.9,125.99
3,5,3,2025-01-21,467.68,1.01,311.51,148.63
4,3,3,2025-01-21,2261.37,23.22,2329.72,135.11
5,4,3,2025-01-21,908.01,2.96,785.57,134.15
6,4,3,2025-01-21,307.93,1.07,256.33,135.17
7,4,3,2025-01-21,1043.04,3.46,886.45,133.54
8,3,3,2025-01-21,1716.79,16.18,1751.31,127.31
1,2,4,2025-01-21,738.49,4.16,788.96,74.06
2,4,4,2025-01-21,1023.63,1.93,851.31,76.45
3,2,4,2025-01-21,900.3,4.87,964.09,70.75
4,5,4,2025-01-21,1941.41,2.16,1257.34,73.9
5,4,4,2025-01-21,1364.41,2.53,1150.52,71.29
6,1,4,2025-01-21,695.87,4.85,778.09,79.59
7,1,4,2025-01-21,664.77,3.94,769.42,68.17
8,3,4,2025-01-21,1299.13,7.69,1354.63,76.71
1,4,5,2025-01-21,604.86,5.01,532.25,346.99
2,4,5,2025-01-21,624.53,5.48,521.49,367.77
3,2,5,2025-01-21,1136.23,31.54,1227.59,347.86
4,3,5,2025-01-21,1666.19,45.18,1728.86,355.74
5,4,5,2025-01-21,1071.08,9.44,913.76,339.01
6,4,5,2025-01-21,596.3,4.55,500.19,318.0
7,1,5,2025-01-21,873.63,28.58,1000.48,367.45
8,5,5,2025-01-21,1224.42,5.74,783.76,312.86
1,2,1,2025-01-22,462.04,3.21,521.61,85.44
2,4,1,2025-01-22,732.17,1.55,623.49,88.22
3,5,1,2025-01-22,920.12,1.44,597.14,102.56
4,5,1,2025-01-22,1806.36,2.41,1201.02,86.34
5,2,1,2025-01-22,887.42,6.92,954.72,98.23
6,1,1,2025-01-22,446.95,3.39,509.75,88.01
7,2,1,2025-01-22,784.13,5.81,856.94,90.48
8,5,1,2025-01-22,1404.02,2.05,900.67,92.99
1,2,2,2025-01-22,550.25,0.51,619.43,11.76
2,2,2,2025-01-22,942.08,0.88,1063.94,12.28
3,1,2,2025-01-22,595.43,0.65,687.73,12.78
4,5,2,2025-01-22,1984.66,0.34,1253.63,11.53
5,4,2,2025-01-22,1193.69,0.38,1013.71,12.35
6,2,2,2025-01-22,519.1,0.46,562.97,11.6
7,2,2,2025-01-22,903.67,0.92,1008.71,12.68
8,3,2,2025-01-22,1728.85,1.56,1817.93,12.21
1,4,3,2025-01-22,303.55,1.13,258.9,145.84
2,4,3,2025-01-22,1068.51,3.99,912.57,144.42
3,5,3,2025-01-22,429.96,0.95,286.26,152.06
4,5,3,2025-01-22,2281.27,4.62,1460.57,135.26
5,2,3,2025-01-22,907.28,10.28,993.74,139.63
6,1,3,2025-01-22,287.36,3.6,324.01,146.17
7,2,3,2025-01-22,1044.44,11.41,1160.97,136.55
8,3,3,2025-01-22,1782.62,18.02,1909.72,134.1
1,4,4,2025-01-22,753.35,1.23,643.25,62.88
2,4,4,2025-01-22,1068.0,1.76,884.04,66.71
3,1,4,2025-01-22,930.99,4.81,1077.77,59.14
4,5,4,2025-01-22,1992.1,1.73,1273.58,56.48
5,2,4,2025-01-22,1281.17,6.63,1414.01,62.84
6,2,4,2025-01-22,734.55,3.16,791.17,55.64
7,4,4,2025-01-22,665.76,0.98,556.04,60.09
8,3,4,2025-01-22,1408.08,6.3,1504.06,59.89
1,4,5,2025-01-22,609.95,4.48,525.08,307.44
2,4,5,2025-01-22,655.77,5.03,565.19,308.32
3,5,5,2025-01-22,1107.98,4.87,702.39,292.33
4,5,5,2025-01-22,1757.6,7.69,1173.1,291.4
5,1,5,2025-01-22,1070.14,25.65,1204.59,273.32
6,4,5,2025-01-22,626.23,4.93,531.11,314.78
7,4,5,2025-01-22,885.35,6.66,776.01,307.74
8,5,5,2025-01-22,1244.11,5.01,820.02,270.96
1,4,1,2025-01-23,470.58,0.84,396.09,71.41
2,4,1,2025-01-23,751.36,1.25,643.97,68.6
3,2,1,2025-01-23,916.8,5.12,1022.02,72.45
4,3,1,2025-01-23,1850.72,9.46,1899.09,69.42
5,2,1,2025-01-23,905.61,5.14,1009.49,67.93
6,4,1,2025-01-23,481.65,0.84,418.52,71.39
7,1,1,2025-01-23,751.7,3.73,874.02,60.48
8,3,1,2025-01-23,1416.21,7.87,1504.1,70.64
1,1,2,2025-01-23,558.33,0.65,652.02,14.01
2,2,2,2025-01-23,966.15,1.05,1074.11,13.37
3,5,2,2025-01-23,642.62,0.14,411.21,14.15
4,5,2,2025-01-23,2089.55,0.38,1351.48,12.28
5,4,2,2025-01-23,1128.46,0.37,944.99,13.64
6,4,2,2025-01-23,559.92,0.2,468.21,14.47
7,4,2,2025-01-23,969.44,0.35,826.44,13.9
8,3,2,2025-01-23,1695.56,1.84,1746.03,14.75
1,4,3,2025-01-23,287.23,1.12,239.76,151.91
2,2,3,2025-01-23,1042.49,11.29,1154.07,140.62
3,2,3,2025-01-23,427.75,4.93,459.01,138.11
4,5,3,2025-01-23,2221.31,4.95,1474.48,146.66
5,2,3,2025-01-23,949.1,10.56,1063.38,141.07
6,2,3,2025-01-23,300.76,3.66,338.22,151.76
7,1,3,2025-01-23,1041.17,11.89,1178.97,140.08
8,3,3,2025-01-23,1829.4,18.05,1974.15,134.35
1,4,4,2025-01-23,722.2,1.06,632.06,56.73
2,2,4,2025-01-23,1009.55,3.93,1120.54,50.01
3,5,4,2025-01-23,876.94,0.64,566.23,46.85
4,3,4,2025-01-23,1927.75,7.36,2074.63,52.02
5,2,4,2025-01-23,1301.86,5.38,1415.12,51.69
6,4,4,2025-01-23,697.86,0.94,581.75,51.74
7,4,4,2025-01-23,652.16,0.84,559.07,52.91
8,3,4,2025-01-23,1399.27,5.12,1473.07,50.82
1,4,5,2025-01-23,643.48,5.48,560.15,342.58
2,2,5,2025-01-23,666.05,16.14,728.57,304.17
3,1,5,2025-01-23,1100.92,27.9,1237.0,305.75
4,3,5,2025-01-23,1769.87,42.37,1850.9,320.76
5,2,5,2025-01-23,999.27,27.12,1112.28,338.13
6,4,5,2025-01-23,592.92,4.85,517.31,342.88
7,2,5,2025-01-23,886.38,21.96,966.67,301.06
8,3,5,2025-01-23,1222.69,32.14,1312.25,354.69
1,1,1,2025-01-24,468.78,2.84,536.45,73.92
2,4,1,2025-01-24,705.24,1.3,613.99,75.39
3,5,1,2025-01-24,913.31,1.04,607.49,80.14
4,3,1,2025-01-24,1780.3,8.92,1874.15,66.16
5,1,1,2025-01-24,882.42,6.01,1006.19,77.07
6,2,1,2025-01-24,489.06,2.96,528.61,78.59
7,4,1,2025-01-24,775.11,1.29,671.25,68.94
8,3,1,2025-01-24,1500.95,9.42,1573.13,79.77
1,4,2,2025-01-24,516.95,0.1,431.49,8.15
2,4,2,2025-01-24,978.74,0.18,839.75,7.61
3,1,2,2025-01-24,606.68,0.36,697.18,7.2
4,5,2,2025-01-24,2073.85,0.24,1353.35,7.57
5,2,2,2025-01-24,1185.39,0.79,1289.41,8.6
6,1,2,2025-01-24,551.46,0.37,628.93,8.1
7,4,2,2025-01-24,972.13,0.21,819.37,8.47
8,5,2,2025-01-24,1647.85,0.18,1044.28,7.26
1,2,3,2025-01-24,310.76,2.62,338.12,104.82
2,4,3,2025-01-24,1005.53,2.47,855.9,103.36
3,1,3,2025-01-24,464.07,4.65,525.84,114.73
4,3,3,2025-01-24,2211.35,19.84,2319.17,113.93
5,1,3,2025-01-24,937.25,8.73,1094.22,106.7
6,2,3,2025-01-24,289.02,2.51,316.56,112.98
7,1,3,2025-01-24,1067.08,11.29,1237.0,120.81
8,3,3,2025-01-24,1846.3,14.02,1947.39,104.83
1,4,4,2025-01-24,731.48,1.51,621.79,80.49
2,3,4,2025-01-24,1001.74,5.66,1037.72,77.45
3,1,4,2025-01-24,858.85,5.26,980.28,69.28
4,5,4,2025-01-24,2031.49,2.3,1332.72,79.22
5,1,4,2025-01-24,1326.49,8.61,1557.02,73.91
6,2,4,2025-01-24,725.66,4.28,793.22,74.63
7,4,4,2025-01-24,659.97,1.3,557.44,78.54
8,3,4,2025-01-24,1352.21,7.51,1419.41,71.43
1,2,5,2025-01-24,644.0,15.28,708.98,285.72
2,2,5,2025-01-24,622.51,15.77,675.42,326.1
3,2,5,2025-01-24,1161.73,31.83,1275.05,337.09
4,5,5,2025-01-24,1737.44,8.21,1111.6,315.83
5,1,5,2025-01-24,1065.46,27.47,1201.58,311.35
6,4,5,2025-01-24,598.99,4.65,513.96,325.21
7,1,5,2025-01-24,821.64,24.05,943.63,343.78
8,3,5,2025-01-24,1297.31,33.29,1402.13,331.45
1,1,1,2025-01-25,467.61,1.45,527.54,35.16
2,3,1,2025-01-25,727.26,1.91,749.38,33.9
3,5,1,2025-01-25,900.97,0.41,600.65,29.88
4,3,1,2025-01-25,1800.02,4.06,1856.57,31.28
5,4,1,2025-01-25,916.59,0.79,764.29,34.1
6,4,1,2025-01-25,474.69,0.41,409.88,34.43
7,1,1,2025-01-25,748.67,1.91,878.25,29.64
8,5,1,2025-01-25,1453.2,0.65,946.46,31.18
1,1,2,2025-01-25,563.67,0.2,642.45,4.04
2,4,2,2025-01-25,1019.97,0.11,863.13,4.32
3,2,2,2025-01-25,618.58,0.2,671.63,3.83
4,5,2,2025-01-25,2000.35,0.11,1261.8,3.65
5,4,2,2025-01-25,1106.05,0.1,950.76,3.65
6,2,2,2025-01-25,535.08,0.16,591.64,3.73
7,2,2,2025-01-25,983.72,0.31,1067.56,3.99
8,5,2,2025-01-25,1692.07,0.1,1098.71,3.98
1,2,3,2025-01-25,301.77,1.28,334.05,50.73
2,4,3,2025-01-25,1039.3,1.27,863.58,47.21
3,1,3,2025-01-25,447.6,1.95,506.55,52.92
4,5,3,2025-01-25,2262.94,1.85,1487.53,53.96
5,1,3,2025-01-25,917.77,4.12,1030.19,55.62
6,1,3,2025-01-25,299.15,1.27,339.75,51.92
7,2,3,2025-01-25,1005.9,3.67,1139.18,46.19
8,5,3,2025-01-25,1838.09,1.49,1218.03,51.89
1,4,4,2025-01-25,719.59,0.51,627.69,27.5
2,4,4,2025-01-25,1027.53,0.72,874.45,27.64
3,1,4,2025-01-25,910.37,2.41,1057.05,31.54
4,3,4,2025-01-25,1869.43,4.04,1983.18,29.11
5,2,4,2025-01-25,1311.19,3.28,1405.31,30.59
6,1,4,2025-01-25,723.57,1.97,836.63,31.86
7,2,4,2025-01-25,680.11,1.6,734.72,29.12
8,5,4,2025-01-25,1360.11,0.59,863.37,29.02
1,1,5,2025-01-25,620.2,6.54,715.35,128.94
2,3,5,2025-01-25,674.45,7.21,717.86,141.54
3,2,5,2025-01-25,1157.26,13.33,1309.8,140.39
4,5,5,2025-01-25,1730.87,3.87,1124.71,143.76
5,2,5,2025-01-25,1004.59,11.53,1118.3,136.76
6,1,5,2025-01-25,638.61,7.0,737.55,130.87
7,4,5,2025-01-25,878.24,2.66,755.31,126.49
8,5,5,2025-01-25,1197.0,2.59,772.07,144.69
1,4,1,2025-01-27,459.15,1.2,400.72,102.46
2,3,1,2025-01-27,737.07,4.8,763.91,89.06
3,1,1,2025-01-27,873.25,6.71,984.56,89.34
4,3,1,2025-01-27,1779.68,12.02,1868.7,86.12
5,1,1,2025-01-27,923.78,7.11,1062.36,94.83
6,4,1,2025-01-27,461.32,1.22,394.69,101.54
7,2,1,2025-01-27,749.31,6.44,814.49,103.16
8,3,1,2025-01-27,1486.27,9.73,1554.26,87.06
1,4,2,2025-01-27,514.76,0.09,444.84,6.54
2,3,2,2025-01-27,1026.7,0.54,1090.34,7.02
3,1,2,2025-01-27,630.79,0.34,719.46,6.59
4,5,2,2025-01-27,1985.87,0.19,1326.37,6.43
5,2,2,2025-01-27,1134.58,0.59,1263.14,6.75
6,2,2,2025-01-27,532.71,0.28,588.56,6.62
7,4,2,2025-01-27,967.67,0.18,837.58,7.17
8,5,2,2025-01-27,1708.79,0.17,1126.65,6.34
1,2,3,2025-01-27,309.17,2.75,351.46,111.12
2,4,3,2025-01-27,1051.79,3.35,884.28,124.04
3,5,3,2025-01-27,466.13,0.73,297.5,108.05
4,3,3,2025-01-27,2269.04,20.38,2376.5,118.24
5,2,3,2025-01-27,927.18,8.61,1040.16,115.48
6,2,3,2025-01-27,285.6,2.6,324.13,109.8
7,1,3,2025-01-27,1058.07,11.05,1253.29,122.36
8,5,3,2025-01-27,1773.92,3.27,1170.16,122.92
1,1,4,2025-01-27,711.44,3.5,801.39,57.06
2,2,4,2025-01-27,1064.76,5.47,1179.85,64.71
3,2,4,2025-01-27,931.4,3.92,1008.42,54.49
4,5,4,2025-01-27,1979.84,1.86,1279.19,62.11
5,2,4,2025-01-27,1336.53,7.1,1472.74,64.83
6,2,4,2025-01-27,713.81,3.04,796.54,55.83
7,4,4,2025-01-27,633.86,1.02,529.92,62.51
8,5,4,2025-01-27,1296.41,1.1,845.44,54.4
1,1,5,2025-01-27,636.8,17.72,718.57,311.89
2,4,5,2025-01-27,627.59,5.21,529.88,320.01
3,1,5,2025-01-27,1177.32,29.56,1359.78,306.87
4,3,5,2025-01-27,1619.86,40.35,1686.19,320.55
5,2,5,2025-01-27,1046.56,29.13,1158.25,333.43
6,1,5,2025-01-27,649.11,17.23,754.74,322.67
7,4,5,2025-01-27,871.16,7.22,749.39,333.82
8,5,5,2025-01-27,1301.12,5.87,826.71,309.26
1,2,1,2025-01-28,463.69,2.86,495.6,78.54
2,2,1,2025-01-28,708.76,4.42,800.31,81.99
3,2,1,2025-01-28,881.96,6.31,976.76,86.89
4,3,1,2025-01-28,1858.92,11.2,1945.27,77.36
5,1,1,2025-01-28,869.69,6.32,993.87,86.41
6,2,1,2025-01-28,450.22,3.05,505.1,84.57
7,4,1,2025-01-28,773.07,1.62,667.38,85.55
8,5,1,2025-01-28,1437.37,1.84,923.02,88.33
1,4,2,2025-01-28,537.59,0.13,456.81,9.47
2,3,2,2025-01-28,932.9,0.61,961.17,8.7
3,1,2,2025-01-28,606.49,0.45,676.99,8.85
4,3,2,2025-01-28,1978.39,1.39,2053.92,9.55
5,2,2,2025-01-28,1207.27,0.94,1314.57,9.49
6,1,2,2025-01-28,516.03,0.42,592.49,10.09
7,1,2,2025-01-28,987.59,0.75,1102.62,9.08
8,3,2,2025-01-28,1630.99,1.25,1763.46,10.47
1,1,3,2025-01-28,298.83,3.41,355.25,133.78
2,3,3,2025-01-28,1038.36,11.27,1069.3,138.61
3,5,3,2025-01-28,429.4,0.89,275.79,138.0
4,5,3,2025-01-28,2133.72,4.54,1364.24,136.74
5,1,3,2025-01-28,924.92,9.37,1083.98,125.23
6,4,3,2025-01-28,288.59,0.92,239.6,134.24
7,4,3,2025-01-28,1047.4,3.34,869.37,129.34
8,3,3,2025-01-28,1799.99,17.48,1944.6,131.62
1,4,4,2025-01-28,688.32,1.23,586.94,74.19
2,2,4,2025-01-28,1010.71,6.13,1131.84,72.32
3,2,4,2025-01-28,927.5,5.43,1032.67,75.46
4,5,4,2025-01-28,1993.76,2.07,1312.45,72.59
5,4,4,2025-01-28,1273.31,2.45,1062.59,79.41
6,2,4,2025-01-28,707.31,4.45,783.49,75.92
7,4,4,2025-01-28,627.92,1.2,544.59,76.88
8,5,4,2025-01-28,1343.8,1.63,886.21,80.62
1,1,5,2025-01-28,627.42,19.97,718.16,370.06
2,2,5,2025-01-28,660.29,20.02,731.59,383.36
3,2,5,2025-01-28,1180.56,32.72,1295.46,354.09
4,5,5,2025-01-28,1633.78,8.96,1085.65,382.17
5,1,5,2025-01-28,1016.26,28.61,1151.13,344.74
6,1,5,2025-01-28,624.4,21.89,724.05,405.99
7,4,5,2025-01-28,857.68,7.21,741.36,346.09
8,3,5,2025-01-28,1303.78,35.0,1404.65,358.24
1,1,1,2025-01-29,468.5,3.2,547.64,81.4
2,3,1,2025-01-29,743.19,4.47,786.67,83.86
3,5,1,2025-01-29,858.66,0.91,573.46,72.39
4,3,1,2025-01-29,1776.23,9.87,1831.44,74.94
5,4,1,2025-01-29,877.39,1.72,757.59,81.19
6,2,1,2025-01-29,481.57,3.24,536.2,83.42
7,4,1,2025-01-29,762.39,1.57,636.27,85.26
8,5,1,2025-01-29,1450.68,1.78,949.09,81.7
1,2,2,2025-01-29,561.73,0.62,630.83,13.07
2,3,2,2025-01-29,1005.89,0.98,1063.18,12.76
3,5,2,2025-01-29,622.83,0.12,410.86,12.61
4,5,2,2025-01-29,2144.64,0.41,1413.02,12.8
5,2,2,2025-01-29,1161.01,1.27,1262.07,12.98
6,2,2,2025-01-29,566.16,0.54,633.06,12.2
7,4,2,2025-01-29,980.62,0.34,837.17,14.02
8,3,2,2025-01-29,1583.06,1.47,1638.9,12.83
1,4,3,2025-01-29,292.5,0.69,250.45,95.67
2,4,3,2025-01-29,1093.88,2.94,947.0,105.29
3,1,3,2025-01-29,449.47,4.23,528.13,108.6
4,3,3,2025-01-29,2220.95,16.46,2343.64,96.56
5,1,3,2025-01-29,976.61,8.9,1150.03,109.06
6,2,3,2025-01-29,297.5,2.66,323.05,107.97
7,4,3,2025-01-29,1086.7,3.01,931.9,109.2
8,3,3,2025-01-29,1764.86,12.14,1815.04,91.35
1,4,4,2025-01-29,734.24,1.56,643.42,83.76
2,3,4,2025-01-29,1076.55,7.07,1126.67,91.35
3,2,4,2025-01-29,868.32,6.03,970.18,87.05
4,5,4,2025-01-29,1903.7,2.5,1252.63,88.17
5,1,4,2025-01-29,1297.52,9.23,1499.55,84.57
6,4,4,2025-01-29,728.35,1.67,603.92,94.24
7,2,4,2025-01-29,638.52,4.78,710.69,97.63
8,5,4,2025-01-29,1331.81,1.66,874.26,84.43
1,2,5,2025-01-29,599.49,16.43,675.14,331.91
2,4,5,2025-01-29,626.98,5.03,525.77,311.05
3,2,5,2025-01-29,1110.44,30.47,1243.04,357.84
4,3,5,2025-01-29,1776.32,51.31,1904.75,371.41
5,1,5,2025-01-29,1033.54,31.27,1190.87,363.02
6,2,5,2025-01-29,601.96,16.11,666.88,344.8
7,2,5,2025-01-29,854.15,25.14,954.46,350.62
8,3,5,2025-01-29,1234.58,34.35,1280.93,369.99
1,1,1,2025-01-30,459.85,3.69,515.74,93.38
2,4,1,2025-01-30,752.05,1.54,646.14,80.62
3,5,1,2025-01-30,887.42,1.06,590.59,81.35
4,5,1,2025-01-30,1800.27,2.44,1142.57,86.17
5,2,1,2025-01-30,898.62,6.2,971.59,89.99
6,2,1,2025-01-30,472.85,3.32,534.35,92.03
7,2,1,2025-01-30,737.52,4.92,804.76,86.39
8,5,1,2025-01-30,1429.03,1.91,956.07,84.79
1,2,2,2025-01-30,556.84,0.56,627.01,12.11
2,2,2,2025-01-30,1023.53,1.02,1115.34,12.87
3,2,2,2025-01-30,629.73,0.54,711.97,10.84
4,3,2,2025-01-30,2033.05,1.81,2110.79,11.98
5,4,2,2025-01-30,1130.37,0.33,940.07,11.91
6,4,2,2025-01-30,549.94,0.15,472.83,11.11
7,4,2,2025-01-30,988.91,0.3,854.29,11.65
8,3,2,2025-01-30,1619.89,1.52,1662.06,11.95
1,2,3,2025-01-30,310.19,2.75,338.76,116.23
2,3,3,2025-01-30,1098.43,10.14,1176.84,120.18
3,5,3,2025-01-30,469.5,0.86,298.67,119.44
4,3,3,2025-01-30,2095.76,21.83,2215.87,137.26
5,4,3,2025-01-30,924.44,2.79,780.08,118.4
6,4,3,2025-01-30,308.39,0.92,262.57,115.94
7,4,3,2025-01-30,1036.77,3.47,863.14,133.91
8,3,3,2025-01-30,1750.73,16.88,1886.45,122.81
1,2,4,2025-01-30,700.02,4.65,757.3,85.64
2,2,4,2025-01-30,1094.85,8.25,1204.61,90.84
3,2,4,2025-01-30,933.01,6.61,1044.32,89.22
4,5,4,2025-01-30,1992.94,2.53,1301.49,81.05
5,4,4,2025-01-30,1303.28,2.98,1109.87,89.02
6,2,4,2025-01-30,716.9,5.3,777.52,89.06
7,4,4,2025-01-30,643.21,1.4,547.95,86.69
8,3,4,2025-01-30,1308.13,8.33,1396.92,81.8
1,2,5,2025-01-30,617.6,18.3,665.12,366.23
2,4,5,2025-01-30,676.24,6.33,563.56,369.29
3,5,5,2025-01-30,1105.51,6.8,729.42,392.74
4,3,5,2025-01-30,1681.82,43.12,1764.58,358.87
5,4,5,2025-01-30,1091.56,10.48,921.2,400.46
6,4,5,2025-01-30,645.24,6.5,539.15,394.06
7,1,5,2025-01-30,867.53,27.0,1014.71,381.97
8,3,5,2025-01-30,1234.83,34.53,1332.36,363.12
1,4,1,2025-01-31,487.45,0.88,406.08,74.33
2,4,1,2025-01-31,687.69,1.17,601.25,66.64
3,2,1,2025-01-31,911.38,4.49,985.34,64.0
4,5,1,2025-01-31,1759.76,1.83,1165.37,69.27
5,4,1,2025-01-31,934.44,1.55,793.64,65.67
6,2,1,2025-01-31,467.27,2.51,526.58,70.7
7,2,1,2025-01-31,758.98,4.39,813.03,70.1
8,3,1,2025-01-31,1385.48,6.74,1414.6,67.21
1,4,2,2025-01-31,558.25,0.15,461.75,10.26
2,3,2,2025-01-31,1028.39,0.75,1090.34,9.96
3,5,2,2025-01-31,625.89,0.1,405.81,11.3
4,5,2,2025-01-31,2138.45,0.31,1379.09,9.82
5,2,2,2025-01-31,1186.83,1.1,1271.55,11.24
6,2,2,2025-01-31,520.27,0.45,573.35,11.1
7,4,2,2025-01-31,922.44,0.22,787.51,10.07
8,3,2,2025-01-31,1647.3,1.43,1780.25,11.09
1,2,3,2025-01-31,297.81,2.85,330.42,122.49
2,4,3,2025-01-31,1034.65,2.76,881.34,106.04
3,5,3,2025-01-31,449.9,0.85,288.46,121.58
4,5,3,2025-01-31,2305.44,3.4,1510.44,103.11
5,1,3,2025-01-31,972.56,9.02,1114.0,107.82
6,1,3,2025-01-31,295.01,2.95,330.66,115.91
7,1,3,2025-01-31,1069.95,9.48,1216.99,108.9
8,5,3,2025-01-31,1848.07,2.88,1194.38,105.68
1,4,4,2025-01-31,728.35,1.21,613.34,68.48
2,3,4,2025-01-31,1094.34,6.16,1117.77,75.28
3,1,4,2025-01-31,898.33,6.15,1036.3,77.52
4,5,4,2025-01-31,1942.68,2.44,1229.57,80.35
5,4,4,2025-01-31,1273.91,2.47,1085.79,79.0
6,1,4,2025-01-31,725.57,4.69,850.11,73.06
7,1,4,2025-01-31,680.52,3.98,806.2,72.28
8,3,4,2025-01-31,1359.58,7.61,1459.54,73.93
1,2,5,2025-01-31,632.73,15.87,696.01,328.93
2,3,5,2025-01-31,674.51,17.39,703.14,332.83
3,5,5,2025-01-31,1127.27,5.48,746.86,315.11
4,3,5,2025-01-31,1690.44,39.13,1778.06,309.14
5,1,5,2025-01-31,1033.21,31.02,1178.71,340.47
6,2,5,2025-01-31,597.88,18.12,679.1,367.0
7,4,5,2025-01-31,891.88,6.84,755.54,321.46
8,3,5,2025-01-31,1188.01,33.69,1258.2,371.14
1,1,1,2025-02-01,462.16,1.44,540.44,38.06
2,4,1,2025-02-01,706.5,0.62,614.95,35.86
3,2,1,2025-02-01,873.05,2.37,976.45,33.8
4,3,1,2025-02-01,1807.94,4.29,1950.88,32.89
5,4,1,2025-02-01,901.27,0.74,758.0,33.24
6,1,1,2025-02-01,490.83,1.57,553.76,37.46
7,2,1,2025-02-01,758.49,2.06,816.19,34.17
8,5,1,2025-02-01,1508.48,0.72,956.35,32.14
1,2,2,2025-02-01,522.67,0.23,586.6,5.5
2,4,2,2025-02-01,974.69,0.13,813.52,5.24
3,5,2,2025-02-01,639.18,0.05,422.09,4.94
4,3,2,2025-02-01,1966.55,0.86,2015.04,5.73
5,2,2,2025-02-01,1171.21,0.53,1267.65,5.63
6,1,2,2025-02-01,520.76,0.25,594.04,5.83
7,1,2,2025-02-01,968.96,0.47,1139.94,5.58
8,5,2,2025-02-01,1647.94,0.12,1069.82,4.93
1,1,3,2025-02-01,293.47,1.13,338.19,44.9
2,3,3,2025-02-01,1083.34,3.92,1148.2,49.05
3,2,3,2025-02-01,451.47,1.63,500.72,45.39
4,3,3,2025-02-01,2304.26,7.69,2465.5,45.23
5,4,3,2025-02-01,943.46,1.21,794.75,50.75
6,4,3,2025-02-01,292.08,0.33,255.08,47.81
7,4,3,2025-02-01,1085.36,1.17,913.23,42.73
8,3,3,2025-02-01,1857.96,6.31,1900.9,43.31
1,1,4,2025-02-01,733.36,1.54,834.92,23.97
2,4,4,2025-02-01,1066.82,0.59,928.04,21.59
3,5,4,2025-02-01,927.89,0.35,601.57,24.73
4,5,4,2025-02-01,1928.55,0.67,1267.35,23.89
5,2,4,2025-02-01,1273.97,2.58,1436.84,24.9
6,2,4,2025-02-01,735.68,1.57,813.55,25.47
7,4,4,2025-02-01,681.62,0.38,572.4,23.07
8,5,4,2025-02-01,1404.15,0.51,916.14,25.72
1,2,5,2025-02-01,595.8,6.0,654.14,131.99
2,4,5,2025-02-01,643.13,2.11,543.83,132.98
3,5,5,2025-02-01,1116.79,2.08,729.1,128.99
4,5,5,2025-02-01,1757.79,3.56,1155.0,128.46
5,1,5,2025-02-01,998.72,11.63,1176.8,142.1
6,4,5,2025-02-01,616.08,2.24,529.36,151.53
7,2,5,2025-02-01,880.61,10.69,995.36,148.86
8,3,5,2025-02-01,1244.3,13.09,1298.83,135.91
1,1,1,2025-02-03,455.23,3.44,535.49,88.16
2,2,1,2025-02-03,735.27,5.05,813.41,82.36
3,1,1,2025-02-03,943.04,7.16,1060.35,87.53
4,5,1,2025-02-03,1935.42,2.35,1260.49,79.1
5,2,1,2025-02-03,896.84,5.89,963.01,79.07
6,2,1,2025-02-03,476.14,3.45,530.53,89.18
7,4,1,2025-02-03,772.36,1.53,651.0,83.11
8,3,1,2025-02-03,1445.49,9.36,1539.93,86.57
1,2,2,2025-02-03,532.06,0.67,573.76,16.02
2,4,2,2025-02-03,1021.44,0.4,871.67,15.35
3,1,2,2025-02-03,628.02,0.8,729.18,14.85
4,5,2,2025-02-03,2113.32,0.47,1339.34,14.99
5,4,2,2025-02-03,1101.34,0.42,942.77,15.46
6,2,2,2025-02-03,559.32,0.57,603.38,13.2
7,4,2,2025-02-03,972.7,0.36,810.81,15.09
8,3,2,2025-02-03,1647.51,1.98,1713.73,15.5
1,1,3,2025-02-03,314.02,2.93,369.74,106.39
2,3,3,2025-02-03,1078.39,7.95,1142.65,98.93
3,1,3,2025-02-03,453.5,4.11,515.47,111.54
4,3,3,2025-02-03,2101.56,16.3,2204.53,103.65
5,4,3,2025-02-03,924.7,2.47,775.65,108.23
6,4,3,2025-02-03,311.11,0.76,264.38,94.21
7,4,3,2025-02-03,1030.65,2.83,855.71,105.03
8,5,3,2025-02-03,1882.11,3.03,1250.31,102.98
1,2,4,2025-02-03,703.46,3.66,778.45,66.6
2,3,4,2025-02-03,1078.68,5.46,1139.31,65.93
3,1,4,2025-02-03,901.8,5.23,1026.22,65.03
4,3,4,2025-02-03,1983.7,9.48,2033.26,66.97
5,1,4,2025-02-03,1324.11,7.01,1500.78,60.94
6,1,4,2025-02-03,685.71,3.51,796.67,57.67
7,1,4,2025-02-03,679.28,3.8,764.12,64.53
8,3,4,2025-02-03,1333.25,6.71,1426.05,66.11
1,1,5,2025-02-03,644.55,15.82,743.31,296.15
2,2,5,2025-02-03,659.02,15.93,725.13,309.09
3,5,5,2025-02-03,1181.04,4.71,749.66,274.93
4,3,5,2025-02-03,1680.08,33.18,1815.14,275.46
5,2,5,2025-02-03,1016.18,22.19,1100.54,260.46
6,2,5,2025-02-03,600.06,13.17,673.89,284.55
7,1,5,2025-02-03,859.69,19.07,977.45,262.56
8,3,5,2025-02-03,1196.61,25.3,1255.24,289.07
1,2,1,2025-02-04,453.5,2.85,504.61,75.2
2,3,1,2025-02-04,694.92,3.64,708.62,70.66
3,5,1,2025-02-04,939.59,1.02,623.79,73.01
4,3,1,2025-02-04,1857.42,9.59,1988.17,65.88
5,2,1,2025-02-04,865.91,5.35,943.78,73.67
6,2,1,2025-02-04,465.33,2.92,500.1,75.09
7,4,1,2025-02-04,776.5,1.42,670.91,70.81
8,5,1,2025-02-04,1471.43,1.44,950.19,68.42
1,1,2,2025-02-04,529.14,0.48,615.54,11.0
2,3,2,2025-02-04,939.32,0.83,965.09,11.55
3,1,2,2025-02-04,590.57,0.6,674.77,12.37
4,5,2,2025-02-04,2049.94,0.39,1369.84,12.3
5,1,2,2025-02-04,1096.76,0.98,1226.8,10.25
6,1,2,2025-02-04,524.43,0.52,619.16,11.6
7,4,2,2025-02-04,916.65,0.27,757.59,11.43
8,3,2,2025-02-04,1648.17,1.31,1742.97,10.17
1,1,3,2025-02-04,306.04,2.85,343.76,113.15
2,3,3,2025-02-04,1083.68,9.23,1161.91,112.33
3,1,3,2025-02-04,464.3,4.44,544.9,112.56
4,3,3,2025-02-04,2103.88,17.84,2254.77,114.91
5,4,3,2025-02-04,966.95,2.99,826.6,117.88
6,1,3,2025-02-04,294.65,3.25,331.17,133.53
7,1,3,2025-02-04,1032.73,9.56,1182.94,112.91
8,5,3,2025-02-04,1809.61,3.42,1144.54,120.68
1,1,4,2025-02-04,740.96,4.65,835.48,74.72
2,3,4,2025-02-04,1005.98,5.16,1070.05,65.63
3,5,4,2025-02-04,934.82,1.03,618.01,71.58
4,3,4,2025-02-04,1892.7,10.65,1977.59,74.84
5,1,4,2025-02-04,1314.37,7.15,1512.31,66.07
6,1,4,2025-02-04,729.16,4.69,814.5,76.91
7,1,4,2025-02-04,629.97,4.48,730.6,79.88
8,3,4,2025-02-04,1345.17,7.31,1375.28,74.64
1,1,5,2025-02-04,638.39,24.7,738.23,434.73
2,2,5,2025-02-04,627.88,21.82,690.0,454.64
3,1,5,2025-02-04,1142.49,40.56,1339.17,405.31
4,3,5,2025-02-04,1632.75,46.91,1682.95,381.68
5,1,5,2025-02-04,1048.43,35.85,1226.42,387.01
6,4,5,2025-02-04,624.95,6.6,547.28,412.41
7,1,5,2025-02-04,873.71,28.84,1024.02,404.62
8,3,5,2025-02-04,1234.44,36.54,1298.9,395.78
1,2,1,2025-02-05,453.31,3.24,496.25,89.86
2,2,1,2025-02-05,716.96,4.39,778.6,77.71
3,2,1,2025-02-05,866.45,5.7,933.23,85.96
4,5,1,2025-02-05,1842.34,2.1,1225.76,77.33
5,4,1,2025-02-05,869.11,1.99,757.44,87.65
6,4,1,2025-02-05,492.1,1.05,427.97,88.65
7,2,1,2025-02-05,777.16,4.84,853.82,78.08
8,3,1,2025-02-05,1483.35,9.4,1542.24,86.68
1,4,2,2025-02-05,525.01,0.14,457.42,10.38
2,2,2,2025-02-05,971.94,0.71,1084.21,8.69
3,5,2,2025-02-05,591.08,0.09,391.13,9.62
4,3,2,2025-02-05,2040.25,1.4,2079.68,9.07
5,4,2,2025-02-05,1139.26,0.25,953.28,9.02
6,1,2,2025-02-05,513.86,0.42,589.61,9.89
7,4,2,2025-02-05,973.49,0.21,841.03,8.65
8,5,2,2025-02-05,1598.02,0.25,1051.48,10.27
1,1,3,2025-02-05,310.81,3.52,355.37,128.14
2,2,3,2025-02-05,1028.64,12.36,1140.77,147.26
3,5,3,2025-02-05,463.25,0.99,308.9,148.24
4,3,3,2025-02-05,2203.24,24.72,2252.63,151.67
5,2,3,2025-02-05,937.23,10.62,1012.41,143.51
6,4,3,2025-02-05,306.15,1.12,255.69,141.88
7,2,3,2025-02-05,1022.56,10.56,1155.91,129.34
8,3,3,2025-02-05,1845.57,20.05,1985.63,147.49
1,4,4,2025-02-05,732.98,1.05,617.72,60.0
2,3,4,2025-02-05,1050.15,5.26,1105.44,66.94
3,5,4,2025-02-05,935.95,0.86,615.07,62.2
4,3,4,2025-02-05,1889.23,9.19,1971.35,67.62
5,1,4,2025-02-05,1272.49,7.12,1444.5,68.54
6,4,4,2025-02-05,694.65,0.98,606.95,58.41
7,1,4,2025-02-05,636.56,3.73,716.69,68.7
8,5,4,2025-02-05,1339.22,1.26,854.64,65.79
1,1,5,2025-02-05,643.05,17.76,749.69,311.01
2,3,5,2025-02-05,655.12,17.13,690.69,338.84
3,5,5,2025-02-05,1172.64,6.14,755.34,351.07
4,3,5,2025-02-05,1767.71,43.09,1828.78,315.88
5,2,5,2025-02-05,1099.43,29.08,1202.49,346.33
6,2,5,2025-02-05,648.29,16.85,718.34,336.4
7,1,5,2025-02-05,890.22,27.06,1038.22,350.9
8,3,5,2025-02-05,1207.66,28.84,1276.76,303.42
1,2,1,2025-02-06,458.74,2.72,491.31,73.69
2,3,1,2025-02-06,754.42,4.12,815.49,73.11
3,5,1,2025-02-06,882.14,1.12,573.88,85.26
4,3,1,2025-02-06,1932.84,11.95,2087.61,85.38
5,4,1,2025-02-06,942.8,1.83,800.73,76.0
6,2,1,2025-02-06,492.07,3.41,547.62,82.65
7,4,1,2025-02-06,767.14,1.61,637.57,85.29
8,5,1,2025-02-06,1508.03,1.66,969.37,72.98
1,2,2,2025-02-06,546.35,0.39,594.82,9.03
2,4,2,2025-02-06,993.85,0.23,866.93,9.72
3,2,2,2025-02-06,601.13,0.44,668.37,8.77
4,3,2,2025-02-06,2147.55,1.51,2268.98,9.36
5,4,2,2025-02-06,1200.99,0.31,999.36,10.34
6,2,2,2025-02-06,532.96,0.39,581.13,9.32
7,2,2,2025-02-06,985.56,0.71,1080.58,8.77
8,5,2,2025-02-06,1700.11,0.24,1136.31,9.16
1,2,3,2025-02-06,306.86,3.41,341.01,134.23
2,2,3,2025-02-06,1019.32,11.49,1155.53,135.88
3,1,3,2025-02-06,469.49,5.48,525.55,139.05
4,5,3,2025-02-06,2181.19,4.61,1440.33,138.1
5,1,3,2025-02-06,921.43,11.17,1060.79,145.65
6,2,3,2025-02-06,310.04,3.27,341.74,131.22
7,1,3,2025-02-06,1080.58,11.44,1254.69,127.12
8,5,3,2025-02-06,1732.35,3.59,1105.2,141.11
1,4,4,2025-02-06,730.42,0.81,620.95,43.47
2,2,4,2025-02-06,1060.38,3.95,1162.46,46.67
3,2,4,2025-02-06,911.52,3.55,980.3,47.77
4,3,4,2025-02-06,2017.33,6.47,2095.72,44.76
5,4,4,2025-02-06,1252.61,1.37,1059.93,44.77
6,2,4,2025-02-06,687.51,2.57,737.55,46.0
7,1,4,2025-02-06,667.32,2.45,779.6,44.96
8,5,4,2025-02-06,1400.28,1.09,899.62,51.14
1,4,5,2025-02-06,632.27,6.13,535.71,386.47
2,2,5,2025-02-06,618.34,19.48,683.94,398.84
3,2,5,2025-02-06,1198.4,34.53,1322.59,370.62
4,3,5,2025-02-06,1750.17,53.78,1891.7,402.06
5,4,5,2025-02-06,1072.32,11.42,910.24,413.48
6,1,5,2025-02-06,596.23,17.75,683.8,368.09
7,4,5,2025-02-06,838.32,9.2,720.15,422.6
8,5,5,2025-02-06,1209.03,7.09,770.12,381.88
1,1,1,2025-02-07,486.77,2.75,548.0,68.43
2,2,1,2025-02-07,754.64,4.5,811.55,72.59
3,1,1,2025-02-07,924.72,5.81,1039.31,77.49
4,3,1,2025-02-07,1844.28,10.52,1914.24,79.72
5,1,1,2025-02-07,922.91,6.36,1043.5,77.86
6,1,1,2025-02-07,455.18,2.65,535.2,71.51
7,2,1,2025-02-07,783.66,4.33,862.84,71.46
8,3,1,2025-02-07,1450.71,7.56,1547.99,67.34
1,4,2,2025-02-07,524.72,0.13,456.84,10.03
2,4,2,2025-02-07,931.42,0.27,811.77,11.17
3,5,2,2025-02-07,618.43,0.1,406.23,11.11
4,3,2,2025-02-07,1984.57,1.53,2048.18,10.38
5,1,2,2025-02-07,1139.37,1.07,1307.73,11.25
6,4,2,2025-02-07,520.34,0.15,443.9,11.25
7,1,2,2025-02-07,910.31,0.82,1044.28,10.67
8,5,2,2025-02-07,1680.86,0.28,1086.55,11.42
1,2,3,2025-02-07,290.66,2.93,320.6,121.94
2,4,3,2025-02-07,1036.08,3.17,890.73,120.42
3,2,3,2025-02-07,447.21,4.72,482.89,137.66
4,5,3,2025-02-07,2242.91,5.04,1493.12,146.17
5,1,3,2025-02-07,908.65,11.1,1052.66,146.11
6,2,3,2025-02-07,288.68,3.36,314.87,142.45
7,4,3,2025-02-07,1077.93,3.76,933.89,135.92
8,5,3,2025-02-07,1774.1,3.83,1187.75,137.87
1,4,4,2025-02-07,704.08,1.05,590.0,61.95
2,3,4,2025-02-07,1021.74,4.67,1088.78,64.0
3,1,4,2025-02-07,899.83,3.94,1041.94,53.23
4,5,4,2025-02-07,1882.28,1.63,1192.75,60.23
5,4,4,2025-02-07,1334.78,2.02,1146.1,62.24
6,2,4,2025-02-07,720.35,3.52,794.97,59.3
7,1,4,2025-02-07,679.42,3.06,801.44,53.29
8,5,4,2025-02-07,1343.27,1.26,849.18,62.95
1,1,5,2025-02-07,623.51,22.37,731.13,430.54
2,3,5,2025-02-07,645.49,18.51,692.43,386.54
3,5,5,2025-02-07,1170.13,7.41,766.38,414.46
4,5,5,2025-02-07,1710.58,9.17,1098.3,373.99
5,4,5,2025-02-07,1099.44,11.13,964.7,410.99
6,2,5,2025-02-07,592.81,18.67,651.33,408.87
7,4,5,2025-02-07,857.14,9.18,726.71,422.9
8,5,5,2025-02-07,1230.64,7.09,810.02,390.14
1,1,1,2025-02-08,457.53,0.91,532.39,24.3
2,3,1,2025-02-08,692.24,1.23,706.91,23.58
3,5,1,2025-02-08,932.7,0.37,597.92,25.59
4,5,1,2025-02-08,1866.28,0.77,1205.26,27.7
5,4,1,2025-02-08,863.8,0.55,721.47,25.19
6,2,1,2025-02-08,470.13,0.98,521.0,26.58
7,2,1,2025-02-08,785.21,1.51,888.57,23.74
8,3,1,2025-02-08,1499.36,2.8,1531.84,25.43
1,4,2,2025-02-08,534.71,0.05,443.4,3.51
2,4,2,2025-02-08,940.28,0.08,813.71,3.59
3,2,2,2025-02-08,615.48,0.17,690.22,3.6
4,5,2,2025-02-08,2036.25,0.11,1315.83,3.74
5,4,2,2025-02-08,1151.77,0.11,1001.41,3.84
6,4,2,2025-02-08,550.98,0.06,460.3,3.98
7,4,2,2025-02-08,991.62,0.09,858.53,3.54
8,5,2,2025-02-08,1721.71,0.1,1099.03,3.88
1,2,3,2025-02-08,289.43,1.0,315.02,42.31
2,3,3,2025-02-08,1040.58,3.96,1101.88,48.77
3,2,3,2025-02-08,439.51,1.48,489.37,43.56
4,3,3,2025-02-08,2179.29,6.65,2253.74,41.98
5,2,3,2025-02-08,946.6,3.46,1050.95,46.04
6,1,3,2025-02-08,291.06,1.02,341.07,43.43
7,2,3,2025-02-08,1066.66,3.76,1206.46,42.55
8,5,3,2025-02-08,1850.8,1.2,1189.83,41.45
1,2,4,2025-02-08,746.44,1.72,814.67,29.03
2,4,4,2025-02-08,1090.5,0.74,946.2,26.33
3,1,4,2025-02-08,865.07,2.16,996.48,28.14
4,5,4,2025-02-08,1949.31,0.73,1287.97,24.68
5,2,4,2025-02-08,1277.81,2.76,1426.84,27.33
6,1,4,2025-02-08,751.36,1.56,849.54,25.36
7,2,4,2025-02-08,646.07,1.33,710.55,25.56
8,5,4,2025-02-08,1376.95,0.51,893.82,24.8
1,1,5,2025-02-08,648.73,7.78,741.52,135.17
2,4,5,2025-02-08,641.4,1.97,559.44,120.82
3,1,5,2025-02-08,1189.27,13.69,1384.88,129.72
4,3,5,2025-02-08,1658.01,15.47,1763.11,122.74
5,4,5,2025-02-08,1010.32,3.53,854.1,134.86
6,2,5,2025-02-08,646.51,6.9,731.32,136.14
7,1,5,2025-02-08,832.78,9.21,955.79,134.67
8,5,5,2025-02-08,1297.43,2.55,820.52,132.34
1,1,1,2025-02-10,485.19,3.36,556.03,81.69
2,3,1,2025-02-10,735.65,4.6,788.29,80.73
3,5,1,2025-02-10,878.49,0.9,579.29,68.56
4,5,1,2025-02-10,1841.35,1.79,1207.46,67.98
5,4,1,2025-02-10,894.91,1.64,747.59,77.19
6,2,1,2025-02-10,461.24,2.45,508.62,68.8
7,4,1,2025-02-10,769.74,1.57,666.42,80.28
8,5,1,2025-02-10,1442.97,1.68,920.03,80.68
1,4,2,2025-02-10,557.65,0.15,471.66,11.33
2,2,2,2025-02-10,969.56,0.84,1071.14,10.43
3,1,2,2025-02-10,647.78,0.65,750.75,11.59
4,3,2,2025-02-10,2147.2,1.65,2209.85,10.04
5,2,2,2025-02-10,1163.57,0.98,1315.23,10.9
6,1,2,2025-02-10,564.15,0.48,646.37,9.87
7,2,2,2025-02-10,981.09,0.81,1060.09,10.67
8,5,2,2025-02-10,1615.01,0.25,1072.27,10.68
1,4,3,2025-02-10,291.47,0.98,244.16,131.53
2,2,3,2025-02-10,1040.4,9.35,1129.33,114.78
3,5,3,2025-02-10,447.79,0.79,294.34,117.31
4,3,3,2025-02-10,2092.27,17.64,2223.48,114.46
5,4,3,2025-02-10,922.66,2.76,789.81,120.65
6,1,3,2025-02-10,287.86,2.71,327.1,112.62
7,2,3,2025-02-10,1102.16,12.4,1221.01,134.38
8,3,3,2025-02-10,1710.96,15.68,1849.25,123.64
1,4,4,2025-02-10,710.7,1.49,607.68,83.55
2,3,4,2025-02-10,1015.34,5.72,1064.83,76.29
3,1,4,2025-02-10,883.56,5.57,993.64,76.86
4,3,4,2025-02-10,2043.31,12.26,2118.04,76.39
5,2,4,2025-02-10,1355.41,8.22,1501.86,73.08
6,2,4,2025-02-10,721.22,4.21,805.46,75.42
7,2,4,2025-02-10,667.14,3.93,741.57,71.07
8,5,4,2025-02-10,1289.68,1.34,815.36,71.03
1,2,5,2025-02-10,599.14,18.01,679.08,390.81
2,3,5,2025-02-10,620.15,18.14,654.4,382.11
3,2,5,2025-02-10,1105.44,35.04,1209.49,410.69
4,3,5,2025-02-10,1762.59,47.07,1855.37,368.27
5,2,5,2025-02-10,1056.64,33.35,1201.64,406.24
6,1,5,2025-02-10,621.61,20.9,701.37,398.97
7,2,5,2025-02-10,865.04,27.94,966.61,423.88
8,3,5,2025-02-10,1236.77,38.83,1328.95,400.51
1,1,1,2025-02-11,447.86,2.57,515.21,66.02
2,4,1,2025-02-11,752.77,1.21,658.45,67.8
3,5,1,2025-02-11,911.01,0.94,610.32,65.93
4,3,1,2025-02-11,1796.6,8.27,1867.01,60.54
5,1,1,2025-02-11,921.94,5.32,1035.1,67.18
6,2,1,2025-02-11,454.87,2.74,488.8,72.74
7,1,1,2025-02-11,724.72,4.24,846.91,70.27
8,3,1,2025-02-11,1394.99,6.9,1492.34,66.43
1,2,2,2025-02-11,561.8,0.43,603.11,9.76
2,3,2,2025-02-11,981.24,0.73,1028.94,9.54
3,5,2,2025-02-11,626.22,0.08,403.88,8.78
4,3,2,2025-02-11,2036.49,1.37,2118.1,9.42
5,2,2,2025-02-11,1170.29,0.94,1320.69,9.84
6,4,2,2025-02-11,547.0,0.13,463.28,9.61
7,2,2,2025-02-11,931.04,0.8,1011.99,10.49
8,3,2,2025-02-11,1653.81,1.09,1692.47,9.17
1,1,3,2025-02-11,300.4,2.8,346.05,110.71
2,4,3,2025-02-11,1057.19,2.71,876.88,105.03
3,5,3,2025-02-11,428.23,0.74,283.84,115.79
4,5,3,2025-02-11,2099.96,3.49,1350.38,108.62
5,4,3,2025-02-11,945.72,2.73,793.43,114.24
6,1,3,2025-02-11,291.33,2.63,331.39,101.16
7,4,3,2025-02-11,1008.66,2.67,838.51,111.23
8,3,3,2025-02-11,1828.04,14.88,1938.71,109.59
1,4,4,2025-02-11,727.34,1.15,636.33,62.63
2,3,4,2025-02-11,1070.02,5.6,1144.76,68.62
3,1,4,2025-02-11,866.26,4.01,967.92,56.69
4,3,4,2025-02-11,2020.01,9.09,2140.66,59.15
5,2,4,2025-02-11,1344.47,7.27,1442.91,67.3
6,2,4,2025-02-11,694.67,3.3,783.28,61.82
7,4,4,2025-02-11,663.17,1.13,576.42,68.63
8,3,4,2025-02-11,1309.68,6.46,1338.73,63.67
1,1,5,2025-02-11,595.37,17.84,685.45,354.87
2,3,5,2025-02-11,665.41,16.97,693.25,338.16
3,2,5,2025-02-11,1138.46,30.98,1288.77,332.69
4,5,5,2025-02-11,1654.42,7.15,1082.13,302.65
5,4,5,2025-02-11,1004.17,8.91,855.04,357.87
6,2,5,2025-02-11,627.61,17.06,691.47,341.5
7,1,5,2025-02-11,831.98,21.68,945.07,311.37
8,3,5,2025-02-11,1260.96,33.91,1355.6,344.07
1,4,1,2025-02-12,477.38,0.76,411.45,65.21
2,3,1,2025-02-12,743.98,4.16,795.79,72.84
3,1,1,2025-02-12,910.97,5.34,1058.93,67.34
4,3,1,2025-02-12,1789.56,8.79,1912.79,65.56
5,2,1,2025-02-12,882.33,4.47,943.21,66.31
6,2,1,2025-02-12,463.28,2.51,522.41,65.59
7,1,1,2025-02-12,773.01,4.3,875.19,68.12
8,3,1,2025-02-12,1448.02,8.64,1545.78,77.35
1,4,2,2025-02-12,527.44,0.17,448.84,12.56
2,4,2,2025-02-12,941.21,0.3,814.48,12.29
3,1,2,2025-02-12,649.43,0.8,763.08,14.26
4,3,2,2025-02-12,2116.34,1.87,2239.6,12.26
5,1,2,2025-02-12,1197.26,1.25,1372.17,12.57
6,4,2,2025-02-12,539.91,0.19,455.29,14.5
7,1,2,2025-02-12,914.18,1.03,1068.44,12.7
8,3,2,2025-02-12,1607.98,1.7,1689.03,14.33
1,1,3,2025-02-12,292.98,3.84,341.42,155.36
2,2,3,2025-02-12,1013.42,12.59,1098.27,156.5
3,2,3,2025-02-12,446.1,5.2,502.73,146.25
4,5,3,2025-02-12,2297.62,5.21,1513.85,147.24
5,4,3,2025-02-12,992.15,3.32,868.84,136.58
6,1,3,2025-02-12,298.02,3.52,353.21,145.77
7,1,3,2025-02-12,1092.26,12.77,1273.83,135.78
8,5,3,2025-02-12,1785.47,4.38,1187.55,160.44
1,4,4,2025-02-12,737.47,0.98,619.01,55.82
2,4,4,2025-02-12,1061.59,1.26,910.53,47.96
3,5,4,2025-02-12,911.19,0.72,587.09,52.82
4,5,4,2025-02-12,2003.7,1.6,1305.66,55.53
5,2,4,2025-02-12,1329.26,5.54,1505.96,54.08
6,2,4,2025-02-12,699.39,2.84,762.54,51.72
7,4,4,2025-02-12,627.9,0.76,537.05,46.73
8,3,4,2025-02-12,1394.85,5.15,1465.55,49.58
1,4,5,2025-02-12,592.72,5.15,502.13,343.06
2,2,5,2025-02-12,666.68,20.33,740.77,383.07
3,1,5,2025-02-12,1144.61,38.7,1359.69,386.0
4,3,5,2025-02-12,1674.56,43.51,1784.37,336.83
5,4,5,2025-02-12,1012.2,8.9,842.67,343.39
6,4,5,2025-02-12,625.11,5.77,521.45,374.73
7,4,5,2025-02-12,843.68,7.0,716.65,345.81
8,3,5,2025-02-12,1247.03,32.14,1314.93,348.21
1,4,1,2025-02-13,472.77,1.3,404.74,105.68
2,4,1,2025-02-13,714.49,1.84,607.73,98.9
3,2,1,2025-02-13,929.14,6.65,1036.04,92.98
4,3,1,2025-02-13,1936.59,14.62,2058.16,100.36
5,2,1,2025-02-13,897.6,7.88,980.77,105.03
6,1,1,2025-02-13,474.78,3.82,549.53,98.27
7,1,1,2025-02-13,751.71,5.79,859.06,92.45
8,5,1,2025-02-13,1447.96,2.22,946.87,105.93
1,1,2,2025-02-13,563.59,0.53,635.94,11.35
2,4,2,2025-02-13,978.9,0.26,850.65,10.92
3,2,2,2025-02-13,618.83,0.56,674.21,11.36
4,5,2,2025-02-13,2044.92,0.38,1350.16,12.33
5,4,2,2025-02-13,1165.69,0.37,970.07,12.43
6,4,2,2025-02-13,530.56,0.17,448.63,12.52
7,1,2,2025-02-13,988.02,0.92,1147.98,11.43
8,5,2,2025-02-13,1688.93,0.32,1111.53,12.16
1,4,3,2025-02-13,303.9,0.91,261.55,121.69
2,4,3,2025-02-13,1056.23,2.89,902.81,108.32
3,1,3,2025-02-13,470.58,4.75,542.64,115.93
4,3,3,2025-02-13,2116.46,19.28,2159.36,125.49
5,1,3,2025-02-13,925.8,9.82,1062.54,120.17
6,4,3,2025-02-13,303.21,0.82,264.25,113.16
7,1,3,2025-02-13,1033.2,9.04,1191.47,108.05
8,5,3,2025-02-13,1756.29,2.69,1119.49,106.53
1,1,4,2025-02-13,697.15,5.35,824.63,93.57
2,4,4,2025-02-13,1015.27,2.27,839.2,90.83
3,1,4,2025-02-13,881.82,5.9,1039.01,81.67
4,5,4,2025-02-13,1925.73,2.63,1229.94,94.62
5,4,4,2025-02-13,1311.18,2.98,1107.52,88.68
6,1,4,2025-02-13,703.39,5.14,788.81,85.57
7,1,4,2025-02-13,643.99,4.78,731.33,84.07
8,3,4,2025-02-13,1315.75,9.11,1366.23,89.77
1,2,5,2025-02-13,616.65,16.57,693.59,335.96
2,2,5,2025-02-13,641.76,18.2,711.33,344.7
3,2,5,2025-02-13,1203.06,29.17,1351.75,317.67
4,5,5,2025-02-13,1726.02,7.26,1152.11,293.3
5,2,5,2025-02-13,1060.28,28.12,1159.57,335.53
6,4,5,2025-02-13,602.19,4.94,504.09,335.61
7,4,5,2025-02-13,855.36,6.38,712.97,301.67
8,3,5,2025-02-13,1278.13,34.38,1322.15,345.55
1,4,1,2025-02-14,491.5,0.77,414.32,61.75
2,3,1,2025-02-14,754.53,3.69,800.64,66.74
3,2,1,2025-02-14,885.75,4.55,946.7,63.56
4,3,1,2025-02-14,1877.09,8.1,2019.01,57.69
5,4,1,2025-02-14,870.62,1.44,740.06,64.79
6,2,1,2025-02-14,471.79,2.6,506.54,67.76
7,1,1,2025-02-14,779.44,4.49,876.9,68.13
8,5,1,2025-02-14,1497.48,1.35,989.39,62.25
1,4,2,2025-02-14,566.12,0.14,472.42,9.89
2,2,2,2025-02-14,952.71,0.72,1074.59,9.66
3,2,2,2025-02-14,600.87,0.55,673.32,11.36
4,3,2,2025-02-14,1995.52,1.58,2067.84,10.67
5,4,2,2025-02-14,1173.8,0.29,1017.04,10.07
6,2,2,2025-02-14,518.99,0.42,559.71,10.21
7,1,2,2025-02-14,965.18,0.9,1114.43,10.83
8,3,2,2025-02-14,1664.55,1.35,1793.36,11.21
1,1,3,2025-02-14,311.43,3.11,367.09,120.24
2,2,3,2025-02-14,1101.65,10.56,1195.14,119.41
3,5,3,2025-02-14,467.24,0.72,307.49,103.52
4,3,3,2025-02-14,2277.85,19.6,2379.48,110.9
5,1,3,2025-02-14,967.12,9.26,1130.86,114.21
6,4,3,2025-02-14,291.74,0.79,248.09,109.87
7,1,3,2025-02-14,1038.65,10.19,1217.86,111.17
8,3,3,2025-02-14,1886.06,15.33,1951.77,113.22
1,1,4,2025-02-14,707.7,3.54,791.48,58.04
2,3,4,2025-02-14,1082.35,5.33,1125.81,64.78
3,2,4,2025-02-14,877.24,4.64,984.93,63.26
4,5,4,2025-02-14,1953.84,1.69,1277.98,60.25
5,2,4,2025-02-14,1334.33,7.01,1431.96,65.19
6,1,4,2025-02-14,750.0,4.11,873.26,62.04
7,1,4,2025-02-14,621.53,3.4,720.32,67.45
8,5,4,2025-02-14,1291.38,1.28,829.46,65.86
1,2,5,2025-02-14,613.9,14.81,693.48,304.17
2,4,5,2025-02-14,658.06,4.83,559.28,294.43
3,5,5,2025-02-14,1163.71,5.24,771.01,287.67
4,5,5,2025-02-14,1702.93,7.42,1076.27,302.42
5,4,5,2025-02-14,1004.59,7.65,860.18,314.4
6,4,5,2025-02-14,620.55,4.47,533.62,288.6
7,1,5,2025-02-14,828.17,21.19,945.37,314.86
8,5,5,2025-02-14,1251.64,5.67,819.5,306.22
1,4,1,2025-02-15,482.95,0.37,406.89,31.29
2,3,1,2025-02-15,753.86,1.94,775.0,33.78
3,1,1,2025-02-15,900.64,2.85,1031.32,35.92
4,3,1,2025-02-15,1938.15,4.88,1982.7,34.61
5,1,1,2025-02-15,915.11,2.85,1059.1,34.97
6,2,1,2025-02-15,486.54,1.31,529.13,34.1
7,2,1,2025-02-15,724.67,1.99,775.6,33.35
8,3,1,2025-02-15,1510.89,4.0,1583.59,34.59
1,1,2,2025-02-15,525.91,0.25,598.75,5.3
2,4,2,2025-02-15,967.84,0.12,798.35,4.96
3,1,2,2025-02-15,593.57,0.22,674.08,4.59
4,3,2,2025-02-15,2076.92,0.84,2243.01,5.48
5,1,2,2025-02-15,1115.25,0.47,1299.43,4.73
6,2,2,2025-02-15,558.77,0.21,602.75,4.81
7,2,2,2025-02-15,989.01,0.37,1080.06,4.58
8,3,2,2025-02-15,1623.33,0.58,1691.21,4.77
1,2,3,2025-02-15,304.83,1.14,345.83,44.81
2,3,3,2025-02-15,1089.73,2.96,1173.72,37.6
3,1,3,2025-02-15,436.13,1.47,505.03,40.17
4,3,3,2025-02-15,2292.62,7.52,2458.89,43.34
5,2,3,2025-02-15,977.51,2.97,1094.78,39.76
6,1,3,2025-02-15,310.55,1.23,351.43,45.03
7,1,3,2025-02-15,1079.89,4.05,1217.61,43.57
8,5,3,2025-02-15,1845.24,1.17,1199.56,42.37
1,2,4,2025-02-15,696.89,1.23,766.05,22.02
2,3,4,2025-02-15,1047.24,1.71,1118.99,21.46
3,5,4,2025-02-15,858.29,0.25,570.17,19.94
4,5,4,2025-02-15,1895.13,0.58,1206.62,20.8
5,2,4,2025-02-15,1268.09,2.01,1377.96,19.37
6,4,4,2025-02-15,709.31,0.38,607.47,21.47
7,2,4,2025-02-15,646.82,1.06,711.63,20.83
8,5,4,2025-02-15,1334.12,0.39,874.86,19.77
1,2,5,2025-02-15,644.89,5.82,712.61,112.77
2,2,5,2025-02-15,668.58,6.55,717.89,127.63
3,1,5,2025-02-15,1155.29,11.36,1310.0,113.69
4,5,5,2025-02-15,1647.41,2.86,1094.36,120.05
5,4,5,2025-02-15,1075.18,3.25,903.91,127.3
6,2,5,2025-02-15,637.55,5.83,705.94,115.34
7,4,5,2025-02-15,808.51,2.57,706.85,121.22
8,5,5,2025-02-15,1215.95,2.18,778.47,122.85
1,4,1,2025-02-17,483.44,1.01,410.62,81.55
2,2,1,2025-02-17,706.54,4.22,787.23,72.71
3,1,1,2025-02-17,894.48,6.02,1007.34,83.02
4,3,1,2025-02-17,1814.03,11.05,1923.71,81.24
5,2,1,2025-02-17,885.58,5.51,969.32,76.3
6,4,1,2025-02-17,471.77,0.84,408.48,74.85
7,1,1,2025-02-17,724.03,5.12,840.14,84.57
8,5,1,2025-02-17,1519.62,1.64,990.24,72.96
1,1,2,2025-02-17,538.64,0.42,624.71,8.69
2,3,2,2025-02-17,940.14,0.59,959.51,8.29
3,5,2,2025-02-17,626.41,0.07,417.27,8.15
4,5,2,2025-02-17,2005.68,0.26,1270.1,8.52
5,1,2,2025-02-17,1134.9,0.77,1337.33,8.12
6,2,2,2025-02-17,521.48,0.35,572.97,8.3
7,1,2,2025-02-17,939.45,0.75,1104.5,9.73
8,5,2,2025-02-17,1638.81,0.23,1071.91,9.38
1,2,3,2025-02-17,302.62,3.42,329.9,138.67
2,2,3,2025-02-17,1101.56,12.47,1220.86,137.1
3,1,3,2025-02-17,451.16,5.97,519.39,149.97
4,3,3,2025-02-17,2252.2,23.27,2359.93,132.72
5,4,3,2025-02-17,982.55,3.56,852.57,146.7
6,1,3,2025-02-17,297.45,3.32,342.22,129.72
7,2,3,2025-02-17,1093.14,11.43,1196.19,129.83
8,3,3,2025-02-17,1753.15,19.13,1856.45,148.87
1,2,4,2025-02-17,732.0,3.57,825.3,59.55
2,3,4,2025-02-17,1040.68,5.15,1084.79,68.61
3,1,4,2025-02-17,900.4,5.22,1015.45,68.84
4,3,4,2025-02-17,1951.18,9.07,2073.3,64.71
5,4,4,2025-02-17,1295.05,2.02,1081.1,63.16
6,1,4,2025-02-17,684.77,3.65,780.03,60.18
7,4,4,2025-02-17,647.68,1.0,556.24,64.7
8,5,4,2025-02-17,1301.43,1.4,829.62,69.38
1,1,5,2025-02-17,626.63,13.81,734.34,269.41
2,2,5,2025-02-17,622.54,15.37,673.82,303.18
3,2,5,2025-02-17,1112.96,27.79,1229.94,300.35
4,5,5,2025-02-17,1733.45,8.24,1138.14,307.38
5,4,5,2025-02-17,1066.8,7.21,905.85,265.12
6,4,5,2025-02-17,589.29,4.59,516.28,303.69
7,2,5,2025-02-17,884.74,18.23,948.54,270.72
8,3,5,2025-02-17,1229.64,25.35,1272.13,270.27
1,1,1,2025-02-18,483.96,3.33,546.42,83.85
2,3,1,2025-02-18,720.9,4.44,763.55,83.61
3,5,1,2025-02-18,873.64,1.08,555.41,79.31
4,3,1,2025-02-18,1777.09,9.62,1883.95,75.87
5,1,1,2025-02-18,890.03,5.64,1043.84,78.0
6,4,1,2025-02-18,475.82,0.88,402.86,71.48
7,4,1,2025-02-18,749.97,1.65,649.32,86.37
8,3,1,2025-02-18,1414.03,7.53,1497.12,72.28
1,2,2,2025-02-18,549.61,0.55,598.61,12.31
2,4,2,2025-02-18,1005.65,0.31,863.43,11.67
3,1,2,2025-02-18,609.78,0.6,696.43,11.49
4,3,2,2025-02-18,2050.7,1.71,2091.49,11.71
5,1,2,2025-02-18,1128.02,1.16,1306.69,11.79
6,1,2,2025-02-18,520.43,0.48,594.17,11.25
7,4,2,2025-02-18,906.1,0.28,790.89,12.2
8,5,2,2025-02-18,1589.65,0.27,1004.79,10.84
1,2,3,2025-02-18,304.44,2.49,343.06,107.31
2,3,3,2025-02-18,1033.49,7.81,1113.44,105.46
3,1,3,2025-02-18,463.57,4.46,546.46,116.45
4,5,3,2025-02-18,2130.38,3.51,1384.74,114.96
5,1,3,2025-02-18,907.45,9.91,1021.57,123.08
6,1,3,2025-02-18,302.78,3.21,344.1,119.47
7,1,3,2025-02-18,1042.26,9.53,1178.16,111.31
8,5,3,2025-02-18,1741.76,2.72,1129.27,106.42
1,4,4,2025-02-18,698.5,1.32,610.41,75.5
2,3,4,2025-02-18,1039.32,5.09,1092.29,65.72
3,5,4,2025-02-18,894.01,0.92,580.87,65.55
4,5,4,2025-02-18,1935.84,1.95,1243.6,64.53
5,4,4,2025-02-18,1254.86,2.25,1064.89,73.59
6,2,4,2025-02-18,704.39,4.01,767.85,71.27
7,4,4,2025-02-18,648.0,1.03,535.21,65.54
8,5,4,2025-02-18,1348.85,1.61,901.97,76.39
1,2,5,2025-02-18,612.81,19.03,660.72,370.2
2,2,5,2025-02-18,682.01,20.27,738.85,356.08
3,2,5,2025-02-18,1202.57,40.03,1315.23,405.89
4,5,5,2025-02-18,1722.95,9.26,1114.45,374.85
5,2,5,2025-02-18,1074.74,29.93,1208.52,365.16
6,4,5,2025-02-18,632.81,5.61,529.26,348.68
7,4,5,2025-02-18,846.22,8.23,726.91,398.94
8,3,5,2025-02-18,1189.04,36.72,1283.88,405.86
1,2,1,2025-02-19,479.69,3.66,541.76,99.66
2,3,1,2025-02-19,695.94,4.77,731.66,89.69
3,5,1,2025-02-19,914.26,1.2,591.65,88.89
4,3,1,2025-02-19,1777.72,12.68,1902.74,92.35
5,2,1,2025-02-19,922.39,7.22,1004.02,98.85
6,1,1,2025-02-19,484.87,3.23,565.16,81.95
7,4,1,2025-02-19,743.76,1.61,620.61,87.17
8,3,1,2025-02-19,1479.59,9.19,1596.25,85.53
1,2,2,2025-02-19,543.62,0.31,607.03,7.42
2,2,2,2025-02-19,956.42,0.65,1060.16,8.51
3,5,2,2025-02-19,595.77,0.07,377.67,8.09
4,3,2,2025-02-19,2004.24,1.16,2101.74,7.63
5,4,2,2025-02-19,1179.96,0.2,1030.42,7.1
6,4,2,2025-02-19,544.45,0.11,463.47,8.64
7,1,2,2025-02-19,938.19,0.66,1063.85,7.91
8,5,2,2025-02-19,1645.58,0.19,1061.38,7.62
1,2,3,2025-02-19,314.98,3.18,351.25,120.83
2,3,3,2025-02-19,1061.63,10.28,1136.46,124.43
3,1,3,2025-02-19,448.06,4.6,528.71,118.13
4,3,3,2025-02-19,2095.65,16.56,2261.06,105.06
5,1,3,2025-02-19,937.5,9.42,1077.91,116.31
6,2,3,2025-02-19,304.81,2.53,345.34,102.33
7,2,3,2025-02-19,999.25,8.43,1120.7,110.45
8,5,3,2025-02-19,1832.03,2.95,1208.57,107.57
1,1,4,2025-02-19,709.08,4.35,815.1,69.19
2,4,4,2025-02-19,1087.5,1.91,913.49,68.75
3,1,4,2025-02-19,919.07,5.54,1075.83,68.3
4,3,4,2025-02-19,1877.43,9.3,1992.45,67.38
5,4,4,2025-02-19,1363.34,2.24,1191.0,63.18
6,2,4,2025-02-19,731.71,3.43,817.78,60.3
7,4,4,2025-02-19,662.99,1.02,548.08,58.58
8,5,4,2025-02-19,1404.36,1.37,899.96,66.99
1,2,5,2025-02-19,647.99,14.1,733.89,267.63
2,4,5,2025-02-19,664.65,4.02,579.5,237.6
3,5,5,2025-02-19,1180.63,4.74,763.32,264.01
4,5,5,2025-02-19,1726.17,7.41,1119.4,273.56
5,1,5,2025-02-19,1020.97,19.88,1147.97,238.91
6,4,5,2025-02-19,625.72,3.96,536.14,242.66
7,1,5,2025-02-19,880.03,21.28,985.06,282.3
8,3,5,2025-02-19,1261.26,22.71,1320.68,242.75
1,2,1,2025-02-20,483.98,3.49,538.65,93.55
2,4,1,2025-02-20,699.99,1.48,594.26,84.27
3,1,1,2025-02-20,928.45,6.33,1080.25,82.58
4,3,1,2025-02-20,1868.77,11.4,1998.49,79.98
5,4,1,2025-02-20,858.09,1.78,738.3,82.98
6,2,1,2025-02-20,493.35,3.53,554.39,89.63
7,2,1,2025-02-20,734.36,5.28,823.89,94.11
8,3,1,2025-02-20,1497.54,9.32,1602.53,81.09
1,4,2,2025-02-20,552.73,0.16,479.97,11.59
2,4,2,2025-02-20,969.4,0.29,841.32,11.72
3,1,2,2025-02-20,622.97,0.56,737.62,10.34
4,5,2,2025-02-20,2027.67,0.32,1333.58,10.75
5,1,2,2025-02-20,1173.13,1.03,1334.93,10.79
6,4,2,2025-02-20,559.76,0.14,470.28,9.73
7,4,2,2025-02-20,918.05,0.23,770.64,9.91
8,3,2,2025-02-20,1602.11,1.32,1697.59,11.34
1,2,3,2025-02-20,306.78,3.86,349.1,154.4
2,2,3,2025-02-20,1037.04,14.08,1119.83,166.78
3,1,3,2025-02-20,431.82,5.92,485.2,166.52
4,5,3,2025-02-20,2220.55,5.61,1436.04,166.39
5,1,3,2025-02-20,913.79,11.34,1058.72,148.96
6,1,3,2025-02-20,304.58,3.91,358.28,148.31
7,4,3,2025-02-20,1006.91,3.92,851.02,150.99
8,5,3,2025-02-20,1776.12,3.59,1154.57,140.54
1,4,4,2025-02-20,749.41,1.15,656.13,60.86
2,3,4,2025-02-20,1026.24,5.35,1057.6,67.56
3,2,4,2025-02-20,945.0,4.96,1016.85,67.01
4,5,4,2025-02-20,1864.88,2.01,1189.66,69.67
5,4,4,2025-02-20,1237.57,2.02,1072.17,65.12
6,2,4,2025-02-20,688.6,3.8,772.72,68.74
7,4,4,2025-02-20,625.57,1.11,544.97,67.66
8,3,4,2025-02-20,1398.87,6.67,1464.83,66.91
1,2,5,2025-02-20,596.63,17.62,647.05,380.3
2,4,5,2025-02-20,634.19,6.56,530.3,431.59
3,2,5,2025-02-20,1134.31,37.32,1285.75,414.45
4,3,5,2025-02-20,1657.22,48.49,1786.15,373.51
5,2,5,2025-02-20,1066.71,34.94,1191.64,406.27
6,4,5,2025-02-20,645.47,7.37,552.61,451.62
7,4,5,2025-02-20,815.92,8.68,683.98,437.07
8,5,5,2025-02-20,1294.51,7.25,846.39,387.4
1,4,1,2025-02-21,463.38,0.84,384.37,71.28
2,3,1,2025-02-21,702.77,4.04,736.75,79.31
3,2,1,2025-02-21,915.89,5.92,990.48,83.78
4,5,1,2025-02-21,1941.64,2.26,1252.86,80.03
5,4,1,2025-02-21,913.3,1.7,791.91,77.18
6,2,1,2025-02-21,493.15,2.86,546.68,75.98
7,1,1,2025-02-21,732.76,4.91,838.89,77.48
8,5,1,2025-02-21,1470.33,1.62,943.16,74.89
1,1,2,2025-02-21,527.78,0.34,596.92,7.24
2,2,2,2025-02-21,1007.71,0.59,1133.54,7.28
3,5,2,2025-02-21,639.92,0.08,421.0,7.86
4,5,2,2025-02-21,2060.57,0.26,1312.96,8.04
5,2,2,2025-02-21,1113.28,0.76,1245.92,8.36
6,4,2,2025-02-21,545.11,0.11,453.06,8.43
7,1,2,2025-02-21,967.73,0.69,1089.13,8.21
8,5,2,2025-02-21,1576.22,0.2,1037.35,8.23
1,1,3,2025-02-21,305.35,2.98,351.25,115.31
2,3,3,2025-02-21,1081.34,9.3,1131.65,117.28
3,5,3,2025-02-21,467.16,0.86,310.94,124.59
4,5,3,2025-02-21,2179.43,3.54,1381.55,112.83
5,4,3,2025-02-21,925.3,2.51,767.74,107.7
6,2,3,2025-02-21,301.62,2.93,342.31,117.06
7,2,3,2025-02-21,1068.59,10.49,1176.69,127.36
8,3,3,2025-02-21,1782.98,16.7,1900.97,119.95
1,4,4,2025-02-21,714.6,1.53,626.14,86.99
2,4,4,2025-02-21,1097.34,2.62,935.05,91.99
3,5,4,2025-02-21,858.81,1.07,573.16,85.51
4,3,4,2025-02-21,1886.59,11.46,1964.32,84.1
5,1,4,2025-02-21,1289.95,9.13,1450.01,84.31
6,4,4,2025-02-21,701.98,1.57,583.68,87.08
7,2,4,2025-02-21,648.9,4.06,720.32,82.33
8,5,4,2025-02-21,1311.86,1.7,860.53,83.03
1,1,5,2025-02-21,647.0,19.48,728.29,342.32
2,2,5,2025-02-21,657.51,15.89,705.06,306.52
3,5,5,2025-02-21,1113.91,4.94,725.54,308.17
4,3,5,2025-02-21,1704.95,43.43,1838.08,342.7
5,1,5,2025-02-21,1013.84,27.44,1162.5,327.34
6,2,5,2025-02-21,611.6,16.81,667.17,342.3
7,2,5,2025-02-21,863.28,20.87,967.19,313.55
8,3,5,2025-02-21,1232.4,30.56,1273.26,340.92
1,1,1,2025-02-22,452.78,0.94,506.35,24.85
2,4,1,2025-02-22,698.33,0.45,585.44,25.14
3,2,1,2025-02-22,899.02,1.85,967.09,25.22
4,5,1,2025-02-22,1850.34,0.79,1194.86,27.38
5,1,1,2025-02-22,941.19,2.06,1072.56,26.72
6,1,1,2025-02-22,482.57,1.0,549.98,23.91
7,4,1,2025-02-22,767.81,0.47,652.29,24.91
8,5,1,2025-02-22,1413.42,0.5,905.05,23.49
1,1,2,2025-02-22,559.67,0.24,656.07,5.19
2,2,2,2025-02-22,977.44,0.37,1090.11,4.99
3,5,2,2025-02-22,600.23,0.05,393.33,5.19
4,3,2,2025-02-22,1972.19,0.67,2032.6,4.63
5,1,2,2025-02-22,1141.52,0.45,1277.44,4.84
6,2,2,2025-02-22,541.35,0.22,585.6,4.91
7,2,2,2025-02-22,948.02,0.36,1030.63,4.73
8,5,2,2025-02-22,1627.49,0.13,1041.84,5.14
1,1,3,2025-02-22,290.45,1.2,331.01,48.0
2,3,3,2025-02-22,1047.07,4.35,1079.2,57.68
3,2,3,2025-02-22,443.86,1.75,474.55,51.24
4,3,3,2025-02-22,2162.87,8.94,2309.57,55.9
5,4,3,2025-02-22,959.95,1.19,820.49,50.53
6,1,3,2025-02-22,311.62,1.34,350.78,49.38
7,4,3,2025-02-22,1099.17,1.63,917.53,57.42
8,5,3,2025-02-22,1876.59,1.38,1208.58,48.79
1,4,4,2025-02-22,718.14,0.44,597.92,24.24
2,2,4,2025-02-22,1017.63,1.85,1144.98,23.27
3,5,4,2025-02-22,942.76,0.35,620.94,24.86
4,5,4,2025-02-22,1865.7,0.66,1213.12,22.67
5,1,4,2025-02-22,1256.7,2.46,1427.23,22.0
6,4,4,2025-02-22,688.38,0.42,596.37,25.22
7,2,4,2025-02-22,662.01,1.37,713.86,24.75
8,5,4,2025-02-22,1358.44,0.46,867.59,22.53
1,1,5,2025-02-22,598.92,6.62,705.99,127.49
2,4,5,2025-02-22,647.1,2.28,544.66,140.73
3,1,5,2025-02-22,1126.58,11.87,1275.63,128.86
4,3,5,2025-02-22,1664.61,18.11,1725.9,138.89
5,1,5,2025-02-22,1025.9,12.64,1163.71,142.97
6,1,5,2025-02-22,622.14,6.33,721.44,121.65
7,2,5,2025-02-22,835.09,10.21,907.19,147.18
8,3,5,2025-02-22,1238.54,12.61,1267.27,138.13
1,1,1,2025-02-24,485.22,3.67,548.18,85.14
2,2,1,2025-02-24,722.69,5.87,809.44,98.84
3,1,1,2025-02-24,920.03,7.65,1043.74,93.59
4,3,1,2025-02-24,1908.62,11.91,2014.73,85.16
5,2,1,2025-02-24,869.01,6.07,949.31,85.36
6,2,1,2025-02-24,450.9,2.95,507.72,84.45
7,1,1,2025-02-24,755.22,6.1,858.31,98.2
8,5,1,2025-02-24,1401.12,1.75,917.13,84.39
1,1,2,2025-02-24,520.75,0.46,604.2,10.53
2,3,2,2025-02-24,940.82,0.78,1006.23,10.74
3,5,2,2025-02-24,595.18,0.09,375.64,10.44
4,3,2,2025-02-24,1974.6,1.63,2128.01,11.26
5,4,2,2025-02-24,1094.05,0.33,908.07,11.68
6,4,2,2025-02-24,557.19,0.15,463.45,11.44
7,4,2,2025-02-24,987.28,0.27,838.22,11.36
8,3,2,2025-02-24,1576.72,1.33,1618.22,11.1
1,1,3,2025-02-24,288.08,3.12,339.54,127.35
2,2,3,2025-02-24,997.63,9.74,1091.22,125.43
3,2,3,2025-02-24,456.99,4.76,500.58,125.47
4,3,3,2025-02-24,2198.2,23.37,2372.82,145.78
5,2,3,2025-02-24,936.44,9.79,1057.78,135.82
6,1,3,2025-02-24,311.87,3.48,360.94,135.52
7,4,3,2025-02-24,1016.54,3.45,874.82,130.77
8,5,3,2025-02-24,1772.71,3.39,1164.18,122.23
1,2,4,2025-02-24,742.37,3.56,792.88,62.54
2,2,4,2025-02-24,1079.17,4.64,1183.9,55.76
3,2,4,2025-02-24,928.32,4.08,1035.66,55.36
4,3,4,2025-02-24,1870.14,8.95,1950.75,65.94
5,2,4,2025-02-24,1299.25,6.51,1438.56,59.78
6,4,4,2025-02-24,708.01,1.14,593.13,63.63
7,2,4,2025-02-24,653.21,3.16,720.76,60.46
8,3,4,2025-02-24,1334.42,6.05,1408.3,60.97
1,4,5,2025-02-24,639.3,4.79,541.38,312.8
2,2,5,2025-02-24,682.1,16.43,774.3,299.4
3,1,5,2025-02-24,1099.35,31.08,1296.02,321.41
4,3,5,2025-02-24,1665.1,39.8,1801.01,307.81
5,2,5,2025-02-24,1022.96,27.62,1104.6,353.13
6,4,5,2025-02-24,632.65,4.87,555.41,323.28
7,2,5,2025-02-24,812.1,20.0,895.42,305.29
8,3,5,2025-02-24,1191.27,27.6,1222.24,322.47
1,4,1,2025-02-25,485.56,0.97,412.6,77.88
2,2,1,2025-02-25,737.86,4.76,808.24,82.35
3,2,1,2025-02-25,894.96,5.55,962.37,81.49
4,3,1,2025-02-25,1920.51,10.6,2017.65,71.79
5,1,1,2025-02-25,890.68,6.17,1022.41,77.99
6,4,1,2025-02-25,485.49,1.04,418.55,85.84
7,2,1,2025-02-25,782.36,4.54,855.1,75.59
8,3,1,2025-02-25,1485.25,8.26,1550.21,77.62
1,4,2,2025-02-25,565.7,0.18,486.5,13.21
2,3,2,2025-02-25,961.69,0.99,989.6,13.3
3,2,2,2025-02-25,629.09,0.59,674.6,12.15
4,5,2,2025-02-25,1953.25,0.36,1236.57,12.37
5,4,2,2025-02-25,1093.76,0.37,913.17,14.0
6,1,2,2025-02-25,525.98,0.53,588.5,11.86
7,2,2,2025-02-25,906.84,0.94,968.24,12.46
8,5,2,2025-02-25,1691.53,0.36,1087.34,14.12
1,2,3,2025-02-25,306.77,3.96,330.99,158.14
2,3,3,2025-02-25,1091.63,11.84,1166.6,144.55
3,1,3,2025-02-25,453.92,5.49,534.76,141.04
4,5,3,2025-02-25,2125.47,4.57,1392.9,149.72
5,4,3,2025-02-25,924.5,3.21,769.96,136.24
6,4,3,2025-02-25,289.83,1.15,251.02,157.85
7,4,3,2025-02-25,1052.45,3.98,875.98,152.21
8,5,3,2025-02-25,1774.86,4.09,1181.65,154.73
1,4,4,2025-02-25,711.91,1.15,590.19,64.04
2,2,4,2025-02-25,1057.02,6.06,1129.68,74.72
3,2,4,2025-02-25,904.24,5.53,970.82,74.38
4,3,4,2025-02-25,1941.19,9.06,1986.06,63.51
5,4,4,2025-02-25,1282.23,1.94,1108.19,62.41
6,2,4,2025-02-25,755.0,4.62,828.43,74.51
7,1,4,2025-02-25,678.59,4.29,774.87,74.41
8,5,4,2025-02-25,1336.63,1.52,849.9,72.86
1,2,5,2025-02-25,620.77,19.63,670.1,402.8
2,3,5,2025-02-25,650.39,18.95,694.17,374.36
3,5,5,2025-02-25,1204.9,6.66,794.75,358.18
4,3,5,2025-02-25,1641.28,44.0,1734.23,361.98
5,1,5,2025-02-25,1020.92,37.28,1168.44,422.41
6,2,5,2025-02-25,628.83,21.28,679.08,424.45
7,4,5,2025-02-25,816.71,8.67,694.84,429.12
8,5,5,2025-02-25,1228.59,7.32,800.2,378.64
1,4,1,2025-02-26,481.34,1.11,410.99,92.38
2,3,1,2025-02-26,694.48,4.95,751.52,94.36
3,2,1,2025-02-26,860.62,7.53,975.07,106.28
4,3,1,2025-02-26,1767.5,14.89,1877.41,107.47
5,2,1,2025-02-26,877.69,6.34,953.38,93.62
6,1,1,2025-02-26,460.52,4.24,531.64,104.35
7,4,1,2025-02-26,779.48,1.75,679.03,93.78
8,5,1,2025-02-26,1427.09,2.18,919.85,105.17
1,2,2,2025-02-26,539.01,0.35,609.56,7.93
2,3,2,2025-02-26,965.76,0.59,984.31,8.18
3,5,2,2025-02-26,601.31,0.07,382.57,8.23
4,5,2,2025-02-26,1950.41,0.26,1267.78,8.5
5,2,2,2025-02-26,1105.56,0.76,1217.72,8.62
6,1,2,2025-02-26,566.36,0.43,656.67,8.57
7,4,2,2025-02-26,994.6,0.17,869.77,7.24
8,5,2,2025-02-26,1682.41,0.21,1074.99,8.31
1,1,3,2025-02-26,313.57,4.05,351.86,150.94
2,3,3,2025-02-26,999.2,11.16,1073.83,148.87
3,5,3,2025-02-26,449.96,1.02,290.77,151.69
4,5,3,2025-02-26,2205.1,4.62,1406.29,145.24
5,2,3,2025-02-26,937.95,10.11,1029.3,139.38
6,2,3,2025-02-26,310.35,3.53,338.5,143.13
7,4,3,2025-02-26,1095.98,3.92,909.7,149.12
8,3,3,2025-02-26,1726.13,16.83,1770.55,124.59
1,4,4,2025-02-26,738.12,1.53,625.99,86.4
2,4,4,2025-02-26,1082.12,2.3,904.55,82.27
3,2,4,2025-02-26,904.64,5.51,1022.83,73.46
4,5,4,2025-02-26,2041.19,2.62,1352.81,86.19
5,4,4,2025-02-26,1337.0,2.72,1156.33,77.94
6,4,4,2025-02-26,704.42,1.47,611.62,85.64
7,2,4,2025-02-26,661.26,3.95,707.76,71.71
8,3,4,2025-02-26,1303.21,7.82,1395.44,77.6
1,4,5,2025-02-26,608.68,4.91,517.76,320.2
2,4,5,2025-02-26,680.78,5.55,592.69,321.73
3,5,5,2025-02-26,1141.85,6.32,754.63,372.92
4,5,5,2025-02-26,1768.71,9.07,1124.05,343.98
5,1,5,2025-02-26,1050.45,32.31,1237.19,351.81
6,4,5,2025-02-26,645.83,5.71,546.0,365.93
7,1,5,2025-02-26,815.43,23.77,947.08,338.51
8,3,5,2025-02-26,1264.76,34.35,1337.19,345.79
1,1,1,2025-02-27,481.39,3.9,559.12,95.76
2,3,1,2025-02-27,697.43,5.42,719.89,106.55
3,1,1,2025-02-27,920.37,8.48,1044.51,109.75
4,3,1,2025-02-27,1808.37,15.44,1915.69,112.4
5,4,1,2025-02-27,933.02,2.32,775.86,95.35
6,1,1,2025-02-27,459.78,4.18,529.9,111.56
7,2,1,2025-02-27,780.95,5.84,875.36,97.36
8,5,1,2025-02-27,1388.17,2.25,913.14,112.9
1,2,2,2025-02-27,561.04,0.44,604.7,9.82
2,3,2,2025-02-27,931.99,0.63,984.94,8.95
3,1,2,2025-02-27,596.27,0.46,706.19,9.26
4,3,2,2025-02-27,1979.97,1.55,2040.75,10.02
5,1,2,2025-02-27,1154.13,0.97,1304.77,9.6
6,2,2,2025-02-27,519.2,0.37,561.61,9.02
7,4,2,2025-02-27,968.2,0.21,808.19,8.85
8,3,2,2025-02-27,1625.01,1.15,1731.46,9.66
1,2,3,2025-02-27,298.08,3.15,324.34,126.71
2,2,3,2025-02-27,1069.64,10.49,1170.41,125.34
3,5,3,2025-02-27,463.19,0.79,296.46,118.36
4,5,3,2025-02-27,2185.36,3.81,1401.7,115.07
5,2,3,2025-02-27,961.68,9.08,1063.42,118.82
6,2,3,2025-02-27,311.94,3.07,352.55,123.75
7,4,3,2025-02-27,1024.07,2.95,891.1,114.23
8,5,3,2025-02-27,1781.7,2.96,1153.84,107.36
1,1,4,2025-02-27,709.76,2.85,810.51,46.46
2,3,4,2025-02-27,1010.34,3.53,1050.45,48.96
3,2,4,2025-02-27,906.07,3.46,971.26,48.99
4,5,4,2025-02-27,1969.85,1.45,1263.65,51.08
5,4,4,2025-02-27,1358.02,1.86,1159.87,53.92
6,4,4,2025-02-27,714.37,0.94,601.08,53.4
7,1,4,2025-02-27,620.73,2.56,704.78,50.74
8,3,4,2025-02-27,1299.25,4.54,1355.1,47.46
1,4,5,2025-02-27,590.32,3.76,506.05,247.94
2,2,5,2025-02-27,676.76,14.7,742.97,262.57
3,5,5,2025-02-27,1198.07,4.54,760.08,249.11
4,3,5,2025-02-27,1756.07,34.82,1826.32,269.74
5,2,5,2025-02-27,1039.54,22.65,1154.27,277.5
6,2,5,2025-02-27,607.5,14.62,677.25,300.96
7,1,5,2025-02-27,879.16,21.41,997.81,298.42
8,3,5,2025-02-27,1204.84,28.23,1285.16,301.49
1,1,1,2025-02-28,454.5,3.4,519.57,84.63
2,4,1,2025-02-28,755.25,1.92,633.48,98.03
3,1,1,2025-02-28,864.97,6.92,985.7,98.27
4,5,1,2025-02-28,1807.43,2.2,1172.56,84.25
5,1,1,2025-02-28,883.74,6.35,1038.68,83.85
6,2,1,2025-02-28,476.43,3.56,516.92,93.23
7,2,1,2025-02-28,762.1,5.92,851.02,98.79
8,3,1,2025-02-28,1390.81,10.12,1448.41,95.0
1,1,2,2025-02-28,548.61,0.51,615.06,11.19
2,3,2,2025-02-28,936.91,0.66,1002.65,9.65
3,1,2,2025-02-28,619.23,0.56,723.42,10.35
4,5,2,2025-02-28,2103.4,0.32,1338.89,10.29
5,4,2,2025-02-28,1104.65,0.28,932.58,9.9
6,2,2,2025-02-28,559.86,0.49,604.43,10.72
7,2,2,2025-02-28,942.69,0.87,1041.89,11.09
8,3,2,2025-02-28,1591.8,1.41,1645.49,11.49
1,2,3,2025-02-28,290.61,3.04,320.18,128.79
2,3,3,2025-02-28,1009.92,10.72,1043.51,143.63
3,2,3,2025-02-28,450.1,4.9,489.9,142.43
4,3,3,2025-02-28,2100.81,22.82,2166.71,138.86
5,1,3,2025-02-28,940.76,11.62,1083.2,144.87
6,2,3,2025-02-28,288.28,2.91,311.1,129.4
7,1,3,2025-02-28,1003.08,10.74,1125.0,128.99
8,3,3,2025-02-28,1759.58,20.6,1838.5,153.08
1,2,4,2025-02-28,691.29,4.3,750.66,74.95
2,2,4,2025-02-28,1015.46,5.55,1131.55,67.36
3,2,4,2025-02-28,921.05,4.85,1026.07,65.79
4,5,4,2025-02-28,1996.62,2.34,1272.58,76.65
5,4,4,2025-02-28,1244.03,2.17,1035.23,67.12
6,1,4,2025-02-28,731.95,4.18,866.57,70.57
7,1,4,2025-02-28,628.6,3.83,717.37,75.33
8,5,4,2025-02-28,1361.23,1.42,864.48,71.43
1,1,5,2025-02-28,624.17,22.23,723.76,405.41
2,2,5,2025-02-28,666.57,19.94,750.96,389.52
3,2,5,2025-02-28,1144.55,37.13,1244.86,386.54
4,5,5,2025-02-28,1658.1,9.41,1067.08,366.15
5,2,5,2025-02-28,1091.09,35.21,1233.55,389.47
6,4,5,2025-02-28,619.03,5.46,533.43,352.21
7,1,5,2025-02-28,890.68,30.42,1006.9,395.51
8,5,5,2025-02-28,1191.36,6.83,773.41,374.93
1,1,1,2025-03-01,481.49,1.1,558.63,25.71
2,3,1,2025-03-01,747.15,1.65,782.4,28.37
3,5,1,2025-03-01,870.75,0.38,560.43,29.64
4,5,1,2025-03-01,1932.37,0.73,1262.19,26.16
5,4,1,2025-03-01,885.89,0.62,751.2,28.01
6,2,1,2025-03-01,460.06,1.1,512.03,29.96
7,2,1,2025-03-01,763.57,1.65,843.16,27.52
8,3,1,2025-03-01,1421.53,2.88,1449.48,26.23
1,1,2,2025-03-01,524.74,0.11,603.06,2.52
2,2,2,2025-03-01,973.17,0.18,1054.55,2.44
3,2,2,2025-03-01,643.48,0.13,727.33,2.5
4,3,2,2025-03-01,2143.01,0.38,2281.65,2.46
5,2,2,2025-03-01,1159.8,0.19,1273.75,2.16
6,2,2,2025-03-01,526.43,0.1,575.59,2.45
7,1,2,2025-03-01,987.34,0.22,1113.21,2.56
8,5,2,2025-03-01,1679.52,0.06,1103.71,2.28
1,1,3,2025-03-01,292.5,1.34,333.1,55.62
2,3,3,2025-03-01,1057.0,4.62,1102.17,58.02
3,2,3,2025-03-01,431.82,2.0,475.74,56.87
4,5,3,2025-03-01,2193.04,1.82,1418.13,55.75
5,1,3,2025-03-01,989.19,4.42,1110.08,51.21
6,1,3,2025-03-01,303.46,1.37,349.89,54.33
7,1,3,2025-03-01,1062.69,5.73,1190.07,61.09
8,5,3,2025-03-01,1732.67,1.51,1144.36,58.49
1,4,4,2025-03-01,717.14,0.38,621.82,22.3
2,4,4,2025-03-01,1008.74,0.65,861.0,24.94
3,5,4,2025-03-01,884.82,0.3,581.29,22.33
4,3,4,2025-03-01,1989.31,3.69,2147.59,24.56
5,1,4,2025-03-01,1264.06,2.82,1436.6,25.34
6,2,4,2025-03-01,735.78,1.61,815.66,26.62
7,1,4,2025-03-01,624.96,1.18,702.62,22.03
8,3,4,2025-03-01,1315.87,2.12,1382.37,22.54
1,2,5,2025-03-01,592.45,5.6,671.92,119.24
2,2,5,2025-03-01,672.21,7.23,748.92,130.21
3,5,5,2025-03-01,1163.47,2.25,742.7,127.25
4,3,5,2025-03-01,1644.03,16.75,1725.11,135.23
5,2,5,2025-03-01,1027.89,9.85,1122.97,118.68
6,2,5,2025-03-01,613.25,6.32,672.68,134.1
7,2,5,2025-03-01,820.09,7.79,897.46,123.41
8,5,5,2025-03-01,1191.76,2.41,772.86,132.88
1,2,1,2025-03-03,491.75,3.56,534.65,88.53
2,2,1,2025-03-03,709.76,5.42,774.7,95.44
3,5,1,2025-03-03,902.26,1.17,574.73,89.33
4,5,1,2025-03-03,1842.5,2.54,1218.68,95.49
5,4,1,2025-03-03,882.26,2.0,757.16,87.21
6,2,1,2025-03-03,491.74,3.47,548.69,90.99
7,4,1,2025-03-03,770.65,1.66,648.85,89.55
8,5,1,2025-03-03,1462.25,1.99,924.19,94.98
1,4,2,2025-03-03,521.6,0.12,454.99,9.83
2,3,2,2025-03-03,962.72,0.75,1036.27,10.11
3,1,2,2025-03-03,595.54,0.6,680.24,11.5
4,5,2,2025-03-03,2136.59,0.3,1350.29,9.75
5,4,2,2025-03-03,1100.88,0.31,954.97,11.25
6,1,2,2025-03-03,530.34,0.49,627.92,11.11
7,4,2,2025-03-03,955.36,0.24,820.85,10.04
8,3,2,2025-03-03,1600.7,1.23,1711.96,9.97
1,1,3,2025-03-03,287.58,3.89,324.49,152.08
2,2,3,2025-03-03,1082.55,15.48,1186.22,181.3
3,5,3,2025-03-03,466.4,1.16,312.49,162.72
4,5,3,2025-03-03,2131.83,5.23,1386.71,158.24
5,2,3,2025-03-03,961.26,12.6,1031.75,170.05
6,2,3,2025-03-03,303.76,4.42,328.6,180.65
7,4,3,2025-03-03,1028.81,3.88,881.06,155.23
8,5,3,2025-03-03,1714.06,4.5,1137.17,178.88
1,2,4,2025-03-03,734.64,4.48,831.63,73.45
2,2,4,2025-03-03,1053.61,6.44,1167.55,76.24
3,2,4,2025-03-03,890.93,5.33,957.93,73.27
4,5,4,2025-03-03,2035.2,2.73,1286.27,88.2
5,2,4,2025-03-03,1268.91,8.1,1366.43,77.74
6,4,4,2025-03-03,742.81,1.48,647.65,77.66
7,1,4,2025-03-03,632.82,4.13,746.3,73.53
8,3,4,2025-03-03,1329.19,7.27,1416.43,73.5
1,1,5,2025-03-03,644.03,20.88,755.38,396.11
2,2,5,2025-03-03,619.81,20.05,683.35,398.4
3,2,5,2025-03-03,1182.38,39.36,1339.1,427.75
4,3,5,2025-03-03,1746.51,55.54,1877.8,422.57
5,4,5,2025-03-03,1069.28,9.59,905.59,359.46
6,2,5,2025-03-03,632.12,19.69,684.44,392.21
7,2,5,2025-03-03,817.53,27.69,895.72,407.0
8,5,5,2025-03-03,1242.07,6.58,813.83,362.63
1,1,1,2025-03-04,465.91,3.5,537.99,85.8
2,2,1,2025-03-04,755.35,4.55,847.3,73.75
3,1,1,2025-03-04,860.1,5.77,979.04,80.67
4,3,1,2025-03-04,1942.15,10.9,2059.3,75.63
5,4,1,2025-03-04,861.91,1.68,733.02,77.59
6,4,1,2025-03-04,484.73,1.11,411.33,88.17
7,2,1,2025-03-04,783.11,5.29,870.32,86.25
8,5,1,2025-03-04,1423.73,1.69,917.4,82.35
1,2,2,2025-03-04,551.1,0.55,595.56,12.68
2,2,2,2025-03-04,1013.46,0.99,1118.49,12.43
3,1,2,2025-03-04,612.09,0.66,724.25,13.16
4,5,2,2025-03-04,2080.73,0.37,1352.46,12.26
5,1,2,2025-03-04,1123.58,1.18,1328.33,12.59
6,1,2,2025-03-04,528.07,0.57,620.65,12.65
7,2,2,2025-03-04,944.68,0.87,1049.25,11.69
8,3,2,2025-03-04,1676.47,1.45,1806.59,11.21
1,4,3,2025-03-04,307.63,1.12,258.88,141.46
2,4,3,2025-03-04,1020.24,3.45,874.59,132.42
3,2,3,2025-03-04,462.72,6.03,520.16,158.79
4,5,3,2025-03-04,2299.54,5.36,1539.71,158.9
5,4,3,2025-03-04,946.53,3.53,806.65,148.37
6,1,3,2025-03-04,313.81,4.07,356.93,145.29
7,1,3,2025-03-04,1026.97,12.93,1218.23,151.59
8,5,3,2025-03-04,1770.76,3.85,1142.29,143.17
1,4,4,2025-03-04,702.04,1.23,579.8,68.02
2,3,4,2025-03-04,1057.19,4.93,1089.28,63.64
3,2,4,2025-03-04,856.55,3.89,934.87,59.52
4,3,4,2025-03-04,1932.18,9.31,2077.81,67.05
5,4,4,2025-03-04,1275.82,1.86,1102.24,60.25
6,2,4,2025-03-04,702.69,3.61,758.57,65.93
7,4,4,2025-03-04,660.14,1.05,550.98,62.47
8,5,4,2025-03-04,1360.79,1.25,861.56,59.95
1,4,5,2025-03-04,650.5,6.71,567.91,433.86
2,3,5,2025-03-04,652.63,17.16,672.71,360.12
3,5,5,2025-03-04,1143.54,6.63,737.89,397.07
4,5,5,2025-03-04,1755.95,10.35,1138.78,410.54
5,2,5,2025-03-04,1012.52,31.87,1106.91,382.46
6,2,5,2025-03-04,644.64,20.8,704.54,386.27
7,1,5,2025-03-04,821.13,26.22,972.06,360.11
8,3,5,2025-03-04,1200.78,32.99,1280.92,373.34
1,4,1,2025-03-05,470.38,0.94,393.62,81.05
2,4,1,2025-03-05,686.35,1.41,601.51,83.36
3,1,1,2025-03-05,940.97,7.31,1087.41,87.07
4,5,1,2025-03-05,1857.21,2.13,1229.24,73.71
5,4,1,2025-03-05,897.51,1.79,752.95,80.14
6,4,1,2025-03-05,460.27,0.85,398.13,75.67
7,2,1,2025-03-05,729.82,4.7,812.96,76.8
8,5,1,2025-03-05,1483.76,1.88,956.39,85.81
1,4,2,2025-03-05,517.13,0.13,432.53,10.39
2,3,2,2025-03-05,953.52,0.85,1026.89,11.39
3,1,2,2025-03-05,637.14,0.57,716.93,10.49
4,5,2,2025-03-05,2110.65,0.32,1364.45,10.35
5,4,2,2025-03-05,1205.57,0.33,1041.59,10.85
6,1,2,2025-03-05,560.33,0.44,635.35,9.65
7,4,2,2025-03-05,970.08,0.25,842.93,10.62
8,5,2,2025-03-05,1571.45,0.23,1022.42,9.98
1,4,3,2025-03-05,312.56,1.26,265.42,163.42
2,4,3,2025-03-05,1022.85,3.65,887.54,144.95
3,2,3,2025-03-05,454.12,5.9,487.56,154.73
4,5,3,2025-03-05,2298.98,5.72,1516.91,163.62
5,2,3,2025-03-05,929.98,10.79,1005.17,150.51
6,4,3,2025-03-05,312.49,1.23,273.27,164.4
7,4,3,2025-03-05,1059.77,4.13,892.34,156.46
8,3,3,2025-03-05,1801.56,21.71,1847.39,153.86
1,2,4,2025-03-05,719.52,3.42,793.32,59.31
2,4,4,2025-03-05,1086.13,1.71,913.67,64.24
3,1,4,2025-03-05,940.82,4.95,1107.49,59.23
4,3,4,2025-03-05,1936.45,9.39,2011.24,62.31
5,2,4,2025-03-05,1272.02,5.99,1394.75,60.23
6,1,4,2025-03-05,704.77,4.44,823.67,70.65
7,1,4,2025-03-05,660.82,3.3,776.13,60.52
8,3,4,2025-03-05,1286.19,7.11,1354.43,70.45
1,1,5,2025-03-05,589.41,16.79,669.89,351.73
2,4,5,2025-03-05,645.22,5.06,549.52,326.16
3,1,5,2025-03-05,1174.87,34.34,1387.01,357.45
4,5,5,2025-03-05,1659.72,9.24,1095.96,353.84
5,1,5,2025-03-05,1099.19,33.48,1247.15,349.83
6,1,5,2025-03-05,609.28,16.72,710.16,330.27
7,4,5,2025-03-05,864.63,6.64,754.7,301.71
8,3,5,2025-03-05,1241.67,34.35,1293.02,358.32
1,4,1,2025-03-06,477.57,1.04,409.95,91.39
2,2,1,2025-03-06,701.71,5.03,759.86,86.44
3,1,1,2025-03-06,878.88,6.09,1025.84,79.05
4,5,1,2025-03-06,1781.88,2.24,1159.88,87.27
5,4,1,2025-03-06,922.45,1.69,787.41,76.53
6,1,1,2025-03-06,479.87,3.21,556.54,77.14
7,4,1,2025-03-06,756.29,1.65,649.6,87.32
8,3,1,2025-03-06,1504.79,10.63,1596.87,90.77
1,2,2,2025-03-06,556.02,0.29,611.0,6.6
2,2,2,2025-03-06,952.46,0.58,1064.38,7.37
3,2,2,2025-03-06,649.1,0.34,697.62,6.51
4,5,2,2025-03-06,2143.54,0.22,1384.82,6.97
5,1,2,2025-03-06,1181.47,0.7,1357.89,6.73
6,2,2,2025-03-06,550.11,0.26,594.84,6.11
7,2,2,2025-03-06,908.28,0.51,988.25,7.12
8,5,2,2025-03-06,1700.99,0.17,1076.14,6.65
1,2,3,2025-03-06,306.85,3.08,334.98,121.53
2,3,3,2025-03-06,1020.74,10.37,1091.13,134.98
3,1,3,2025-03-06,470.15,5.04,545.63,128.4
4,3,3,2025-03-06,2299.06,19.34,2455.79,113.53
5,2,3,2025-03-06,989.16,10.52,1099.66,132.25
6,4,3,2025-03-06,291.31,0.97,253.67,126.44
7,2,3,2025-03-06,1087.77,10.65,1227.37,118.75
8,5,3,2025-03-06,1784.41,3.31,1126.76,126.88
1,1,4,2025-03-06,738.37,3.99,864.74,63.54
2,2,4,2025-03-06,1013.98,4.79,1134.29,60.69
3,1,4,2025-03-06,858.04,4.99,980.31,66.36
4,5,4,2025-03-06,1878.08,1.82,1190.74,66.24
5,1,4,2025-03-06,1300.59,7.44,1453.38,65.77
6,4,4,2025-03-06,743.78,1.16,641.68,64.53
7,2,4,2025-03-06,630.13,3.19,686.51,64.54
8,3,4,2025-03-06,1323.29,5.97,1429.22,62.68
1,4,5,2025-03-06,618.23,4.12,542.5,278.08
2,4,5,2025-03-06,635.61,4.5,542.7,277.69
3,2,5,2025-03-06,1094.48,25.12,1197.9,290.03
4,3,5,2025-03-06,1691.89,35.62,1808.39,294.72
5,2,5,2025-03-06,1036.33,24.71,1131.7,293.87
6,4,5,2025-03-06,649.5,4.19,566.34,266.72
7,2,5,2025-03-06,857.94,18.08,965.86,266.05
8,3,5,2025-03-06,1194.87,25.74,1275.66,289.82
1,1,1,2025-03-07,448.22,3.27,527.98,85.05
2,3,1,2025-03-07,733.71,4.88,773.37,86.13
3,2,1,2025-03-07,941.35,5.82,1035.28,77.62
4,3,1,2025-03-07,1927.93,11.18,1979.85,80.73
5,1,1,2025-03-07,869.59,6.15,997.31,86.02
6,1,1,2025-03-07,448.34,2.97,525.96,80.71
7,2,1,2025-03-07,722.99,5.05,772.81,88.08
8,3,1,2025-03-07,1440.64,8.85,1529.5,78.58
1,4,2,2025-03-07,530.41,0.16,441.91,12.13
2,3,2,2025-03-07,982.28,0.79,1044.77,10.59
3,5,2,2025-03-07,626.48,0.1,403.13,11.19
4,3,2,2025-03-07,1981.17,1.74,2057.59,11.73
5,1,2,2025-03-07,1109.79,1.02,1261.97,10.28
6,1,2,2025-03-07,523.76,0.46,587.8,10.34
7,4,2,2025-03-07,947.03,0.24,807.92,10.48
8,3,2,2025-03-07,1624.42,1.2,1683.66,10.16
1,2,3,2025-03-07,302.53,3.7,332.5,151.16
2,3,3,2025-03-07,1056.42,12.43,1117.03,161.73
3,1,3,2025-03-07,460.38,5.74,518.57,150.35
4,5,3,2025-03-07,2162.64,5.43,1387.91,165.83
5,4,3,2025-03-07,985.28,3.99,822.08,162.58
6,1,3,2025-03-07,314.67,3.98,355.89,144.42
7,1,3,2025-03-07,1047.42,12.07,1240.24,141.56
8,3,3,2025-03-07,1802.11,21.35,1874.12,155.38
1,4,4,2025-03-07,738.72,1.0,638.68,54.61
2,4,4,2025-03-07,1047.32,1.45,892.31,55.43
3,5,4,2025-03-07,930.8,0.92,617.51,62.85
4,3,4,2025-03-07,2016.28,8.81,2154.39,58.3
5,4,4,2025-03-07,1250.63,1.97,1042.99,62.21
6,2,4,2025-03-07,745.59,3.57,817.08,60.72
7,4,4,2025-03-07,653.89,1.08,552.39,63.34
8,3,4,2025-03-07,1408.48,6.48,1467.2,63.31
1,1,5,2025-03-07,589.35,16.91,676.61,351.93
2,3,5,2025-03-07,650.18,15.73,692.05,330.17
3,5,5,2025-03-07,1147.55,5.83,736.82,332.43
4,3,5,2025-03-07,1780.09,53.88,1921.04,389.45
5,4,5,2025-03-07,1063.89,9.68,927.64,365.09
6,4,5,2025-03-07,639.06,5.05,558.77,332.01
7,1,5,2025-03-07,867.48,26.11,976.63,342.16
8,3,5,2025-03-07,1194.51,32.2,1227.61,375.86
1,4,1,2025-03-08,459.54,0.46,396.5,39.74
2,3,1,2025-03-08,744.28,2.18,791.71,39.71
3,5,1,2025-03-08,919.99,0.47,604.11,36.13
4,5,1,2025-03-08,1912.48,1.05,1267.59,38.38
5,4,1,2025-03-08,868.28,0.74,718.14,35.39
6,4,1,2025-03-08,455.84,0.41,393.5,37.17
7,1,1,2025-03-08,735.84,2.26,844.95,37.57
8,3,1,2025-03-08,1459.6,3.88,1495.29,36.85
1,4,2,2025-03-08,517.67,0.04,427.37,2.93
2,2,2,2025-03-08,1008.3,0.23,1081.3,2.87
3,5,2,2025-03-08,647.48,0.03,432.06,2.92
4,3,2,2025-03-08,2100.72,0.49,2189.81,3.18
5,2,2,2025-03-08,1112.97,0.25,1204.17,2.82
6,1,2,2025-03-08,527.73,0.13,598.16,2.85
7,2,2,2025-03-08,927.63,0.23,1011.17,3.03
8,5,2,2025-03-08,1704.37,0.08,1137.75,3.15
1,4,3,2025-03-08,296.57,0.41,255.6,56.31
2,3,3,2025-03-08,1065.33,4.53,1108.58,57.92
3,5,3,2025-03-08,452.32,0.39,294.59,58.61
4,3,3,2025-03-08,2146.81,8.52,2202.66,55.53
5,4,3,2025-03-08,962.46,1.33,809.84,55.61
6,4,3,2025-03-08,296.34,0.4,255.39,56.88
7,4,3,2025-03-08,1035.18,1.51,879.09,60.37
8,5,3,2025-03-08,1826.62,1.47,1173.81,51.42
1,2,4,2025-03-08,723.37,1.39,801.54,24.2
2,4,4,2025-03-08,1057.98,0.6,917.5,22.74
3,2,4,2025-03-08,920.1,1.73,1006.36,23.51
4,3,4,2025-03-08,2041.8,3.89,2195.71,24.78
5,4,4,2025-03-08,1249.02,0.69,1066.79,22.7
6,4,4,2025-03-08,686.06,0.41,596.87,23.1
7,4,4,2025-03-08,678.79,0.38,585.87,21.65
8,3,4,2025-03-08,1372.06,2.4,1405.49,24.37
1,1,5,2025-03-08,638.69,7.08,714.07,134.96
2,2,5,2025-03-08,630.53,6.29,681.83,127.16
3,1,5,2025-03-08,1142.7,13.33,1320.18,142.18
4,5,5,2025-03-08,1615.84,2.95,1054.2,126.81
5,2,5,2025-03-08,1070.87,12.83,1203.03,147.32
6,4,5,2025-03-08,604.05,2.2,509.01,147.43
7,1,5,2025-03-08,841.49,9.19,979.45,131.37
8,5,5,2025-03-08,1262.12,2.55,829.57,137.01
1,4,1,2025-03-10,447.76,0.87,375.18,79.98
2,3,1,2025-03-10,708.47,4.25,755.93,79.05
3,1,1,2025-03-10,913.1,5.18,1032.68,68.88
4,5,1,2025-03-10,1774.68,1.87,1129.8,72.53
5,2,1,2025-03-10,889.81,5.36,1006.61,79.02
6,2,1,2025-03-10,454.94,2.65,489.4,72.74
7,1,1,2025-03-10,738.47,4.95,845.3,77.71
8,3,1,2025-03-10,1400.83,7.23,1488.01,68.74
1,1,2,2025-03-10,539.25,0.5,630.37,11.06
2,3,2,2025-03-10,972.65,0.74,1040.21,10.62
3,2,2,2025-03-10,620.13,0.54,696.35,10.69
4,5,2,2025-03-10,1970.39,0.28,1300.76,9.47
5,4,2,2025-03-10,1101.7,0.26,948.18,9.13
6,2,2,2025-03-10,523.67,0.46,574.6,10.76
7,1,2,2025-03-10,946.65,0.77,1086.16,9.19
8,3,2,2025-03-10,1714.21,1.32,1782.47,10.5
1,2,3,2025-03-10,308.01,3.08,336.0,127.83
2,3,3,2025-03-10,999.34,10.36,1056.71,136.34
3,2,3,2025-03-10,460.44,5.18,498.15,142.18
4,3,3,2025-03-10,2117.73,20.83,2277.36,131.26
5,2,3,2025-03-10,994.83,11.37,1117.33,146.64
6,4,3,2025-03-10,309.61,1.06,261.56,143.25
7,1,3,2025-03-10,1012.91,13.51,1193.45,154.78
8,5,3,2025-03-10,1802.27,3.93,1181.98,147.67
1,2,4,2025-03-10,714.42,4.13,775.15,69.1
2,4,4,2025-03-10,1075.48,1.96,940.25,69.97
3,1,4,2025-03-10,906.38,6.54,1045.8,83.96
4,3,4,2025-03-10,1987.88,10.44,2052.29,69.51
5,2,4,2025-03-10,1270.72,7.81,1398.8,79.29
6,1,4,2025-03-10,727.53,5.2,826.23,82.66
7,2,4,2025-03-10,630.96,4.14,685.55,80.71
8,5,4,2025-03-10,1363.38,1.68,871.87,83.67
1,1,5,2025-03-10,632.96,17.37,741.75,319.33
2,4,5,2025-03-10,671.25,5.85,567.42,344.15
3,2,5,2025-03-10,1147.19,30.9,1251.98,342.1
4,5,5,2025-03-10,1640.8,8.91,1070.76,362.17
5,1,5,2025-03-10,1068.16,27.84,1258.29,321.68
6,1,5,2025-03-10,628.15,18.0,713.73,342.35
7,4,5,2025-03-10,838.88,6.67,723.13,324.12
8,3,5,2025-03-10,1206.99,31.52,1275.73,343.95
1,2,1,2025-03-11,493.3,3.29,545.35,79.61
2,3,1,2025-03-11,755.26,4.88,788.09,85.81
3,1,1,2025-03-11,863.73,6.4,998.51,83.04
4,3,1,2025-03-11,1917.51,13.98,2072.19,92.7
5,4,1,2025-03-11,891.77,2.04,763.26,92.42
6,2,1,2025-03-11,482.71,3.54,537.94,90.29
7,4,1,2025-03-11,769.63,1.64,650.63,84.79
8,5,1,2025-03-11,1449.25,1.96,939.68,87.36
1,1,2,2025-03-11,534.6,0.33,624.58,7.09
2,4,2,2025-03-11,947.88,0.2,813.17,8.52
3,2,2,2025-03-11,614.44,0.4,661.31,8.09
4,3,2,2025-03-11,2070.41,1.34,2151.19,8.24
5,1,2,2025-03-11,1111.64,0.78,1313.14,8.07
6,1,2,2025-03-11,553.12,0.4,638.18,8.48
7,1,2,2025-03-11,983.28,0.61,1156.28,7.34
8,3,2,2025-03-11,1645.41,0.98,1689.68,8.21
1,1,3,2025-03-11,311.83,3.66,354.76,138.53
2,4,3,2025-03-11,1044.08,3.52,886.53,139.55
3,5,3,2025-03-11,432.5,0.96,289.14,150.21
4,3,3,2025-03-11,2143.87,23.65,2286.2,153.68
5,4,3,2025-03-11,966.8,4.01,840.93,157.95
6,1,3,2025-03-11,308.49,4.37,357.49,160.62
7,4,3,2025-03-11,1079.04,4.1,892.15,151.48
8,5,3,2025-03-11,1859.0,3.86,1232.97,134.19
1,4,4,2025-03-11,739.35,1.17,629.38,61.86
2,4,4,2025-03-11,1043.7,1.69,906.17,67.26
3,5,4,2025-03-11,922.82,0.79,597.05,58.66
4,5,4,2025-03-11,1880.18,1.7,1205.21,60.33
5,2,4,2025-03-11,1318.46,6.38,1450.21,58.18
6,1,4,2025-03-11,738.5,3.94,841.38,61.6
7,2,4,2025-03-11,662.97,3.45,741.42,64.47
8,3,4,2025-03-11,1352.94,6.06,1426.58,57.57
1,4,5,2025-03-11,607.06,5.63,523.25,384.4
2,3,5,2025-03-11,663.85,17.56,713.53,365.23
3,1,5,2025-03-11,1109.35,31.53,1290.31,338.34
4,3,5,2025-03-11,1759.66,45.7,1797.04,358.88
5,2,5,2025-03-11,1073.22,33.37,1177.92,370.33
6,4,5,2025-03-11,644.8,6.32,554.05,386.35
7,4,5,2025-03-11,834.22,7.44,711.21,344.13
8,3,5,2025-03-11,1296.35,34.14,1354.85,351.73
1,4,1,2025-03-12,491.01,0.82,410.99,68.18
2,3,1,2025-03-12,727.82,3.87,751.04,73.62
3,2,1,2025-03-12,896.34,5.69,1006.94,76.21
4,3,1,2025-03-12,1894.65,9.28,2005.16,68.48
5,2,1,2025-03-12,900.67,5.06,1012.1,67.18
6,4,1,2025-03-12,487.51,0.9,416.66,77.02
7,1,1,2025-03-12,730.85,4.49,863.4,74.59
8,3,1,2025-03-12,1410.61,7.52,1524.5,73.46
1,2,2,2025-03-12,542.81,0.39,609.04,9.3
2,2,2,2025-03-12,1019.8,0.75,1102.21,9.38
3,1,2,2025-03-12,625.31,0.54,720.82,10.29
4,3,2,2025-03-12,2012.87,1.52,2064.97,10.4
5,1,2,2025-03-12,1147.24,0.92,1327.22,9.31
6,2,2,2025-03-12,543.74,0.46,584.28,10.29
7,2,2,2025-03-12,976.35,0.77,1081.46,9.51
8,5,2,2025-03-12,1731.22,0.25,1109.87,9.62
1,4,3,2025-03-12,290.3,1.04,254.62,143.76
2,3,3,2025-03-12,1025.24,10.93,1089.45,144.47
3,5,3,2025-03-12,441.4,0.98,295.46,141.83
4,5,3,2025-03-12,2091.43,4.86,1360.01,154.84
5,1,3,2025-03-12,908.73,10.72,1073.45,141.6
6,2,3,2025-03-12,295.27,3.63,320.43,148.92
7,1,3,2025-03-12,1077.6,12.4,1227.46,135.32
8,5,3,2025-03-12,1728.53,3.61,1129.16,137.81
1,1,4,2025-03-12,707.31,3.98,798.17,66.81
2,2,4,2025-03-12,1061.56,5.89,1202.18,66.32
3,5,4,2025-03-12,908.57,0.98,581.37,70.02
4,5,4,2025-03-12,1944.54,2.18,1237.48,76.27
5,2,4,2025-03-12,1329.47,7.92,1446.4,75.89
6,4,4,2025-03-12,712.34,1.28,602.56,70.02
7,2,4,2025-03-12,640.48,4.05,716.66,75.55
8,3,4,2025-03-12,1393.0,7.11,1441.89,66.96
1,2,5,2025-03-12,590.47,15.92,655.54,340.98
2,4,5,2025-03-12,630.46,5.14,550.02,326.28
3,1,5,2025-03-12,1101.06,30.86,1303.73,322.5
4,5,5,2025-03-12,1776.85,10.33,1149.58,376.91
5,4,5,2025-03-12,1048.64,8.76,887.29,330.79
6,1,5,2025-03-12,592.48,16.94,682.83,335.11
7,2,5,2025-03-12,816.94,21.48,892.66,320.69
8,5,5,2025-03-12,1290.54,7.26,844.82,371.88
1,4,1,2025-03-13,450.64,0.95,389.76,83.78
2,3,1,2025-03-13,724.08,5.19,744.8,93.88
3,1,1,2025-03-13,933.37,7.46,1103.95,91.79
4,5,1,2025-03-13,1924.94,2.62,1228.01,87.32
5,2,1,2025-03-13,875.49,5.83,991.25,85.84
6,2,1,2025-03-13,458.5,3.24,493.82,92.65
7,2,1,2025-03-13,744.55,5.75,836.35,93.68
8,3,1,2025-03-13,1509.88,9.54,1580.28,88.49
1,1,2,2025-03-13,564.83,0.37,651.16,7.86
2,3,2,2025-03-13,987.33,0.57,1040.83,7.51
3,5,2,2025-03-13,637.4,0.07,422.96,7.36
4,3,2,2025-03-13,2065.15,1.14,2128.26,7.27
5,1,2,2025-03-13,1180.72,0.71,1353.95,7.21
6,4,2,2025-03-13,521.22,0.09,445.09,7.06
7,2,2,2025-03-13,952.63,0.6,1043.73,7.59
8,3,2,2025-03-13,1633.74,0.87,1704.17,7.01
1,1,3,2025-03-13,291.76,3.15,331.48,130.15
2,4,3,2025-03-13,1078.12,3.64,900.97,132.93
3,5,3,2025-03-13,469.14,1.02,307.21,142.46
4,3,3,2025-03-13,2260.06,20.4,2306.81,124.31
5,4,3,2025-03-13,992.23,2.86,836.68,119.91
6,1,3,2025-03-13,294.82,3.1,334.62,127.2
7,2,3,2025-03-13,1014.65,11.46,1145.87,145.04
8,5,3,2025-03-13,1714.91,3.82,1090.32,142.05
1,2,4,2025-03-13,685.83,3.78,741.94,66.56
2,2,4,2025-03-13,1044.42,4.93,1141.29,60.75
3,1,4,2025-03-13,863.36,4.43,1006.94,57.97
4,3,4,2025-03-13,1884.26,8.62,2007.63,58.4
5,2,4,2025-03-13,1332.46,6.17,1509.05,59.73
6,4,4,2025-03-13,709.91,1.01,602.34,58.97
7,1,4,2025-03-13,642.2,3.48,721.52,61.01
8,5,4,2025-03-13,1410.17,1.39,936.14,66.17
1,2,5,2025-03-13,603.22,17.04,679.79,347.86
2,3,5,2025-03-13,618.53,17.34,668.68,365.45
3,1,5,2025-03-13,1108.68,30.12,1250.25,317.61
4,3,5,2025-03-13,1638.84,38.97,1734.06,332.38
5,1,5,2025-03-13,1088.47,31.52,1249.47,345.16
6,1,5,2025-03-13,614.99,16.37,696.12,312.64
7,4,5,2025-03-13,822.94,7.11,688.15,359.75
8,5,5,2025-03-13,1213.01,5.89,806.62,327.96
1,4,1,2025-03-14,461.59,0.89,402.14,78.17
2,2,1,2025-03-14,736.92,4.01,813.29,68.71
3,5,1,2025-03-14,920.03,0.92,593.0,69.09
4,3,1,2025-03-14,1774.54,10.39,1861.36,81.2
5,2,1,2025-03-14,932.05,5.35,1032.43,74.52
6,4,1,2025-03-14,446.53,0.85,374.59,73.62
7,2,1,2025-03-14,761.73,4.44,849.58,71.99
8,5,1,2025-03-14,1448.96,1.73,921.14,78.87
1,4,2,2025-03-14,520.01,0.12,431.0,9.8
2,2,2,2025-03-14,1001.29,0.7,1084.98,8.61
3,2,2,2025-03-14,600.45,0.44,679.38,9.29
4,5,2,2025-03-14,2103.28,0.26,1380.41,8.34
5,4,2,2025-03-14,1177.19,0.29,1018.69,9.63
6,4,2,2025-03-14,515.59,0.11,428.93,8.46
7,1,2,2025-03-14,981.86,0.7,1096.16,8.53
8,5,2,2025-03-14,1647.33,0.22,1091.18,8.72
1,4,3,2025-03-14,297.17,0.97,250.03,130.51
2,3,3,2025-03-14,1009.87,8.83,1088.5,113.56
3,2,3,2025-03-14,472.35,4.14,532.43,111.35
4,5,3,2025-03-14,2235.91,4.05,1455.74,122.79
5,1,3,2025-03-14,976.79,9.26,1127.64,117.05
6,1,3,2025-03-14,291.81,2.81,338.02,117.79
7,2,3,2025-03-14,1010.76,9.27,1116.66,115.18
8,3,3,2025-03-14,1883.93,17.79,2017.43,130.01
1,4,4,2025-03-14,698.03,0.93,576.55,55.11
2,4,4,2025-03-14,1075.68,1.43,918.19,51.86
3,5,4,2025-03-14,902.25,0.73,577.3,54.7
4,3,4,2025-03-14,1925.52,6.63,2038.57,47.47
5,4,4,2025-03-14,1264.41,1.81,1077.83,56.04
6,4,4,2025-03-14,714.53,0.83,624.85,48.53
7,2,4,2025-03-14,636.77,2.97,717.62,55.74
8,5,4,2025-03-14,1325.96,1.05,840.2,53.89
1,4,5,2025-03-14,623.46,4.62,535.83,284.46
2,2,5,2025-03-14,621.35,13.92,699.96,290.3
3,1,5,2025-03-14,1137.49,26.42,1318.61,275.47
4,3,5,2025-03-14,1756.84,37.25,1822.58,270.21
5,2,5,2025-03-14,1010.46,26.15,1091.62,309.77
6,2,5,2025-03-14,597.83,13.27,666.14,282.33
7,4,5,2025-03-14,833.95,5.75,709.8,272.11
8,5,5,2025-03-14,1224.85,5.15,795.61,273.42
1,1,1,2025-03-15,487.87,1.27,574.05,30.0
2,2,1,2025-03-15,711.47,1.68,781.38,30.78
3,5,1,2025-03-15,870.16,0.4,565.35,29.74
4,5,1,2025-03-15,1799.06,0.74,1176.8,26.28
5,4,1,2025-03-15,932.86,0.65,792.89,27.07
6,4,1,2025-03-15,491.77,0.35,427.39,28.1
7,2,1,2025-03-15,775.67,1.93,860.75,29.87
8,5,1,2025-03-15,1438.35,0.69,911.72,30.46
1,1,2,2025-03-15,551.51,0.14,623.67,3.03
2,3,2,2025-03-15,996.23,0.22,1059.16,2.8
3,5,2,2025-03-15,626.61,0.03,416.37,3.08
4,5,2,2025-03-15,1956.13,0.08,1282.39,2.8
5,1,2,2025-03-15,1158.7,0.28,1321.4,2.81
6,4,2,2025-03-15,551.3,0.04,474.77,3.1
7,1,2,2025-03-15,935.49,0.26,1080.59,3.21
8,3,2,2025-03-15,1722.63,0.42,1838.92,3.23
1,4,3,2025-03-15,312.24,0.37,267.88,49.02
2,3,3,2025-03-15,1007.87,4.39,1073.38,56.35
3,2,3,2025-03-15,443.64,1.88,502.25,53.88
4,5,3,2025-03-15,2188.12,1.55,1464.47,47.27
5,2,3,2025-03-15,975.52,3.8,1097.02,48.45
6,4,3,2025-03-15,294.66,0.37,255.62,50.95
7,2,3,2025-03-15,1087.45,4.42,1213.97,50.25
8,3,3,2025-03-15,1766.98,6.9,1810.22,49.96
1,2,4,2025-03-15,706.53,1.5,772.01,27.34
2,3,4,2025-03-15,1087.38,2.19,1137.76,27.28
3,2,4,2025-03-15,922.93,2.17,991.88,29.87
4,5,4,2025-03-15,2029.72,0.87,1339.82,28.46
5,4,4,2025-03-15,1258.13,0.84,1043.54,28.01
6,4,4,2025-03-15,727.05,0.53,609.45,29.42
7,4,4,2025-03-15,639.61,0.41,540.14,26.56
8,5,4,2025-03-15,1365.31,0.6,872.98,29.94
1,1,5,2025-03-15,604.25,6.0,676.44,111.39
2,2,5,2025-03-15,671.66,6.87,728.09,131.2
3,5,5,2025-03-15,1185.83,1.94,792.96,111.15
4,5,5,2025-03-15,1757.45,3.12,1147.72,117.59
5,2,5,2025-03-15,1017.04,9.67,1125.14,120.08
6,2,5,2025-03-15,635.3,6.64,712.95,124.59
7,2,5,2025-03-15,844.16,8.2,915.06,116.4
8,5,5,2025-03-15,1197.13,2.19,794.18,124.26
1,4,1,2025-03-17,458.1,0.95,401.33,86.18
2,4,1,2025-03-17,735.0,1.52,637.68,86.13
3,1,1,2025-03-17,919.81,7.08,1062.29,89.25
4,3,1,2025-03-17,1843.58,11.47,1950.43,86.8
5,2,1,2025-03-17,908.2,5.95,971.21,78.08
6,2,1,2025-03-17,472.77,2.9,532.39,77.96
7,1,1,2025-03-17,717.28,5.29,814.77,83.03
8,5,1,2025-03-17,1514.87,2.08,984.66,89.42
1,4,2,2025-03-17,554.28,0.11,475.78,8.34
2,3,2,2025-03-17,983.76,0.68,1037.37,9.31
3,5,2,2025-03-17,647.67,0.08,425.62,8.36
4,5,2,2025-03-17,2124.36,0.3,1401.98,9.85
5,4,2,2025-03-17,1106.26,0.28,942.08,9.86
6,4,2,2025-03-17,521.71,0.12,450.81,8.45
7,1,2,2025-03-17,981.9,0.71,1144.78,8.15
8,5,2,2025-03-17,1582.2,0.23,1056.2,9.8
1,2,3,2025-03-17,309.15,3.46,348.72,140.14
2,2,3,2025-03-17,1007.57,11.47,1135.1,139.39
3,2,3,2025-03-17,431.58,4.58,471.99,136.67
4,3,3,2025-03-17,2164.74,24.54,2209.03,150.78
5,4,3,2025-03-17,908.29,3.36,754.44,145.19
6,1,3,2025-03-17,313.91,3.66,360.22,144.39
7,1,3,2025-03-17,1081.5,13.21,1213.29,145.5
8,3,3,2025-03-17,1743.93,18.62,1801.63,147.02
1,2,4,2025-03-17,690.98,4.2,755.2,78.78
2,2,4,2025-03-17,1091.1,7.17,1177.84,79.14
3,1,4,2025-03-17,928.29,6.0,1096.34,75.17
4,3,4,2025-03-17,2009.9,10.8,2092.01,73.14
5,1,4,2025-03-17,1311.71,7.59,1481.53,70.94
6,1,4,2025-03-17,755.81,5.52,892.55,82.38
7,4,4,2025-03-17,671.57,1.41,577.26,80.32
8,3,4,2025-03-17,1328.18,7.18,1421.92,73.96
1,1,5,2025-03-17,638.23,15.64,758.93,301.56
2,3,5,2025-03-17,670.21,18.43,721.7,359.2
3,1,5,2025-03-17,1189.99,31.31,1406.06,304.84
4,5,5,2025-03-17,1743.68,8.74,1110.61,341.51
5,1,5,2025-03-17,1028.26,29.47,1177.83,340.39
6,2,5,2025-03-17,590.48,14.53,657.19,305.73
7,2,5,2025-03-17,849.8,23.36,949.01,351.01
8,3,5,2025-03-17,1253.44,29.62,1303.86,301.56
1,4,1,2025-03-18,481.65,1.0,405.5,85.63
2,2,1,2025-03-18,722.47,4.35,780.68,76.78
3,5,1,2025-03-18,859.72,1.2,567.36,89.92
4,3,1,2025-03-18,1851.62,11.6,1911.76,87.48
5,2,1,2025-03-18,940.5,7.0,1009.02,91.05
6,1,1,2025-03-18,469.78,3.46,526.51,85.63
7,2,1,2025-03-18,727.95,5.32,777.89,87.62
8,3,1,2025-03-18,1473.14,9.93,1517.72,91.44
1,2,2,2025-03-18,557.63,0.43,596.74,9.32
2,2,2,2025-03-18,989.68,0.76,1116.33,9.8
3,5,2,2025-03-18,624.37,0.1,398.71,10.26
4,5,2,2025-03-18,2031.39,0.27,1310.72,8.63
5,1,2,2025-03-18,1186.42,0.97,1374.86,9.54
6,2,2,2025-03-18,515.26,0.4,573.34,10.07
7,1,2,2025-03-18,963.07,0.75,1106.87,8.83
8,3,2,2025-03-18,1656.1,1.14,1786.5,8.93
1,4,3,2025-03-18,312.92,0.97,263.52,123.21
2,4,3,2025-03-18,1024.96,3.36,892.46,132.34
3,1,3,2025-03-18,470.26,5.08,530.19,127.15
4,3,3,2025-03-18,2193.17,18.55,2350.03,115.95
5,1,3,2025-03-18,910.44,9.67,1044.54,130.65
6,2,3,2025-03-18,298.14,2.81,320.17,116.79
7,4,3,2025-03-18,1078.01,3.09,907.23,117.95
8,3,3,2025-03-18,1880.75,17.95,2026.02,121.78
1,2,4,2025-03-18,717.27,4.81,784.28,87.72
2,3,4,2025-03-18,1050.59,6.12,1093.02,76.74
3,5,4,2025-03-18,894.5,1.12,573.07,87.23
4,5,4,2025-03-18,1961.09,2.32,1241.25,75.41
5,4,4,2025-03-18,1243.47,2.41,1071.59,81.49
6,4,4,2025-03-18,751.16,1.43,623.93,79.09
7,1,4,2025-03-18,617.88,3.67,706.64,73.14
8,3,4,2025-03-18,1398.2,8.55,1472.98,85.46
1,1,5,2025-03-18,629.23,19.5,734.13,349.32
2,3,5,2025-03-18,662.06,16.31,687.33,315.49
3,2,5,2025-03-18,1162.95,30.52,1279.22,312.8
4,3,5,2025-03-18,1692.22,42.86,1757.54,347.3
5,4,5,2025-03-18,1015.81,9.41,886.11,352.97
6,2,5,2025-03-18,634.88,15.85,682.61,318.39
7,2,5,2025-03-18,867.91,21.98,952.66,325.48
8,5,5,2025-03-18,1213.51,5.99,788.81,316.72
1,2,1,2025-03-19,467.36,3.31,509.71,89.8
2,3,1,2025-03-19,693.58,4.68,738.48,92.4
3,5,1,2025-03-19,872.51,1.31,571.77,98.71
4,5,1,2025-03-19,1858.92,2.67,1219.32,96.7
5,1,1,2025-03-19,890.35,6.94,1022.07,91.3
6,4,1,2025-03-19,465.87,0.99,405.96,86.33
7,4,1,2025-03-19,741.32,1.65,628.7,92.17
8,3,1,2025-03-19,1433.47,9.97,1528.32,94.92
1,4,2,2025-03-19,554.54,0.1,479.92,6.94
2,2,2,2025-03-19,971.31,0.54,1044.83,6.71
3,2,2,2025-03-19,608.61,0.36,679.01,7.33
4,3,2,2025-03-19,2086.12,1.07,2125.92,7.14
5,1,2,2025-03-19,1130.62,0.62,1289.11,6.2
6,4,2,2025-03-19,521.13,0.09,439.37,6.36
7,2,2,2025-03-19,957.93,0.55,1066.68,7.19
8,5,2,2025-03-19,1617.53,0.17,1075.45,7.16
1,1,3,2025-03-19,297.46,4.1,336.95,160.1
2,4,3,2025-03-19,1063.51,4.3,924.21,165.43
3,1,3,2025-03-19,471.43,6.35,542.32,164.29
4,3,3,2025-03-19,2119.83,24.39,2183.33,155.29
5,1,3,2025-03-19,958.19,14.02,1100.1,174.59
6,4,3,2025-03-19,290.46,1.3,254.92,171.61
7,4,3,2025-03-19,1033.6,3.81,872.93,153.98
8,3,3,2025-03-19,1734.29,19.65,1784.2,152.72
1,4,4,2025-03-19,698.19,1.24,604.48,72.29
2,2,4,2025-03-19,1034.74,6.39,1147.39,77.21
3,5,4,2025-03-19,892.6,0.91,569.86,65.74
4,5,4,2025-03-19,2044.0,2.22,1314.59,76.09
5,1,4,2025-03-19,1241.76,6.91,1424.45,66.72
6,2,4,2025-03-19,708.3,4.0,787.2,67.2
7,4,4,2025-03-19,622.72,1.07,545.09,71.12
8,3,4,2025-03-19,1381.68,6.52,1486.63,63.63
1,2,5,2025-03-19,613.08,18.87,673.64,393.8
2,3,5,2025-03-19,669.7,20.96,703.3,405.8
3,2,5,2025-03-19,1107.72,31.78,1200.01,367.34
4,5,5,2025-03-19,1660.33,10.65,1054.73,410.33
5,4,5,2025-03-19,1093.4,11.55,905.95,406.4
6,1,5,2025-03-19,638.99,18.16,733.41,349.21
7,1,5,2025-03-19,856.11,25.05,963.64,359.06
8,3,5,2025-03-19,1279.56,36.66,1312.48,366.96
1,4,1,2025-03-20,475.93,1.17,414.41,98.97
2,4,1,2025-03-20,691.62,1.5,577.95,85.16
3,5,1,2025-03-20,938.39,1.24,595.51,86.33
4,5,1,2025-03-20,1903.94,2.38,1206.84,87.21
5,2,1,2025-03-20,911.29,6.5,1015.91,86.46
6,2,1,2025-03-20,474.96,3.21,528.94,86.34
7,1,1,2025-03-20,745.69,5.6,883.08,92.26
8,5,1,2025-03-20,1398.36,2.04,920.4,92.9
1,4,2,2025-03-20,554.13,0.13,478.33,8.97
2,2,2,2025-03-20,946.92,0.75,1048.07,9.82
3,5,2,2025-03-20,628.72,0.08,404.92,9.02
4,3,2,2025-03-20,2056.26,1.59,2127.0,9.86
5,1,2,2025-03-20,1099.94,0.8,1282.71,8.73
6,4,2,2025-03-20,553.81,0.13,482.08,9.43
7,2,2,2025-03-20,903.64,0.7,999.37,10.03
8,5,2,2025-03-20,1682.68,0.26,1098.34,9.76
1,4,3,2025-03-20,310.19,1.1,264.46,138.57
2,3,3,2025-03-20,1029.03,10.83,1097.78,139.64
3,1,3,2025-03-20,453.93,4.83,522.44,127.15
4,5,3,2025-03-20,2161.36,5.02,1397.61,148.24
5,2,3,2025-03-20,945.46,10.07,1036.41,129.93
6,1,3,2025-03-20,311.2,3.87,367.65,148.02
7,1,3,2025-03-20,1039.44,11.49,1208.49,126.35
8,3,3,2025-03-20,1737.19,19.3,1772.6,152.43
1,2,4,2025-03-20,694.79,3.73,760.1,70.43
2,3,4,2025-03-20,1084.63,6.2,1118.44,77.95
3,5,4,2025-03-20,920.14,1.04,586.31,71.82
4,3,4,2025-03-20,1921.41,10.1,2043.1,67.06
5,4,4,2025-03-20,1272.61,2.29,1101.99,68.94
6,2,4,2025-03-20,719.32,4.63,784.45,79.45
7,2,4,2025-03-20,661.96,3.66,712.74,71.77
8,5,4,2025-03-20,1328.55,1.44,844.71,70.96
1,4,5,2025-03-20,649.17,6.33,552.17,391.88
2,2,5,2025-03-20,678.9,25.19,769.85,445.57
3,5,5,2025-03-20,1197.81,8.69,783.97,469.98
4,5,5,2025-03-20,1733.72,12.63,1148.79,463.91
5,4,5,2025-03-20,1099.47,11.27,923.0,406.12
6,1,5,2025-03-20,619.29,21.39,717.78,426.8
7,1,5,2025-03-20,840.15,28.0,972.67,399.2
8,5,5,2025-03-20,1262.82,9.17,812.05,462.97
1,2,1,2025-03-21,464.81,3.05,518.68,79.76
2,3,1,2025-03-21,745.04,4.22,789.32,77.48
3,2,1,2025-03-21,887.06,6.21,993.35,87.03
4,5,1,2025-03-21,1847.17,2.35,1179.53,81.82
5,4,1,2025-03-21,871.94,2.03,732.79,92.18
6,1,1,2025-03-21,481.07,3.36,546.95,79.79
7,2,1,2025-03-21,744.22,5.12,807.88,90.39
8,3,1,2025-03-21,1420.43,8.32,1485.19,76.97
1,2,2,2025-03-21,538.11,0.43,596.51,10.35
2,4,2,2025-03-21,946.38,0.22,825.59,9.46
3,2,2,2025-03-21,606.11,0.48,653.34,9.96
4,3,2,2025-03-21,2013.67,1.25,2092.43,8.64
5,2,2,2025-03-21,1134.91,0.85,1252.26,9.21
6,4,2,2025-03-21,536.45,0.12,459.15,9.23
7,1,2,2025-03-21,963.64,0.78,1077.67,9.23
8,3,2,2025-03-21,1686.76,1.26,1816.57,9.97
1,1,3,2025-03-21,289.55,3.54,329.31,137.65
2,3,3,2025-03-21,1099.59,10.84,1173.29,132.59
3,2,3,2025-03-21,445.53,4.42,500.0,125.03
4,3,3,2025-03-21,2210.58,20.24,2274.86,125.77
5,2,3,2025-03-21,924.1,9.4,988.83,124.87
6,4,3,2025-03-21,310.29,0.96,260.32,129.5
7,1,3,2025-03-21,1097.25,13.44,1249.94,149.48
8,5,3,2025-03-21,1846.07,3.73,1219.93,141.69
1,2,4,2025-03-21,685.69,3.52,735.4,64.66
2,2,4,2025-03-21,1059.42,4.99,1131.52,58.39
3,5,4,2025-03-21,862.26,0.86,571.94,66.73
4,5,4,2025-03-21,1893.99,1.85,1249.52,62.45
5,2,4,2025-03-21,1269.53,6.07,1425.22,60.44
6,4,4,2025-03-21,702.45,1.06,593.7,58.23
7,4,4,2025-03-21,636.05,0.9,546.01,56.16
8,5,4,2025-03-21,1310.12,1.11,831.82,57.2
1,1,5,2025-03-21,601.41,18.96,709.87,362.01
2,4,5,2025-03-21,631.43,5.63,538.45,363.66
3,5,5,2025-03-21,1164.5,6.56,747.82,361.77
4,3,5,2025-03-21,1667.68,40.78,1736.95,336.75
5,2,5,2025-03-21,1096.91,30.1,1245.61,349.04
6,4,5,2025-03-21,635.74,6.14,546.63,387.05
7,4,5,2025-03-21,880.38,7.55,768.36,339.04
8,3,5,2025-03-21,1264.91,37.91,1366.36,382.5
1,2,1,2025-03-22,467.42,1.32,502.1,33.82
2,3,1,2025-03-22,699.5,1.58,751.37,30.34
3,1,1,2025-03-22,880.2,2.44,984.38,33.33
4,3,1,2025-03-22,1813.38,4.37,1948.62,30.81
5,1,1,2025-03-22,865.83,2.56,1013.6,33.22
6,2,1,2025-03-22,454.71,1.11,499.17,29.83
7,4,1,2025-03-22,764.62,0.56,652.64,30.87
8,3,1,2025-03-22,1483.56,3.2,1574.68,30.1
1,1,2,2025-03-22,515.01,0.17,580.76,4.0
2,2,2,2025-03-22,987.52,0.28,1103.88,3.68
3,2,2,2025-03-22,633.01,0.21,686.63,4.23
4,5,2,2025-03-22,2144.95,0.12,1420.2,3.8
5,4,2,2025-03-22,1097.57,0.12,936.27,4.1
6,4,2,2025-03-22,539.38,0.05,446.05,3.83
7,2,2,2025-03-22,910.9,0.3,1004.71,3.94
8,5,2,2025-03-22,1676.17,0.1,1066.37,3.95
1,4,3,2025-03-22,304.18,0.34,256.92,43.99
2,3,3,2025-03-22,1078.07,3.43,1158.85,41.66
3,5,3,2025-03-22,451.9,0.29,295.8,43.57
4,3,3,2025-03-22,2163.22,7.04,2306.4,43.55
5,4,3,2025-03-22,918.11,0.94,797.57,40.72
6,4,3,2025-03-22,289.35,0.32,249.91,43.4
7,4,3,2025-03-22,1012.15,1.17,870.69,47.65
8,3,3,2025-03-22,1858.22,7.05,1956.77,48.23
1,4,4,2025-03-22,691.47,0.44,593.75,24.43
2,2,4,2025-03-22,1075.17,2.49,1182.23,28.12
3,2,4,2025-03-22,920.87,2.13,1006.89,28.73
4,5,4,2025-03-22,1895.22,0.74,1250.65,26.31
5,1,4,2025-03-22,1264.36,2.9,1471.27,27.9
6,1,4,2025-03-22,735.57,1.91,861.49,29.25
7,2,4,2025-03-22,626.88,1.3,679.16,24.8
8,5,4,2025-03-22,1323.39,0.51,883.67,25.54
1,1,5,2025-03-22,590.46,5.15,667.48,106.68
2,4,5,2025-03-22,622.14,1.82,527.23,111.91
3,2,5,2025-03-22,1168.58,10.03,1274.5,106.2
4,5,5,2025-03-22,1650.44,2.9,1072.09,116.04
5,4,5,2025-03-22,1059.8,3.38,901.81,121.94
6,2,5,2025-03-22,590.92,6.0,646.82,122.44
7,4,5,2025-03-22,872.93,2.55,759.88,115.9
8,5,5,2025-03-22,1311.83,2.37,866.64,114.89
1,1,1,2025-03-24,468.82,2.93,547.33,76.84
2,4,1,2025-03-24,729.45,1.26,614.54,69.99
3,5,1,2025-03-24,943.56,0.96,623.93,69.08
4,5,1,2025-03-24,1797.56,1.92,1142.8,74.81
5,4,1,2025-03-24,925.28,1.9,787.25,82.81
6,2,1,2025-03-24,459.41,2.92,507.28,77.17
7,4,1,2025-03-24,716.15,1.41,609.02,77.48
8,5,1,2025-03-24,1420.04,1.48,914.11,71.04
1,1,2,2025-03-24,550.09,0.36,632.02,8.0
2,2,2,2025-03-24,931.56,0.59,1049.73,7.72
3,2,2,2025-03-24,591.72,0.32,658.12,6.85
4,5,2,2025-03-24,1994.39,0.22,1328.42,7.23
5,1,2,2025-03-24,1111.41,0.67,1286.27,6.77
6,1,2,2025-03-24,536.66,0.33,599.49,7.12
7,4,2,2025-03-24,987.78,0.18,835.57,7.12
8,3,2,2025-03-24,1613.52,0.89,1650.07,7.4
1,2,3,2025-03-24,311.33,4.06,344.41,163.39
2,2,3,2025-03-24,1092.69,14.3,1179.42,170.05
3,5,3,2025-03-24,435.91,0.99,285.02,148.57
4,5,3,2025-03-24,2195.13,5.79,1434.91,173.07
5,1,3,2025-03-24,955.67,11.73,1076.59,149.7
6,4,3,2025-03-24,296.72,1.14,246.03,154.12
7,4,3,2025-03-24,1067.42,4.08,929.33,160.88
8,3,3,2025-03-24,1767.52,19.85,1825.47,150.07
1,4,4,2025-03-24,718.18,1.24,606.92,71.69
2,4,4,2025-03-24,1063.34,1.96,913.52,77.17
3,5,4,2025-03-24,868.09,0.98,581.31,75.75
4,3,4,2025-03-24,1962.9,10.32,2103.76,68.36
5,2,4,2025-03-24,1356.89,8.25,1516.04,76.72
6,1,4,2025-03-24,746.69,4.6,868.46,76.04
7,2,4,2025-03-24,642.9,3.92,718.56,73.53
8,3,4,2025-03-24,1347.21,7.94,1407.42,78.47
1,4,5,2025-03-24,598.75,6.03,520.62,411.39
2,3,5,2025-03-24,656.49,19.65,701.79,396.73
3,1,5,2025-03-24,1181.39,35.96,1345.07,366.28
4,5,5,2025-03-24,1666.59,9.98,1073.22,406.25
5,2,5,2025-03-24,1051.2,34.38,1173.78,394.21
6,4,5,2025-03-24,623.73,6.58,542.66,418.1
7,1,5,2025-03-24,847.39,26.65,969.69,370.4
8,3,5,2025-03-24,1218.95,34.37,1267.49,384.7
1,4,1,2025-03-25,457.21,1.1,383.32,97.6
2,2,1,2025-03-25,709.09,5.06,781.78,86.44
3,2,1,2025-03-25,880.07,6.56,950.96,91.68
4,3,1,2025-03-25,1905.92,12.92,2024.49,93.31
5,4,1,2025-03-25,903.85,2.02,772.74,86.71
6,1,1,2025-03-25,452.01,3.53,513.03,93.93
7,4,1,2025-03-25,771.75,1.79,662.57,95.87
8,5,1,2025-03-25,1431.87,1.93,955.41,87.98
1,2,2,2025-03-25,542.02,0.3,587.44,6.8
2,3,2,2025-03-25,1010.69,0.58,1041.5,8.02
3,2,2,2025-03-25,646.52,0.39,714.82,7.25
4,5,2,2025-03-25,2052.28,0.22,1372.57,7.2
5,4,2,2025-03-25,1205.4,0.22,1017.7,7.45
6,1,2,2025-03-25,520.55,0.31,616.47,6.76
7,1,2,2025-03-25,982.98,0.59,1114.8,6.99
8,3,2,2025-03-25,1720.25,0.95,1848.75,7.59
1,4,3,2025-03-25,286.8,0.87,247.93,116.0
2,3,3,2025-03-25,1042.63,9.42,1100.6,119.0
3,2,3,2025-03-25,469.25,4.46,502.71,122.09
4,5,3,2025-03-25,2257.72,4.17,1457.94,117.52
5,4,3,2025-03-25,961.05,3.16,829.79,137.21
6,2,3,2025-03-25,309.29,2.81,339.58,116.33
7,1,3,2025-03-25,1045.75,10.09,1183.82,117.36
8,3,3,2025-03-25,1710.57,16.58,1836.32,130.08
1,2,4,2025-03-25,716.12,4.04,784.15,68.14
2,3,4,2025-03-25,1043.97,5.84,1104.5,75.44
3,2,4,2025-03-25,857.07,5.05,953.42,75.82
4,5,4,2025-03-25,2006.47,2.14,1304.56,72.34
5,4,4,2025-03-25,1285.43,2.22,1069.87,71.17
6,1,4,2025-03-25,727.27,4.57,851.73,74.86
7,1,4,2025-03-25,631.67,3.67,736.64,69.89
8,3,4,2025-03-25,1333.72,8.1,1416.86,77.44
1,4,5,2025-03-25,604.13,5.02,525.47,333.68
2,3,5,2025-03-25,654.66,14.58,687.87,311.98
3,2,5,2025-03-25,1197.06,27.52,1298.51,294.64
4,5,5,2025-03-25,1769.97,7.84,1132.9,305.58
5,4,5,2025-03-25,1065.23,8.99,926.91,327.36
6,2,5,2025-03-25,611.6,15.85,693.35,337.74
7,1,5,2025-03-25,859.81,23.12,994.18,324.39
8,5,5,2025-03-25,1244.14,5.95,799.77,307.72
1,1,1,2025-03-26,457.27,3.46,518.45,88.92
2,2,1,2025-03-26,728.71,5.62,820.52,93.74
3,5,1,2025-03-26,870.83,1.27,580.02,93.29
4,3,1,2025-03-26,1760.68,13.46,1802.78,100.93
5,1,1,2025-03-26,879.21,7.32,1029.21,97.63
6,4,1,2025-03-26,482.26,1.12,421.34,96.52
7,1,1,2025-03-26,771.52,5.66,876.18,89.17
8,3,1,2025-03-26,1450.13,10.73,1493.19,99.7
1,2,2,2025-03-26,521.42,0.43,585.18,9.9
2,4,2,2025-03-26,1007.75,0.27,867.48,10.61
3,5,2,2025-03-26,604.39,0.1,382.71,10.99
4,5,2,2025-03-26,1975.36,0.3,1283.27,10.23
5,2,2,2025-03-26,1155.79,1.07,1268.95,11.17
6,4,2,2025-03-26,563.94,0.15,485.71,10.38
7,4,2,2025-03-26,940.99,0.25,783.94,10.16
8,5,2,2025-03-26,1588.33,0.22,1063.12,9.7
1,2,3,2025-03-26,288.47,3.86,315.34,169.26
2,2,3,2025-03-26,1030.53,11.55,1130.81,147.16
3,5,3,2025-03-26,461.27,1.08,305.43,155.03
4,3,3,2025-03-26,2232.8,24.54,2277.87,150.4
5,1,3,2025-03-26,988.35,12.38,1152.93,148.86
6,2,3,2025-03-26,311.47,3.84,335.06,155.45
7,1,3,2025-03-26,1091.69,15.44,1223.76,169.84
8,5,3,2025-03-26,1873.69,4.92,1188.06,168.72
1,2,4,2025-03-26,709.54,4.81,801.78,85.01
2,3,4,2025-03-26,1004.61,6.06,1056.09,81.94
3,1,4,2025-03-26,944.29,6.46,1071.85,78.8
4,3,4,2025-03-26,1951.85,12.57,2043.96,87.02
5,2,4,2025-03-26,1338.81,9.12,1454.6,84.13
6,1,4,2025-03-26,741.69,5.65,867.22,86.25
7,2,4,2025-03-26,667.14,4.22,744.78,76.93
8,3,4,2025-03-26,1417.32,8.66,1473.8,78.92
1,4,5,2025-03-26,616.27,5.4,515.39,358.89
2,2,5,2025-03-26,623.56,16.57,670.65,335.62
3,2,5,2025-03-26,1093.89,27.63,1184.6,318.38
4,3,5,2025-03-26,1687.57,46.24,1744.6,348.29
5,1,5,2025-03-26,1014.66,27.5,1190.76,311.81
6,1,5,2025-03-26,618.04,20.63,714.99,376.67
7,1,5,2025-03-26,864.4,26.4,1012.09,365.02
8,5,5,2025-03-26,1293.82,7.1,846.2,374.91
1,4,1,2025-03-27,462.04,1.06,397.43,91.47
2,4,1,2025-03-27,726.46,1.72,628.55,91.78
3,1,1,2025-03-27,875.36,5.95,997.24,80.09
4,5,1,2025-03-27,1849.79,2.54,1235.55,92.52
5,2,1,2025-03-27,927.15,6.45,1024.16,84.26
6,1,1,2025-03-27,487.9,3.63,576.46,84.1
7,4,1,2025-03-27,753.17,1.66,637.78,86.12
8,5,1,2025-03-27,1420.87,1.81,948.94,83.99
1,4,2,2025-03-27,516.58,0.12,437.47,8.67
2,3,2,2025-03-27,946.1,0.61,1019.58,8.95
3,1,2,2025-03-27,608.1,0.49,717.38,8.98
4,5,2,2025-03-27,2068.13,0.28,1327.11,8.83
5,4,2,2025-03-27,1185.02,0.26,1012.98,8.71
6,1,2,2025-03-27,518.44,0.37,583.78,8.25
7,2,2,2025-03-27,949.3,0.66,1063.63,8.27
8,3,2,2025-03-27,1731.15,1.02,1777.81,8.1
1,2,3,2025-03-27,305.36,3.56,340.83,142.87
2,2,3,2025-03-27,1001.75,11.2,1072.96,142.21
3,5,3,2025-03-27,431.21,0.74,288.13,119.71
4,3,3,2025-03-27,2287.35,24.06,2369.57,140.4
5,2,3,2025-03-27,960.97,10.53,1044.83,132.54
6,1,3,2025-03-27,298.87,3.46,351.12,141.14
7,4,3,2025-03-27,1007.59,3.46,833.45,134.66
8,5,3,2025-03-27,1829.7,3.88,1180.04,136.99
1,4,4,2025-03-27,706.06,1.1,597.68,60.19
2,2,4,2025-03-27,1080.9,5.49,1169.02,62.45
3,2,4,2025-03-27,868.38,3.62,960.84,54.37
4,3,4,2025-03-27,1881.3,8.72,2002.42,64.22
5,2,4,2025-03-27,1335.15,6.52,1488.61,60.59
6,2,4,2025-03-27,713.51,3.68,793.65,63.42
7,4,4,2025-03-27,655.7,1.01,556.96,63.51
8,3,4,2025-03-27,1331.67,5.62,1360.97,57.12
1,2,5,2025-03-27,613.15,16.45,697.15,336.6
2,4,5,2025-03-27,673.57,5.45,583.51,313.61
3,5,5,2025-03-27,1141.07,5.44,746.5,305.06
4,3,5,2025-03-27,1616.26,42.42,1691.83,334.74
5,2,5,2025-03-27,1089.43,25.47,1175.81,306.32
6,4,5,2025-03-27,626.44,5.64,542.33,345.76
7,2,5,2025-03-27,810.77,18.27,886.56,285.7
8,5,5,2025-03-27,1229.65,5.53,823.58,291.75
1,1,1,2025-03-28,456.42,3.51,533.42,89.04
2,4,1,2025-03-28,703.69,1.59,602.11,90.11
3,5,1,2025-03-28,872.7,1.3,552.15,97.09
4,5,1,2025-03-28,1857.18,2.57,1195.62,96.84
5,2,1,2025-03-28,908.04,6.99,1019.72,100.69
6,2,1,2025-03-28,490.17,3.95,531.56,99.75
7,2,1,2025-03-28,775.11,5.27,873.63,87.02
8,3,1,2025-03-28,1495.93,10.77,1561.76,95.23
1,1,2,2025-03-28,541.66,0.44,621.12,9.19
2,3,2,2025-03-28,931.22,0.62,995.67,9.21
3,5,2,2025-03-28,639.49,0.1,415.77,10.22
4,5,2,2025-03-28,2105.12,0.33,1374.97,10.46
5,4,2,2025-03-28,1168.55,0.27,977.54,9.69
6,2,2,2025-03-28,543.28,0.43,586.97,9.78
7,4,2,2025-03-28,943.3,0.22,800.91,9.78
8,3,2,2025-03-28,1588.93,1.24,1684.25,10.63
1,4,3,2025-03-28,292.71,0.86,253.19,118.74
2,3,3,2025-03-28,1007.75,10.26,1062.21,138.35
3,5,3,2025-03-28,456.26,0.77,290.52,116.56
4,3,3,2025-03-28,2299.79,20.6,2453.41,116.3
5,2,3,2025-03-28,994.19,9.3,1070.03,117.5
6,4,3,2025-03-28,298.96,0.89,251.66,117.72
7,1,3,2025-03-28,1034.91,9.96,1213.47,116.96
8,5,3,2025-03-28,1840.56,3.85,1230.91,137.82
1,1,4,2025-03-28,755.43,4.24,870.7,67.14
2,4,4,2025-03-28,1053.65,1.97,903.25,71.69
3,1,4,2025-03-28,885.62,5.44,995.06,70.41
4,5,4,2025-03-28,1893.91,1.95,1251.65,67.54
5,4,4,2025-03-28,1325.66,2.68,1150.07,78.86
6,2,4,2025-03-28,724.14,4.06,791.07,71.39
7,1,4,2025-03-28,619.86,3.58,692.97,67.51
8,5,4,2025-03-28,1370.08,1.5,916.08,70.78
1,2,5,2025-03-28,594.28,20.94,660.94,436.42
2,2,5,2025-03-28,656.04,21.43,728.36,406.23
3,2,5,2025-03-28,1106.27,39.49,1231.79,433.79
4,3,5,2025-03-28,1668.05,53.26,1793.58,434.71
5,1,5,2025-03-28,1096.1,41.26,1280.45,421.86
6,2,5,2025-03-28,650.96,21.05,741.15,390.48
7,4,5,2025-03-28,838.42,8.76,711.92,408.26
8,3,5,2025-03-28,1310.16,39.57,1410.2,394.33
1,4,1,2025-03-29,474.84,0.31,394.02,26.49
2,3,1,2025-03-29,739.3,1.27,780.06,23.85
3,5,1,2025-03-29,927.03,0.32,615.06,23.42
4,3,1,2025-03-29,1907.64,3.6,2026.17,24.99
5,2,1,2025-03-29,936.57,1.84,1024.55,25.53
6,1,1,2025-03-29,461.16,1.0,525.34,26.62
7,4,1,2025-03-29,716.4,0.42,612.35,22.62
8,3,1,2025-03-29,1506.75,2.62,1573.39,22.49
1,1,2,2025-03-29,527.27,0.17,617.11,3.78
2,2,2,2025-03-29,963.74,0.28,1072.92,3.48
3,1,2,2025-03-29,628.11,0.17,731.39,3.35
4,3,2,2025-03-29,2098.76,0.63,2169.17,3.95
5,2,2,2025-03-29,1093.11,0.32,1223.72,3.73
6,1,2,2025-03-29,539.6,0.16,624.8,3.52
7,2,2,2025-03-29,920.78,0.27,1007.1,3.73
8,5,2,2025-03-29,1717.77,0.09,1140.43,3.55
1,1,3,2025-03-29,306.21,1.21,342.14,46.09
2,2,3,2025-03-29,1040.08,3.69,1119.05,45.47
3,1,3,2025-03-29,464.15,2.03,526.31,49.24
4,3,3,2025-03-29,2140.79,7.06,2190.58,46.04
5,2,3,2025-03-29,915.13,3.5,1011.65,45.73
6,4,3,2025-03-29,291.31,0.33,246.68,44.69
7,2,3,2025-03-29,1019.17,3.75,1140.8,45.02
8,5,3,2025-03-29,1768.52,1.28,1162.26,47.6
1,2,4,2025-03-29,731.74,1.39,799.83,24.69
2,2,4,2025-03-29,1088.84,2.19,1197.27,24.69
3,2,4,2025-03-29,894.37,1.56,963.89,21.9
4,3,4,2025-03-29,1998.42,3.37,2049.52,23.15
5,2,4,2025-03-29,1253.29,2.19,1338.63,22.02
6,4,4,2025-03-29,688.7,0.39,575.89,22.83
7,1,4,2025-03-29,662.25,1.24,756.85,22.01
8,3,4,2025-03-29,1347.35,2.21,1438.8,22.75
1,4,5,2025-03-29,619.13,1.66,527.39,102.95
2,2,5,2025-03-29,624.64,5.7,696.2,113.91
3,2,5,2025-03-29,1191.63,10.23,1304.42,109.44
4,3,5,2025-03-29,1711.42,14.69,1774.73,117.47
5,1,5,2025-03-29,1077.06,10.38,1248.42,112.75
6,4,5,2025-03-29,646.15,1.89,533.73,111.86
7,1,5,2025-03-29,835.33,8.08,965.91,113.22
8,3,5,2025-03-29,1247.63,9.79,1328.41,102.26
1,2,1,2025-03-31,458.3,4.0,509.23,108.24
2,4,1,2025-03-31,744.62,1.95,618.4,104.1
3,2,1,2025-03-31,911.22,7.88,1025.1,109.99
4,5,1,2025-03-31,1844.71,2.63,1180.03,96.74
5,4,1,2025-03-31,856.48,2.01,712.88,93.38
6,2,1,2025-03-31,487.23,3.71,552.99,96.0
7,1,1,2025-03-31,720.2,6.89,840.45,112.02
8,3,1,2025-03-31,1484.51,10.29,1536.91,96.28
1,4,2,2025-03-31,535.09,0.12,465.53,8.65
2,2,2,2025-03-31,940.16,0.65,1009.04,8.54
3,2,2,2025-03-31,638.05,0.41,712.93,7.93
4,3,2,2025-03-31,2045.08,1.12,2180.56,7.52
5,4,2,2025-03-31,1093.23,0.24,913.5,8.41
6,2,2,2025-03-31,560.92,0.33,607.07,7.25
7,4,2,2025-03-31,928.88,0.18,782.83,7.76
8,5,2,2025-03-31,1659.29,0.19,1109.69,7.35
1,4,3,2025-03-31,285.64,0.91,238.83,132.16
2,4,3,2025-03-31,1002.25,3.35,837.47,129.5
3,2,3,2025-03-31,448.24,4.98,483.79,142.85
4,3,3,2025-03-31,2249.66,24.07,2399.98,144.58
5,2,3,2025-03-31,981.8,10.92,1103.13,136.49
6,1,3,2025-03-31,299.21,3.13,346.27,124.75
7,4,3,2025-03-31,1086.01,3.54,905.21,136.17
8,3,3,2025-03-31,1737.67,16.17,1860.07,127.54
1,2,4,2025-03-31,735.39,4.92,811.31,80.5
2,4,4,2025-03-31,1091.89,2.39,950.31,83.64
3,1,4,2025-03-31,929.59,6.32,1051.71,78.66
4,5,4,2025-03-31,1935.35,2.36,1241.78,78.91
5,2,4,2025-03-31,1313.82,9.07,1475.24,83.78
6,1,4,2025-03-31,713.22,4.58,842.16,75.28
7,4,4,2025-03-31,625.0,1.3,523.27,80.2
8,3,4,2025-03-31,1358.11,7.81,1444.96,75.57
1,1,5,2025-03-31,592.28,18.72,697.72,358.47
2,2,5,2025-03-31,676.52,20.99,765.65,383.64
3,1,5,2025-03-31,1154.49,34.54,1299.4,351.1
4,5,5,2025-03-31,1671.45,8.62,1083.85,355.13
5,1,5,2025-03-31,1012.17,35.56,1140.06,405.22
6,1,5,2025-03-31,627.74,19.1,728.14,350.17
7,4,5,2025-03-31,872.11,8.44,766.34,380.0
8,5,5,2025-03-31,1191.25,7.41,789.56,403.34
1,4,1,2025-04-01,447.64,0.82,377.05,77.1
2,4,1,2025-04-01,742.17,1.31,619.71,73.85
3,1,1,2025-04-01,894.51,6.04,1002.27,78.33
4,3,1,2025-04-01,1890.56,11.09,2006.4,79.69
5,4,1,2025-04-01,913.1,1.7,757.41,76.27
6,1,1,2025-04-01,474.72,2.97,546.52,73.71
7,1,1,2025-04-01,723.79,4.66,839.37,77.31
8,3,1,2025-04-01,1423.05,7.71,1491.99,72.15
1,1,2,2025-04-01,545.36,0.32,617.68,7.09
2,3,2,2025-04-01,993.39,0.55,1029.05,7.23
3,1,2,2025-04-01,614.12,0.41,691.47,7.97
4,5,2,2025-04-01,2052.39,0.26,1298.0,8.65
5,2,2,2025-04-01,1186.98,0.78,1269.88,8.32
6,4,2,2025-04-01,515.13,0.1,431.1,7.83
7,4,2,2025-04-01,983.82,0.2,850.69,7.97
8,3,2,2025-04-01,1694.94,1.1,1817.8,8.31
1,4,3,2025-04-01,290.54,0.9,241.23,126.73
2,2,3,2025-04-01,1088.35,11.52,1226.7,131.96
3,5,3,2025-04-01,460.73,0.94,308.59,132.21
4,3,3,2025-04-01,2210.45,23.76,2287.38,138.09
5,1,3,2025-04-01,938.42,11.69,1052.67,146.15
6,2,3,2025-04-01,292.27,3.24,321.14,143.63
7,4,3,2025-04-01,1028.49,3.36,884.16,129.69
8,5,3,2025-04-01,1783.38,3.37,1154.39,129.35
1,4,4,2025-04-01,693.4,1.27,587.51,71.02
2,2,4,2025-04-01,1030.01,5.67,1159.21,71.78
3,2,4,2025-04-01,881.25,5.2,961.74,74.56
4,5,4,2025-04-01,2000.24,2.09,1293.05,72.98
5,1,4,2025-04-01,1328.75,7.51,1500.14,66.22
6,1,4,2025-04-01,753.06,4.49,845.3,73.6
7,2,4,2025-04-01,637.5,3.8,702.59,71.97
8,3,4,2025-04-01,1386.72,7.3,1461.67,71.14
1,4,5,2025-04-01,621.16,5.63,538.14,371.0
2,2,5,2025-04-01,647.77,18.39,724.72,371.09
3,1,5,2025-04-01,1125.82,35.92,1282.73,357.68
4,3,5,2025-04-01,1770.8,44.68,1846.42,327.74
5,4,5,2025-04-01,1024.56,8.76,868.04,335.13
6,1,5,2025-04-01,639.02,19.24,748.68,369.29
7,2,5,2025-04-01,852.23,25.49,943.96,363.4
8,3,5,2025-04-01,1217.64,29.7,1281.15,319.56
1,1,1,2025-04-02,465.53,3.43,548.74,89.13
2,2,1,2025-04-02,736.08,6.19,816.24,100.83
3,5,1,2025-04-02,899.7,1.43,571.2,100.93
4,5,1,2025-04-02,1901.6,2.76,1200.14,96.47
5,1,1,2025-04-02,873.78,6.41,1011.05,83.65
6,2,1,2025-04-02,483.1,3.17,535.45,85.23
7,1,1,2025-04-02,730.83,5.58,851.78,90.13
8,5,1,2025-04-02,1483.24,2.21,991.34,98.37
1,2,2,2025-04-02,562.5,0.42,614.83,9.08
2,4,2,2025-04-02,1008.62,0.19,847.68,7.82
3,1,2,2025-04-02,639.13,0.5,738.42,9.06
4,3,2,2025-04-02,2058.04,1.22,2158.08,7.97
5,1,2,2025-04-02,1159.95,0.87,1307.68,8.87
6,4,2,2025-04-02,521.51,0.1,433.98,7.96
7,1,2,2025-04-02,945.37,0.65,1060.67,8.16
8,3,2,2025-04-02,1682.24,1.12,1768.53,9.04
1,2,3,2025-04-02,313.22,2.7,335.81,109.37
2,3,3,2025-04-02,1022.45,9.96,1104.95,130.86
3,5,3,2025-04-02,429.59,0.77,273.75,125.04
4,3,3,2025-04-02,2296.55,23.42,2348.33,131.06
5,1,3,2025-04-02,936.83,9.49,1099.36,117.92
6,1,3,2025-04-02,296.59,3.01,351.63,124.83
7,1,3,2025-04-02,1007.99,9.37,1188.22,112.56
8,5,3,2025-04-02,1719.37,3.08,1114.02,118.68
1,1,4,2025-04-02,718.95,4.9,830.81,80.85
2,2,4,2025-04-02,1062.72,7.28,1155.19,82.92
3,1,4,2025-04-02,865.42,5.37,1013.66,72.64
4,5,4,2025-04-02,2004.65,2.14,1331.84,73.22
5,4,4,2025-04-02,1330.77,2.51,1112.2,76.03
6,4,4,2025-04-02,710.95,1.34,611.0,78.98
7,2,4,2025-04-02,662.42,3.74,729.74,68.31
8,3,4,2025-04-02,1390.94,7.31,1418.76,72.36
1,2,5,2025-04-02,650.5,14.46,729.76,287.49
2,4,5,2025-04-02,654.73,5.0,563.16,307.83
3,2,5,2025-04-02,1192.5,28.74,1326.14,291.67
4,5,5,2025-04-02,1630.24,6.7,1079.42,284.06
5,4,5,2025-04-02,1037.83,7.8,875.62,308.36
6,1,5,2025-04-02,607.25,15.99,704.84,298.2
7,1,5,2025-04-02,888.53,22.12,1046.34,304.89
8,3,5,2025-04-02,1224.3,25.24,1280.74,262.51
1,4,1,2025-04-03,491.65,0.93,406.52,74.65
2,4,1,2025-04-03,718.05,1.39,620.66,80.28
3,1,1,2025-04-03,912.77,5.77,1054.49,76.61
4,3,1,2025-04-03,1853.7,10.94,1959.12,77.37
5,2,1,2025-04-03,913.52,6.48,1015.34,88.48
6,4,1,2025-04-03,482.08,1.1,418.55,87.46
7,2,1,2025-04-03,784.5,5.33,845.39,88.3
8,5,1,2025-04-03,1426.99,1.83,908.4,82.76
1,4,2,2025-04-03,554.21,0.17,475.73,12.49
2,2,2,2025-04-03,1007.79,0.96,1102.51,12.08
3,1,2,2025-04-03,646.25,0.65,757.1,11.67
4,3,2,2025-04-03,2085.26,1.94,2148.96,12.83
5,4,2,2025-04-03,1128.57,0.35,937.52,11.97
6,1,2,2025-04-03,554.97,0.55,641.72,12.12
7,2,2,2025-04-03,983.23,0.97,1104.7,11.81
8,3,2,2025-04-03,1646.44,1.37,1765.41,11.69
1,2,3,2025-04-03,303.01,4.27,345.3,178.12
2,2,3,2025-04-03,1085.04,15.05,1164.97,173.37
3,5,3,2025-04-03,436.2,1.14,290.06,168.39
4,3,3,2025-04-03,2100.54,23.76,2221.91,150.41
5,2,3,2025-04-03,910.11,11.78,1017.29,168.98
6,1,3,2025-04-03,298.59,4.57,345.92,173.71
7,4,3,2025-04-03,1097.19,4.71,908.77,169.38
8,5,3,2025-04-03,1749.69,3.93,1137.92,157.45
1,2,4,2025-04-03,727.12,4.26,821.95,76.69
2,2,4,2025-04-03,1073.73,7.03,1155.77,82.52
3,1,4,2025-04-03,886.01,5.73,1042.65,79.27
4,5,4,2025-04-03,2032.45,2.72,1326.79,85.03
5,4,4,2025-04-03,1243.68,2.45,1085.5,82.75
6,4,4,2025-04-03,722.41,1.25,603.66,71.61
7,1,4,2025-04-03,623.3,4.01,711.55,72.64
8,3,4,2025-04-03,1309.85,8.26,1373.48,84.92
1,1,5,2025-04-03,617.78,22.05,732.74,400.11
2,4,5,2025-04-03,624.11,6.43,521.55,433.95
3,2,5,2025-04-03,1119.87,38.84,1209.27,426.33
4,5,5,2025-04-03,1707.84,11.78,1092.22,465.72
5,2,5,2025-04-03,1005.31,34.63,1094.99,439.48
6,1,5,2025-04-03,634.01,21.56,713.96,397.03
7,2,5,2025-04-03,832.49,26.55,916.19,386.34
8,5,5,2025-04-03,1311.87,7.69,842.31,402.79
1,1,1,2025-04-04,465.22,3.27,548.98,79.19
2,4,1,2025-04-04,740.95,1.46,618.6,81.28
3,1,1,2025-04-04,930.06,6.63,1095.86,80.84
4,3,1,2025-04-04,1776.43,9.86,1919.02,73.83
5,1,1,2025-04-04,906.53,6.06,1061.23,76.14
6,4,1,2025-04-04,475.01,0.88,412.27,74.46
7,4,1,2025-04-04,730.73,1.33,623.32,72.59
8,5,1,2025-04-04,1436.72,1.65,931.5,76.11
1,4,2,2025-04-04,514.24,0.17,442.96,13.08
2,3,2,2025-04-04,970.47,0.94,1017.8,13.43
3,1,2,2025-04-04,613.96,0.68,702.19,13.46
4,3,2,2025-04-04,2123.82,1.83,2213.55,11.18
5,1,2,2025-04-04,1102.2,1.2,1277.51,13.22
6,2,2,2025-04-04,549.39,0.49,618.0,11.35
7,2,2,2025-04-04,903.91,0.91,1020.51,11.97
8,5,2,2025-04-04,1634.31,0.27,1072.01,11.51
1,1,3,2025-04-04,287.18,3.82,330.13,159.04
2,3,3,2025-04-04,1076.77,13.9,1134.65,171.09
3,5,3,2025-04-04,439.58,1.03,283.02,154.63
4,3,3,2025-04-04,2299.68,26.08,2466.98,145.12
5,1,3,2025-04-04,992.88,13.37,1167.22,162.84
6,2,3,2025-04-04,314.25,4.1,347.59,159.91
7,2,3,2025-04-04,1065.58,12.96,1198.17,150.49
8,3,3,2025-04-04,1826.51,20.45,1924.6,150.04
1,2,4,2025-04-04,753.29,3.89,837.07,67.64
2,2,4,2025-04-04,1034.98,5.19,1132.42,60.27
3,2,4,2025-04-04,897.98,4.88,969.91,64.91
4,5,4,2025-04-04,1906.11,2.03,1206.92,68.01
5,4,4,2025-04-04,1321.28,2.13,1123.09,63.9
6,4,4,2025-04-04,694.79,1.19,591.31,65.99
7,4,4,2025-04-04,672.46,1.11,572.69,68.74
8,3,4,2025-04-04,1349.18,7.04,1420.05,67.62
1,4,5,2025-04-04,621.51,5.27,535.07,349.96
2,2,5,2025-04-04,641.46,19.78,716.65,371.17
3,2,5,2025-04-04,1179.39,33.71,1288.05,349.35
4,5,5,2025-04-04,1711.76,8.0,1099.85,323.67
5,4,5,2025-04-04,1015.97,9.86,854.53,374.81
6,1,5,2025-04-04,646.92,19.4,734.51,349.57
7,2,5,2025-04-04,877.75,24.84,954.8,365.16
8,3,5,2025-04-04,1272.94,36.97,1363.61,374.3
1,1,1,2025-04-05,487.22,1.19,574.89,27.42
2,2,1,2025-04-05,708.49,1.48,788.08,27.24
3,2,1,2025-04-05,871.79,2.19,984.18,30.73
4,3,1,2025-04-05,1926.58,3.95,2032.35,28.29
5,2,1,2025-04-05,940.15,2.11,1024.74,27.58
6,4,1,2025-04-05,483.24,0.33,423.1,28.45
7,4,1,2025-04-05,720.47,0.54,595.21,30.44
8,5,1,2025-04-05,1452.75,0.73,947.8,31.87
1,1,2,2025-04-05,545.93,0.17,619.85,3.55
2,3,2,2025-04-05,952.97,0.23,977.83,3.17
3,5,2,2025-04-05,644.42,0.03,427.25,3.59
4,5,2,2025-04-05,2070.3,0.09,1372.6,3.15
5,2,2,2025-04-05,1159.43,0.28,1301.32,3.22
6,1,2,2025-04-05,534.3,0.14,600.01,3.1
7,2,2,2025-04-05,921.72,0.23,1021.19,3.18
8,3,2,2025-04-05,1702.39,0.44,1790.17,3.36
1,1,3,2025-04-05,308.96,1.47,345.65,56.9
2,4,3,2025-04-05,1025.4,1.61,879.58,61.5
3,1,3,2025-04-05,440.26,2.17,515.43,60.61
4,3,3,2025-04-05,2190.46,10.1,2248.4,58.84
5,4,3,2025-04-05,952.25,1.4,826.15,58.22
6,2,3,2025-04-05,285.2,1.24,314.6,55.91
7,4,3,2025-04-05,1087.43,1.47,904.61,55.77
8,5,3,2025-04-05,1810.33,1.74,1171.16,62.26
1,2,4,2025-04-05,746.21,1.21,833.58,20.5
2,4,4,2025-04-05,1043.93,0.49,887.11,19.35
3,2,4,2025-04-05,900.92,1.66,978.15,22.11
4,5,4,2025-04-05,1995.41,0.59,1325.68,19.85
5,4,4,2025-04-05,1344.4,0.65,1129.49,19.31
6,4,4,2025-04-05,749.56,0.43,634.55,22.05
7,2,4,2025-04-05,619.15,1.03,662.48,21.9
8,3,4,2025-04-05,1390.72,1.99,1473.36,19.65
1,1,5,2025-04-05,593.51,5.35,697.16,104.58
2,2,5,2025-04-05,669.46,6.08,715.83,118.54
3,2,5,2025-04-05,1147.76,10.32,1258.12,110.88
4,3,5,2025-04-05,1730.94,13.42,1820.7,105.63
5,4,5,2025-04-05,1037.72,3.06,882.46,112.31
6,2,5,2025-04-05,648.71,6.21,711.54,114.6
7,4,5,2025-04-05,874.55,2.47,740.42,115.24
8,3,5,2025-04-05,1203.72,11.17,1280.55,118.04
1,2,1,2025-04-07,460.03,2.85,498.36,80.93
2,2,1,2025-04-07,734.94,4.45,791.52,78.82
3,1,1,2025-04-07,866.37,5.8,1005.92,75.83
4,5,1,2025-04-07,1872.95,1.95,1245.99,67.7
5,4,1,2025-04-07,877.03,1.5,755.78,70.72
6,2,1,2025-04-07,462.72,2.84,506.88,74.73
7,4,1,2025-04-07,719.03,1.36,626.44,73.6
8,5,1,2025-04-07,1444.82,1.6,943.05,70.69
1,2,2,2025-04-07,539.13,0.47,608.89,10.43
2,3,2,2025-04-07,944.96,0.72,1013.44,9.81
3,5,2,2025-04-07,617.12,0.11,406.72,11.54
4,5,2,2025-04-07,1958.38,0.34,1308.18,11.48
5,4,2,2025-04-07,1146.41,0.28,956.89,9.75
6,4,2,2025-04-07,552.33,0.16,482.72,11.6
7,1,2,2025-04-07,933.45,0.8,1077.9,9.99
8,3,2,2025-04-07,1689.76,1.52,1799.15,11.5
1,2,3,2025-04-07,304.72,3.39,331.37,137.07
2,4,3,2025-04-07,1012.61,3.62,854.83,145.47
3,1,3,2025-04-07,463.02,5.7,528.44,144.36
4,5,3,2025-04-07,2148.69,4.11,1394.3,124.59
5,4,3,2025-04-07,986.34,3.23,828.82,127.2
6,1,3,2025-04-07,302.13,3.21,355.5,128.33
7,2,3,2025-04-07,1061.68,11.58,1165.67,140.84
8,5,3,2025-04-07,1710.48,3.49,1090.07,136.69
1,2,4,2025-04-07,701.75,4.52,774.07,80.8
2,3,4,2025-04-07,1072.97,5.79,1148.8,70.52
3,1,4,2025-04-07,907.16,6.08,1028.04,75.67
4,3,4,2025-04-07,1857.98,11.3,1908.88,77.42
5,2,4,2025-04-07,1286.63,8.44,1420.24,79.15
6,1,4,2025-04-07,686.71,4.07,790.01,67.99
7,4,4,2025-04-07,675.01,1.27,576.73,75.08
8,5,4,2025-04-07,1374.79,1.64,914.39,77.69
1,4,5,2025-04-07,620.89,5.52,527.2,350.97
2,2,5,2025-04-07,669.41,22.39,754.76,406.26
3,1,5,2025-04-07,1115.73,33.28,1320.02,357.98
4,3,5,2025-04-07,1753.49,53.15,1801.94,401.21
5,1,5,2025-04-07,1033.92,36.98,1220.48,402.46
6,4,5,2025-04-07,644.71,6.17,539.62,402.14
7,4,5,2025-04-07,821.74,8.72,712.23,406.58
8,3,5,2025-04-07,1199.06,30.95,1290.4,352.04
1,4,1,2025-04-08,455.56,1.09,376.49,98.41
2,3,1,2025-04-08,755.44,5.09,794.09,88.22
3,5,1,2025-04-08,942.07,1.21,600.05,89.42
4,3,1,2025-04-08,1778.88,12.4,1916.26,89.66
5,2,1,2025-04-08,891.91,6.95,959.53,101.11
6,4,1,2025-04-08,478.15,1.05,397.48,88.86
7,1,1,2025-04-08,715.64,5.71,806.17,98.51
8,5,1,2025-04-08,1473.45,2.37,983.23,104.44
1,1,2,2025-04-08,562.98,0.47,639.53,10.03
2,2,2,2025-04-08,973.28,0.72,1081.01,9.25
3,2,2,2025-04-08,629.34,0.49,693.25,9.88
4,3,2,2025-04-08,2104.19,1.39,2180.92,9.15
5,4,2,2025-04-08,1171.05,0.28,985.74,9.8
6,1,2,2025-04-08,544.13,0.41,629.48,9.23
7,2,2,2025-04-08,914.74,0.75,1018.44,10.21
8,5,2,2025-04-08,1731.6,0.24,1145.25,9.28
1,4,3,2025-04-08,307.08,0.98,265.38,121.94
2,4,3,2025-04-08,1060.1,3.39,901.9,125.38
3,1,3,2025-04-08,462.44,5.01,521.88,128.1
4,3,3,2025-04-08,2183.25,21.18,2275.38,131.63
5,2,3,2025-04-08,974.94,10.12,1058.31,125.44
6,1,3,2025-04-08,311.64,3.61,370.69,143.0
7,1,3,2025-04-08,1041.86,11.27,1180.34,131.71
8,5,3,2025-04-08,1760.03,3.38,1140.87,126.41
1,4,4,2025-04-08,753.41,1.36,622.59,69.83
2,2,4,2025-04-08,1011.15,6.16,1142.83,75.9
3,1,4,2025-04-08,885.82,5.26,1039.55,67.42
4,3,4,2025-04-08,1895.76,10.27,1961.38,73.78
5,1,4,2025-04-08,1237.19,7.53,1462.59,68.86
6,4,4,2025-04-08,749.82,1.35,652.97,72.78
7,2,4,2025-04-08,657.99,3.66,736.65,68.97
8,5,4,2025-04-08,1332.72,1.35,853.48,69.74
1,2,5,2025-04-08,641.18,17.82,707.38,337.01
2,2,5,2025-04-08,624.69,18.85,703.53,367.39
3,5,5,2025-04-08,1106.6,5.85,731.59,342.12
4,5,5,2025-04-08,1709.15,8.49,1130.55,334.36
5,1,5,2025-04-08,1048.84,30.44,1175.1,357.86
6,1,5,2025-04-08,639.36,20.31,724.16,375.77
7,1,5,2025-04-08,881.32,24.69,990.72,334.92
8,3,5,2025-04-08,1211.94,29.87,1256.43,330.15
1,2,1,2025-04-09,479.99,2.72,538.66,67.77
2,3,1,2025-04-09,710.0,3.67,737.26,70.56
3,2,1,2025-04-09,870.75,4.84,962.37,72.99
4,3,1,2025-04-09,1822.05,10.45,1907.8,75.17
5,4,1,2025-04-09,893.65,1.42,742.83,66.67
6,1,1,2025-04-09,462.19,3.12,541.29,77.13
7,4,1,2025-04-09,742.69,1.44,629.59,74.65
8,5,1,2025-04-09,1499.06,1.69,954.31,75.59
1,2,2,2025-04-09,544.6,0.25,606.29,5.65
2,3,2,2025-04-09,932.86,0.35,974.55,5.13
3,1,2,2025-04-09,608.26,0.28,710.27,5.43
4,3,2,2025-04-09,1957.87,0.85,2009.48,5.72
5,2,2,2025-04-09,1096.8,0.51,1187.43,5.91
6,4,2,2025-04-09,516.67,0.08,448.65,5.87
7,4,2,2025-04-09,968.66,0.14,831.69,5.71
8,3,2,2025-04-09,1619.75,0.62,1711.9,5.26
1,1,3,2025-04-09,309.23,3.42,364.02,125.87
2,3,3,2025-04-09,1079.75,10.68,1116.24,131.94
3,1,3,2025-04-09,436.44,5.05,512.98,133.54
4,5,3,2025-04-09,2222.66,4.41,1480.95,137.73
5,1,3,2025-04-09,916.6,10.65,1054.71,130.78
6,4,3,2025-04-09,292.99,0.88,247.37,124.18
7,1,3,2025-04-09,1019.65,11.82,1180.64,136.13
8,5,3,2025-04-09,1814.92,4.06,1176.73,141.98
1,1,4,2025-04-09,688.82,4.6,811.35,80.48
2,4,4,2025-04-09,1012.15,1.72,858.87,71.28
3,5,4,2025-04-09,930.98,0.96,617.95,69.64
4,3,4,2025-04-09,1975.51,11.28,2118.59,78.03
5,4,4,2025-04-09,1357.68,2.65,1167.44,80.12
6,4,4,2025-04-09,725.15,1.45,627.36,77.04
7,2,4,2025-04-09,676.05,4.23,742.07,81.61
8,3,4,2025-04-09,1381.18,7.99,1491.45,76.17
1,4,5,2025-04-09,620.51,5.84,545.32,363.99
2,3,5,2025-04-09,675.62,16.07,723.72,328.99
3,2,5,2025-04-09,1201.38,35.51,1344.46,368.66
4,3,5,2025-04-09,1712.08,43.47,1794.33,338.32
5,1,5,2025-04-09,1054.11,26.66,1218.9,312.39
6,2,5,2025-04-09,618.41,16.16,698.06,340.57
7,1,5,2025-04-09,839.82,22.63,945.8,313.99
8,3,5,2025-04-09,1304.27,33.57,1399.04,343.15
1,2,1,2025-04-10,483.7,3.63,546.03,94.53
2,2,1,2025-04-10,717.36,5.63,813.83,97.35
3,2,1,2025-04-10,914.81,5.89,998.43,84.33
4,3,1,2025-04-10,1805.35,13.66,1887.9,98.06
5,2,1,2025-04-10,893.44,6.65,968.93,92.57
6,2,1,2025-04-10,459.85,3.75,508.7,99.97
7,2,1,2025-04-10,766.71,5.67,842.36,89.97
8,5,1,2025-04-10,1403.85,2.08,936.42,95.27
1,4,2,2025-04-10,547.54,0.15,466.8,10.8
2,4,2,2025-04-10,956.95,0.24,811.2,10.35
3,2,2,2025-04-10,598.4,0.46,651.95,10.01
4,5,2,2025-04-10,1976.68,0.32,1304.96,11.1
5,4,2,2025-04-10,1139.26,0.28,968.6,10.21
6,4,2,2025-04-10,564.85,0.15,477.33,10.69
7,4,2,2025-04-10,950.17,0.26,790.16,10.36
8,5,2,2025-04-10,1632.71,0.24,1063.05,9.42
1,4,3,2025-04-10,302.27,1.13,251.35,148.04
2,3,3,2025-04-10,1005.25,11.98,1082.29,165.29
3,5,3,2025-04-10,438.67,1.07,288.47,155.15
4,3,3,2025-04-10,2309.69,28.58,2369.71,161.52
5,1,3,2025-04-10,947.64,11.29,1071.03,147.52
6,1,3,2025-04-10,286.31,3.5,322.92,142.92
7,2,3,2025-04-10,1079.37,14.05,1179.06,156.32
8,5,3,2025-04-10,1845.09,4.06,1208.58,150.17
1,2,4,2025-04-10,706.89,4.21,768.58,76.86
2,2,4,2025-04-10,1080.21,7.45,1187.01,83.38
3,5,4,2025-04-10,898.58,1.27,594.18,91.78
4,3,4,2025-04-10,1989.04,12.98,2095.2,86.4
5,1,4,2025-04-10,1306.07,10.51,1536.13,92.54
6,2,4,2025-04-10,744.0,4.58,816.46,78.79
7,2,4,2025-04-10,651.1,4.99,731.86,93.2
8,3,4,2025-04-10,1406.58,9.58,1481.85,86.95
1,4,5,2025-04-10,630.12,5.67,544.79,345.73
2,4,5,2025-04-10,643.23,5.53,563.7,345.81
3,2,5,2025-04-10,1157.73,33.66,1264.13,350.55
4,5,5,2025-04-10,1781.41,9.14,1133.9,358.31
5,1,5,2025-04-10,1073.35,30.52,1252.48,349.93
6,2,5,2025-04-10,650.67,17.41,736.06,320.67
7,1,5,2025-04-10,837.36,21.05,977.27,308.78
8,3,5,2025-04-10,1215.88,32.19,1284.36,344.29
1,2,1,2025-04-11,456.24,2.52,508.94,69.64
2,2,1,2025-04-11,691.2,3.99,765.67,73.47
3,2,1,2025-04-11,898.7,4.78,998.28,65.8
4,5,1,2025-04-11,1906.79,2.08,1221.25,69.41
5,1,1,2025-04-11,881.4,5.22,1036.68,70.54
6,4,1,2025-04-11,486.99,0.89,412.31,73.97
7,2,1,2025-04-11,771.69,4.05,864.43,68.88
8,5,1,2025-04-11,1423.14,1.66,922.35,77.61
1,4,2,2025-04-11,561.19,0.15,471.61,10.27
2,3,2,2025-04-11,1025.55,0.73,1083.94,9.5
3,2,2,2025-04-11,597.11,0.51,668.72,10.85
4,5,2,2025-04-11,2108.07,0.33,1363.63,10.84
5,4,2,2025-04-11,1125.76,0.27,962.92,9.33
6,2,2,2025-04-11,525.36,0.4,584.08,9.22
7,1,2,2025-04-11,983.78,0.75,1109.81,9.35
8,5,2,2025-04-11,1638.15,0.27,1063.2,10.9
1,2,3,2025-04-11,289.03,2.53,310.15,114.43
2,2,3,2025-04-11,1016.07,9.66,1110.48,123.77
3,5,3,2025-04-11,464.19,0.81,304.93,112.89
4,3,3,2025-04-11,2091.35,20.22,2145.57,128.41
5,4,3,2025-04-11,951.55,2.83,833.63,116.33
6,1,3,2025-04-11,290.88,2.71,343.52,108.8
7,2,3,2025-04-11,1044.13,9.98,1170.76,125.59
8,5,3,2025-04-11,1734.28,3.32,1151.9,123.99
1,4,4,2025-04-11,742.46,1.04,647.42,54.55
2,2,4,2025-04-11,1018.91,4.72,1147.3,56.63
3,2,4,2025-04-11,875.52,4.08,957.11,57.76
4,3,4,2025-04-11,1942.43,8.69,1999.59,57.82
5,2,4,2025-04-11,1358.24,5.83,1510.08,55.72
6,4,4,2025-04-11,738.08,1.14,622.65,59.64
7,2,4,2025-04-11,620.56,3.04,675.32,61.7
8,5,4,2025-04-11,1321.0,1.2,878.07,59.21
1,1,5,2025-04-11,595.91,22.25,699.58,454.94
2,3,5,2025-04-11,636.06,20.61,681.39,420.91
3,2,5,2025-04-11,1170.95,41.35,1260.55,427.89
4,5,5,2025-04-11,1768.2,10.54,1163.15,409.29
5,4,5,2025-04-11,1064.86,11.65,883.05,438.04
6,4,5,2025-04-11,622.41,6.96,545.22,433.27
7,2,5,2025-04-11,868.21,28.61,979.74,430.76
8,5,5,2025-04-11,1307.79,8.52,863.72,445.1
1,1,1,2025-04-12,448.06,1.12,507.24,28.49
2,4,1,2025-04-12,723.26,0.52,629.54,29.72
3,2,1,2025-04-12,931.3,2.13,1046.76,30.01
4,3,1,2025-04-12,1852.72,4.0,1942.63,29.08
5,2,1,2025-04-12,901.28,1.82,1020.78,25.47
6,2,1,2025-04-12,458.44,1.16,497.4,30.21
7,2,1,2025-04-12,716.51,1.66,806.4,28.06
8,3,1,2025-04-12,1446.39,3.08,1544.9,28.55
1,1,2,2025-04-12,513.84,0.19,601.62,4.2
2,4,2,2025-04-12,962.41,0.1,819.88,4.17
3,5,2,2025-04-12,620.77,0.04,400.76,3.85
4,5,2,2025-04-12,2150.08,0.13,1429.84,4.07
5,4,2,2025-04-12,1161.37,0.12,986.08,3.89
6,4,2,2025-04-12,520.17,0.05,440.83,4.03
7,1,2,2025-04-12,926.61,0.31,1088.78,3.83
8,5,2,2025-04-12,1684.73,0.09,1075.63,3.79
1,4,3,2025-04-12,304.46,0.41,255.12,55.82
2,4,3,2025-04-12,1080.7,1.32,927.06,50.98
3,5,3,2025-04-12,450.0,0.37,300.62,53.62
4,3,3,2025-04-12,2306.35,9.53,2356.73,55.0
5,4,3,2025-04-12,955.42,1.19,790.33,51.65
6,1,3,2025-04-12,285.45,1.31,319.34,51.85
7,4,3,2025-04-12,1052.31,1.41,870.48,54.39
8,3,3,2025-04-12,1801.43,7.73,1898.66,56.25
1,4,4,2025-04-12,718.62,0.45,595.77,26.27
2,3,4,2025-04-12,1017.38,1.92,1040.41,26.25
3,5,4,2025-04-12,876.17,0.37,574.8,27.17
4,3,4,2025-04-12,1967.48,4.29,2038.41,28.25
5,4,4,2025-04-12,1318.4,0.82,1145.48,25.24
6,4,4,2025-04-12,706.78,0.47,583.09,27.83
7,4,4,2025-04-12,667.75,0.42,564.52,24.28
8,3,4,2025-04-12,1282.97,2.69,1333.61,28.59
1,4,5,2025-04-12,625.48,2.2,517.47,146.82
2,4,5,2025-04-12,620.5,2.37,525.11,146.68
3,2,5,2025-04-12,1103.08,12.02,1245.2,134.2
4,5,5,2025-04-12,1762.48,4.18,1173.49,154.89
5,1,5,2025-04-12,1101.11,12.46,1254.49,133.86
6,2,5,2025-04-12,627.08,8.16,702.87,161.24
7,2,5,2025-04-12,811.07,9.74,897.16,152.1
8,3,5,2025-04-12,1241.24,13.69,1276.68,150.11
1,4,1,2025-04-14,480.6,1.08,406.49,90.53
2,3,1,2025-04-14,740.51,5.01,781.14,89.87
3,5,1,2025-04-14,935.79,1.27,626.89,90.55
4,5,1,2025-04-14,1902.09,2.22,1259.32,81.74
5,2,1,2025-04-14,871.25,5.91,956.73,88.54
6,2,1,2025-04-14,447.6,3.14,506.48,91.07
7,1,1,2025-04-14,744.87,6.17,855.38,92.98
8,3,1,2025-04-14,1432.62,8.84,1537.15,85.85
1,4,2,2025-04-14,532.9,0.08,451.95,6.26
2,3,2,2025-04-14,981.03,0.52,1029.33,7.39
3,2,2,2025-04-14,632.78,0.34,687.65,6.98
4,3,2,2025-04-14,2108.23,1.0,2258.17,6.21
5,4,2,2025-04-14,1109.14,0.18,937.32,6.2
6,1,2,2025-04-14,536.53,0.28,633.49,6.31
7,2,2,2025-04-14,951.16,0.45,1059.35,6.18
8,5,2,2025-04-14,1686.47,0.17,1070.28,6.57
1,4,3,2025-04-14,295.4,1.05,257.3,142.16
2,3,3,2025-04-14,1043.19,11.04,1101.97,148.45
3,1,3,2025-04-14,465.51,5.9,543.85,144.34
4,3,3,2025-04-14,2296.38,23.54,2371.95,134.92
5,4,3,2025-04-14,987.86,3.76,838.8,145.61
6,1,3,2025-04-14,309.82,3.87,368.56,141.7
7,4,3,2025-04-14,1014.61,3.74,875.08,150.05
8,5,3,2025-04-14,1710.91,3.5,1142.64,136.09
1,4,4,2025-04-14,697.16,1.64,584.08,92.15
2,2,4,2025-04-14,1101.84,7.47,1215.99,81.21
3,2,4,2025-04-14,855.56,5.71,967.04,81.09
4,3,4,2025-04-14,1870.34,13.24,1977.77,90.12
5,2,4,2025-04-14,1350.17,9.12,1449.19,81.86
6,1,4,2025-04-14,714.77,5.4,816.32,93.2
7,2,4,2025-04-14,620.96,4.34,664.87,90.03
8,3,4,2025-04-14,1391.8,9.61,1418.83,90.46
1,2,5,2025-04-14,604.9,19.36,652.98,381.52
2,4,5,2025-04-14,654.81,5.9,566.1,353.03
3,1,5,2025-04-14,1185.73,34.54,1365.08,340.45
4,3,5,2025-04-14,1762.08,45.87,1826.77,360.35
5,2,5,2025-04-14,1077.93,31.81,1222.48,360.45
6,4,5,2025-04-14,620.91,5.27,540.2,340.48
7,4,5,2025-04-14,814.52,8.25,677.6,396.27
8,5,5,2025-04-14,1229.04,6.47,808.8,341.4
1,2,1,2025-04-15,456.92,3.11,497.41,85.26
2,4,1,2025-04-15,709.92,1.58,615.86,86.58
3,2,1,2025-04-15,933.42,6.34,1021.87,84.68
4,5,1,2025-04-15,1938.62,2.68,1256.69,89.85
5,4,1,2025-04-15,904.32,2.37,787.52,99.94
6,4,1,2025-04-15,470.16,1.13,396.0,91.88
7,1,1,2025-04-15,741.2,6.54,877.6,99.79
8,5,1,2025-04-15,1436.35,1.74,924.83,84.43
1,2,2,2025-04-15,557.08,0.67,609.03,14.65
2,3,2,2025-04-15,991.75,0.96,1035.04,13.1
3,1,2,2025-04-15,624.0,0.71,697.7,14.12
4,5,2,2025-04-15,2132.47,0.4,1396.91,13.03
5,2,2,2025-04-15,1176.52,1.33,1324.57,13.95
6,1,2,2025-04-15,564.36,0.71,649.48,14.84
7,2,2,2025-04-15,911.5,1.03,992.5,14.81
8,5,2,2025-04-15,1683.69,0.33,1106.74,13.35
1,1,3,2025-04-15,290.05,3.02,332.4,119.9
2,2,3,2025-04-15,1030.59,11.57,1165.23,143.65
3,5,3,2025-04-15,435.47,0.75,277.56,119.29
4,5,3,2025-04-15,2288.25,5.0,1475.46,140.08
5,1,3,2025-04-15,903.5,11.19,1053.2,142.06
6,1,3,2025-04-15,287.37,2.9,336.31,122.21
7,1,3,2025-04-15,1092.68,12.29,1272.19,128.47
8,5,3,2025-04-15,1789.23,3.77,1159.53,142.88
1,1,4,2025-04-15,752.82,4.2,877.13,63.9
2,2,4,2025-04-15,1046.19,5.64,1165.91,64.65
3,5,4,2025-04-15,915.67,0.94,601.53,65.84
4,3,4,2025-04-15,1861.89,9.59,1976.52,70.18
5,1,4,2025-04-15,1361.08,7.43,1583.91,67.49
6,4,4,2025-04-15,692.53,1.02,572.58,61.15
7,1,4,2025-04-15,645.35,3.58,754.53,64.08
8,3,4,2025-04-15,1292.22,6.02,1324.36,61.44
1,1,5,2025-04-15,650.41,17.56,769.42,314.01
2,4,5,2025-04-15,640.85,5.33,543.31,341.48
3,5,5,2025-04-15,1131.65,4.95,716.69,295.11
4,5,5,2025-04-15,1778.84,8.85,1168.24,329.11
5,2,5,2025-04-15,1057.48,31.11,1170.44,353.35
6,1,5,2025-04-15,622.9,17.89,700.69,338.7
7,4,5,2025-04-15,883.61,7.88,762.72,356.81
8,3,5,2025-04-15,1277.08,34.48,1350.15,354.23
1,2,1,2025-04-16,460.92,3.59,519.07,92.93
2,2,1,2025-04-16,684.2,4.82,769.34,89.21
3,1,1,2025-04-16,885.08,5.86,1009.51,80.58
4,3,1,2025-04-16,1770.98,11.05,1833.04,84.24
5,2,1,2025-04-16,871.53,5.76,941.38,82.33
6,1,1,2025-04-16,476.0,3.76,557.69,92.26
7,1,1,2025-04-16,771.7,5.84,865.55,85.94
8,3,1,2025-04-16,1460.34,10.46,1565.48,91.93
1,1,2,2025-04-16,532.23,0.49,613.7,10.64
2,3,2,2025-04-16,981.02,0.8,1055.08,11.21
3,1,2,2025-04-16,612.81,0.63,709.79,11.68
4,3,2,2025-04-16,2005.23,1.92,2159.12,12.23
5,2,2,2025-04-16,1130.92,1.16,1265.8,12.7
6,4,2,2025-04-16,537.36,0.18,445.56,12.66
7,4,2,2025-04-16,972.51,0.3,821.54,12.45
8,3,2,2025-04-16,1724.79,1.47,1852.69,11.2
1,1,3,2025-04-16,311.54,3.47,360.31,132.84
2,2,3,2025-04-16,1024.36,13.36,1141.72,156.93
3,1,3,2025-04-16,427.55,4.93,488.77,141.52
4,3,3,2025-04-16,2139.64,22.93,2206.18,150.31
5,4,3,2025-04-16,993.46,3.37,856.94,131.62
6,1,3,2025-04-16,287.03,3.78,324.46,154.75
7,4,3,2025-04-16,1093.04,4.16,933.94,149.48
8,5,3,2025-04-16,1729.15,3.4,1127.14,132.0
1,2,4,2025-04-16,723.62,4.45,787.88,76.24
2,4,4,2025-04-16,1046.19,2.3,900.18,91.07
3,2,4,2025-04-16,905.04,5.23,1025.81,75.62
4,5,4,2025-04-16,2031.35,2.59,1336.67,82.85
5,1,4,2025-04-16,1243.73,9.74,1401.72,91.17
6,4,4,2025-04-16,718.53,1.4,605.2,77.75
7,2,4,2025-04-16,673.81,4.86,726.02,85.82
8,5,4,2025-04-16,1304.44,1.49,854.2,75.78
1,4,5,2025-04-16,596.9,5.6,499.06,358.16
2,2,5,2025-04-16,621.35,14.72,706.9,302.85
3,5,5,2025-04-16,1116.81,5.25,728.85,305.69
4,3,5,2025-04-16,1626.23,46.08,1719.09,361.28
5,4,5,2025-04-16,1018.11,7.29,874.4,297.67
6,1,5,2025-04-16,596.91,18.02,681.27,338.85
7,4,5,2025-04-16,866.65,6.5,748.77,311.46
8,5,5,2025-04-16,1232.4,6.75,784.09,358.4
1,2,1,2025-04-17,480.24,2.94,517.36,74.43
2,2,1,2025-04-17,714.09,5.0,781.56,88.28
3,1,1,2025-04-17,916.4,6.69,1073.46,87.27
4,3,1,2025-04-17,1930.46,11.68,2015.37,80.97
5,4,1,2025-04-17,863.64,1.72,715.84,82.56
6,1,1,2025-04-17,477.13,3.5,555.8,89.99
7,4,1,2025-04-17,785.87,1.44,683.24,74.97
8,3,1,2025-04-17,1502.29,8.82,1581.09,76.36
1,1,2,2025-04-17,563.98,0.45,666.81,9.68
2,4,2,2025-04-17,1011.48,0.24,842.41,9.76
3,5,2,2025-04-17,594.03,0.11,384.33,11.48
4,3,2,2025-04-17,2050.22,1.61,2135.86,10.4
5,2,2,2025-04-17,1189.26,1.1,1328.18,11.56
6,1,2,2025-04-17,533.69,0.53,598.56,11.12
7,4,2,2025-04-17,978.9,0.24,836.2,10.39
8,5,2,2025-04-17,1617.08,0.25,1044.32,9.7
1,1,3,2025-04-17,305.55,4.55,347.72,181.01
2,3,3,2025-04-17,1033.6,13.34,1065.28,170.29
3,1,3,2025-04-17,433.33,5.88,511.79,165.56
4,3,3,2025-04-17,2109.46,29.93,2254.89,193.92
5,4,3,2025-04-17,915.56,4.26,786.97,188.96
6,4,3,2025-04-17,294.62,1.3,252.12,183.45
7,4,3,2025-04-17,1064.3,5.16,905.82,193.43
8,3,3,2025-04-17,1843.18,25.68,1907.06,192.56
1,2,4,2025-04-17,749.34,3.66,828.44,60.03
2,3,4,2025-04-17,1025.19,4.1,1060.15,54.16
3,1,4,2025-04-17,919.81,4.81,1056.06,62.93
4,3,4,2025-04-17,2025.85,8.92,2094.02,59.52
5,1,4,2025-04-17,1268.9,6.03,1486.94,54.17
6,1,4,2025-04-17,689.58,3.47,801.76,59.98
7,2,4,2025-04-17,643.87,2.96,703.34,56.15
8,5,4,2025-04-17,1387.58,1.19,911.75,56.34
1,2,5,2025-04-17,609.51,17.09,690.26,347.54
2,3,5,2025-04-17,664.41,19.82,694.53,381.86
3,1,5,2025-04-17,1133.96,31.64,1305.86,332.55
4,5,5,2025-04-17,1681.81,9.7,1095.65,381.05
5,1,5,2025-04-17,1042.75,32.36,1180.39,379.28
6,2,5,2025-04-17,611.94,18.0,679.97,353.29
7,4,5,2025-04-17,885.45,7.16,748.16,337.21
8,5,5,2025-04-17,1261.99,6.69,826.06,338.39
1,2,1,2025-04-18,460.7,2.54,520.43,71.83
2,2,1,2025-04-18,716.63,4.4,782.92,79.58
3,5,1,2025-04-18,907.97,0.88,577.21,67.06
4,5,1,2025-04-18,1767.24,1.94,1152.22,75.03
5,1,1,2025-04-18,877.3,6.1,1029.02,78.37
6,2,1,2025-04-18,483.01,2.94,542.06,78.21
7,2,1,2025-04-18,754.99,4.25,817.58,68.53
8,3,1,2025-04-18,1381.85,7.92,1451.31,74.71
1,4,2,2025-04-18,557.39,0.16,463.08,12.19
2,3,2,2025-04-18,1002.53,0.87,1056.37,11.13
3,2,2,2025-04-18,598.7,0.55,649.97,10.94
4,3,2,2025-04-18,2036.25,1.91,2107.36,12.16
5,4,2,2025-04-18,1167.31,0.32,992.14,11.65
6,4,2,2025-04-18,565.1,0.18,485.53,12.08
7,4,2,2025-04-18,952.76,0.29,825.51,11.92
8,3,2,2025-04-18,1716.81,1.39,1795.19,11.17
1,4,3,2025-04-18,294.72,0.76,245.48,104.01
2,2,3,2025-04-18,1065.3,8.82,1187.03,100.87
3,1,3,2025-04-18,464.12,4.55,548.91,120.52
4,5,3,2025-04-18,2161.61,3.79,1366.61,111.35
5,1,3,2025-04-18,948.47,9.48,1063.66,114.97
6,1,3,2025-04-18,294.59,3.0,332.4,114.53
7,1,3,2025-04-18,1060.94,9.53,1242.72,104.86
8,3,3,2025-04-18,1847.35,15.66,1892.72,111.57
1,1,4,2025-04-18,749.41,4.3,868.99,69.54
2,3,4,2025-04-18,1071.96,5.91,1153.77,74.27
3,1,4,2025-04-18,909.08,5.48,1068.62,69.36
4,3,4,2025-04-18,1919.57,11.64,1998.45,77.24
5,4,4,2025-04-18,1323.78,2.56,1102.26,80.06
6,4,4,2025-04-18,739.5,1.38,617.46,73.15
7,4,4,2025-04-18,656.72,1.11,570.6,69.18
8,3,4,2025-04-18,1388.05,7.08,1451.75,69.94
1,4,5,2025-04-18,610.7,4.17,534.04,275.89
2,4,5,2025-04-18,680.95,4.56,584.75,276.55
3,1,5,2025-04-18,1180.42,33.46,1336.85,322.87
4,3,5,2025-04-18,1631.77,35.89,1675.18,303.68
5,4,5,2025-04-18,1086.26,8.84,947.74,323.89
6,4,5,2025-04-18,631.02,4.77,525.6,312.24
7,2,5,2025-04-18,864.13,22.32,965.99,325.0
8,5,5,2025-04-18,1254.27,5.39,802.32,289.49
1,2,1,2025-04-19,481.93,0.88,545.33,23.53
2,2,1,2025-04-19,754.71,1.62,813.61,27.86
3,5,1,2025-04-19,900.75,0.36,578.34,26.09
4,3,1,2025-04-19,1821.53,3.95,1920.47,27.9
5,4,1,2025-04-19,928.41,0.66,774.41,27.9
6,4,1,2025-04-19,491.54,0.3,426.06,24.93
7,4,1,2025-04-19,786.97,0.48,651.03,24.58
8,5,1,2025-04-19,1412.63,0.6,917.21,27.43
1,1,2,2025-04-19,516.6,0.18,586.0,4.17
2,4,2,2025-04-19,1008.71,0.1,832.04,3.87
3,5,2,2025-04-19,608.55,0.04,402.04,4.34
4,5,2,2025-04-19,1977.94,0.12,1306.88,4.36
5,1,2,2025-04-19,1138.65,0.37,1322.37,3.69
6,1,2,2025-04-19,543.83,0.2,621.18,4.23
7,2,2,2025-04-19,971.9,0.32,1057.49,4.29
8,3,2,2025-04-19,1699.38,0.57,1770.29,4.4
1,2,3,2025-04-19,314.32,1.0,351.74,41.58
2,4,3,2025-04-19,1033.43,1.06,901.61,42.98
3,1,3,2025-04-19,453.43,1.72,524.8,42.52
4,5,3,2025-04-19,2210.37,1.36,1435.03,42.36
5,1,3,2025-04-19,979.56,3.17,1159.18,39.4
6,4,3,2025-04-19,285.45,0.32,237.1,44.68
7,4,3,2025-04-19,1066.97,1.04,891.02,40.55
8,3,3,2025-04-19,1845.34,6.22,1926.82,42.99
1,4,4,2025-04-19,724.79,0.44,633.1,25.68
2,3,4,2025-04-19,1020.14,1.85,1070.35,24.18
3,1,4,2025-04-19,926.81,2.17,1062.2,28.43
4,5,4,2025-04-19,1984.12,0.73,1304.94,23.47
5,4,4,2025-04-19,1304.52,0.84,1099.23,25.79
6,4,4,2025-04-19,751.39,0.54,654.25,28.2
7,4,4,2025-04-19,662.54,0.41,567.75,24.38
8,5,4,2025-04-19,1326.89,0.51,871.53,24.3
1,4,5,2025-04-19,628.49,1.68,520.52,111.35
2,2,5,2025-04-19,655.6,5.76,715.89,115.4
3,2,5,2025-04-19,1123.81,10.37,1259.68,113.75
4,5,5,2025-04-19,1696.59,3.0,1098.29,123.94
5,4,5,2025-04-19,1046.25,3.0,904.25,114.31
6,2,5,2025-04-19,613.86,5.98,693.76,120.64
7,1,5,2025-04-19,843.18,8.33,966.72,111.82
8,3,5,2025-04-19,1219.62,10.01,1262.08,114.89
1,2,1,2025-04-21,479.35,2.93,535.74,80.1
2,3,1,2025-04-21,724.68,4.69,759.06,82.45
3,1,1,2025-04-21,934.45,6.39,1080.07,81.63
4,5,1,2025-04-21,1798.71,2.09,1176.18,75.84
5,4,1,2025-04-21,855.72,1.61,729.26,78.45
6,2,1,2025-04-21,465.94,2.77,528.38,75.84
7,2,1,2025-04-21,758.56,5.36,838.36,87.28
8,5,1,2025-04-21,1466.2,1.68,962.51,78.14
1,1,2,2025-04-21,529.12,0.38,623.24,8.69
2,3,2,2025-04-21,1004.04,0.64,1027.32,8.65
3,2,2,2025-04-21,626.94,0.46,693.42,8.81
4,3,2,2025-04-21,2118.43,1.52,2234.9,9.8
5,2,2,2025-04-21,1118.54,0.9,1213.06,9.69
6,4,2,2025-04-21,553.99,0.14,461.68,9.61
7,1,2,2025-04-21,907.04,0.66,1049.8,8.69
8,5,2,2025-04-21,1686.89,0.22,1117.42,8.49
1,4,3,2025-04-21,308.12,1.1,259.37,138.32
2,2,3,2025-04-21,1014.06,12.82,1134.57,150.57
3,2,3,2025-04-21,433.31,4.77,477.6,142.97
4,3,3,2025-04-21,2195.36,22.54,2285.38,132.23
5,2,3,2025-04-21,962.38,11.06,1058.48,145.53
6,4,3,2025-04-21,288.96,1.0,239.53,145.35
7,2,3,2025-04-21,1026.7,10.94,1159.97,135.85
8,3,3,2025-04-21,1840.24,17.15,1878.72,130.08
1,4,4,2025-04-21,746.97,1.54,624.28,80.34
2,3,4,2025-04-21,1032.5,6.51,1098.45,85.34
3,2,4,2025-04-21,872.13,6.26,979.88,88.64
4,3,4,2025-04-21,1960.8,13.03,2111.94,85.98
5,4,4,2025-04-21,1263.39,2.57,1077.91,79.68
6,1,4,2025-04-21,702.67,4.97,788.92,84.19
7,1,4,2025-04-21,678.25,4.85,767.21,88.08
8,3,4,2025-04-21,1308.22,8.76,1394.35,85.58
1,1,5,2025-04-21,642.19,18.18,728.41,334.46
2,3,5,2025-04-21,631.01,15.23,672.37,328.26
3,5,5,2025-04-21,1159.14,6.32,769.23,356.52
4,5,5,2025-04-21,1747.84,8.97,1141.81,359.07
5,4,5,2025-04-21,1030.45,9.21,897.85,371.01
6,2,5,2025-04-21,635.7,19.09,716.41,388.92
7,1,5,2025-04-21,862.46,28.4,983.71,389.85
8,5,5,2025-04-21,1220.44,7.02,811.94,391.36
1,1,1,2025-04-22,453.79,2.85,518.54,71.75
2,2,1,2025-04-22,695.76,4.26,756.07,75.71
3,2,1,2025-04-22,885.45,4.91,996.54,70.49
4,3,1,2025-04-22,1794.31,9.32,1898.66,66.0
5,1,1,2025-04-22,855.84,4.6,989.34,64.33
6,1,1,2025-04-22,456.63,2.89,517.19,76.61
7,2,1,2025-04-22,743.12,4.28,799.69,70.38
8,5,1,2025-04-22,1491.08,1.6,965.98,69.3
1,2,2,2025-04-22,520.67,0.52,581.5,12.32
2,3,2,2025-04-22,955.41,0.9,1011.84,12.99
3,1,2,2025-04-22,592.48,0.66,670.51,13.47
4,5,2,2025-04-22,2114.79,0.35,1355.78,11.56
5,1,2,2025-04-22,1097.87,1.16,1296.53,12.47
6,4,2,2025-04-22,556.71,0.19,459.57,13.11
7,2,2,2025-04-22,970.68,1.07,1044.34,13.51
8,3,2,2025-04-22,1712.88,1.49,1822.62,11.28
1,2,3,2025-04-22,304.82,3.9,346.29,156.47
2,3,3,2025-04-22,1064.93,12.63,1103.69,160.95
3,1,3,2025-04-22,455.5,6.68,515.8,165.33
4,5,3,2025-04-22,2101.01,4.77,1369.58,150.68
5,2,3,2025-04-22,917.14,11.93,1000.89,160.53
6,1,3,2025-04-22,290.4,3.52,344.93,149.34
7,4,3,2025-04-22,1033.54,3.93,890.95,151.74
8,3,3,2025-04-22,1880.49,22.08,1970.29,154.57
1,1,4,2025-04-22,741.2,2.93,877.49,48.57
2,2,4,2025-04-22,1053.25,4.64,1172.9,57.72
3,5,4,2025-04-22,904.75,0.78,572.54,56.05
4,3,4,2025-04-22,1941.11,7.22,2013.12,48.04
5,1,4,2025-04-22,1338.73,6.59,1526.6,57.37
6,4,4,2025-04-22,753.96,1.04,628.92,54.04
7,2,4,2025-04-22,665.29,2.92,714.96,57.0
8,3,4,2025-04-22,1301.68,5.09,1347.15,52.72
1,1,5,2025-04-22,623.57,17.58,736.74,348.33
2,2,5,2025-04-22,626.88,17.97,686.09,362.75
3,2,5,2025-04-22,1160.48,36.79,1257.1,382.87
4,3,5,2025-04-22,1740.81,43.9,1797.74,334.91
5,2,5,2025-04-22,1028.41,31.48,1102.5,367.75
6,4,5,2025-04-22,641.12,6.02,561.82,371.93
7,1,5,2025-04-22,830.53,22.95,979.87,336.35
8,5,5,2025-04-22,1283.24,7.11,849.77,385.72
1,2,1,2025-04-23,455.4,3.26,505.66,89.49
2,2,1,2025-04-23,712.6,4.91,805.91,88.68
3,5,1,2025-04-23,921.7,1.15,597.9,84.87
4,5,1,2025-04-23,1845.22,2.44,1189.77,91.44
5,1,1,2025-04-23,856.58,5.7,988.54,79.11
6,1,1,2025-04-23,484.55,3.35,560.63,80.03
7,1,1,2025-04-23,723.82,4.87,854.59,82.65
8,5,1,2025-04-23,1409.16,1.67,930.59,80.33
1,4,2,2025-04-23,544.4,0.15,467.51,11.18
2,2,2,2025-04-23,994.28,0.89,1080.48,11.04
3,1,2,2025-04-23,591.65,0.57,670.7,11.52
4,3,2,2025-04-23,2079.99,1.79,2145.42,11.93
5,1,2,2025-04-23,1118.15,1.17,1250.8,11.9
6,4,2,2025-04-23,541.86,0.17,451.2,12.64
7,4,2,2025-04-23,910.45,0.28,789.25,12.64
8,3,2,2025-04-23,1628.9,1.41,1749.81,11.33
1,4,3,2025-04-23,296.17,0.95,251.52,129.42
2,3,3,2025-04-23,1101.6,10.48,1176.33,133.43
3,1,3,2025-04-23,451.39,5.1,517.23,132.44
4,5,3,2025-04-23,2255.02,5.11,1426.4,148.43
5,2,3,2025-04-23,919.38,11.56,1012.85,150.95
6,4,3,2025-04-23,300.73,0.97,254.02,131.95
7,4,3,2025-04-23,1098.28,3.84,955.44,142.88
8,5,3,2025-04-23,1849.51,3.54,1176.2,128.45
1,2,4,2025-04-23,731.41,4.37,826.19,77.48
2,2,4,2025-04-23,1016.3,6.1,1131.56,78.85
3,1,4,2025-04-23,880.59,6.45,1031.7,85.88
4,3,4,2025-04-23,1907.37,12.0,2049.25,83.76
5,4,4,2025-04-23,1347.56,2.69,1142.37,77.11
6,2,4,2025-04-23,726.35,5.03,803.54,85.58
7,4,4,2025-04-23,623.77,1.25,518.44,78.3
8,3,4,2025-04-23,1290.2,8.67,1316.65,90.3
1,4,5,2025-04-23,635.2,5.45,537.83,358.81
2,2,5,2025-04-23,666.12,17.94,731.96,347.3
3,1,5,2025-04-23,1092.94,32.29,1236.87,353.68
4,3,5,2025-04-23,1765.67,49.52,1802.16,372.11
5,2,5,2025-04-23,1055.58,26.91,1186.36,321.29
6,1,5,2025-04-23,629.92,18.9,709.35,349.05
7,2,5,2025-04-23,852.89,23.94,956.4,339.93
8,3,5,2025-04-23,1294.72,31.48,1394.53,322.36
1,4,1,2025-04-24,475.14,1.16,415.79,94.58
2,2,1,2025-04-24,742.65,5.78,818.24,95.01
3,5,1,2025-04-24,865.26,1.29,573.53,99.34
4,5,1,2025-04-24,1790.25,2.51,1167.88,95.93
5,1,1,2025-04-24,855.07,6.21,984.74,88.56
6,1,1,2025-04-24,455.95,3.58,512.8,91.49
7,4,1,2025-04-24,776.19,1.91,676.33,101.27
8,5,1,2025-04-24,1484.39,2.16,964.12,101.22
1,4,2,2025-04-24,563.65,0.17,476.5,11.78
2,3,2,2025-04-24,979.31,0.72,1044.15,10.34
3,5,2,2025-04-24,611.95,0.1,407.36,11.43
4,3,2,2025-04-24,2123.04,1.85,2172.47,11.95
5,1,2,2025-04-24,1146.22,1.07,1315.17,11.13
6,4,2,2025-04-24,550.52,0.15,470.26,10.92
7,4,2,2025-04-24,963.61,0.27,827.06,11.34
8,3,2,2025-04-24,1688.68,1.31,1797.89,10.16
1,4,3,2025-04-24,296.72,1.14,251.85,146.57
2,3,3,2025-04-24,1077.69,12.26,1155.51,153.89
3,1,3,2025-04-24,442.07,5.38,512.93,141.62
4,3,3,2025-04-24,2165.55,22.57,2266.4,142.2
5,4,3,2025-04-24,903.36,3.29,752.27,148.85
6,4,3,2025-04-24,285.67,1.02,247.84,143.54
7,2,3,2025-04-24,1041.92,13.5,1166.15,165.23
8,5,3,2025-04-24,1797.2,4.13,1175.78,152.4
1,2,4,2025-04-24,733.39,3.71,816.41,62.78
2,4,4,2025-04-24,1027.34,1.61,857.65,59.98
3,5,4,2025-04-24,927.18,0.9,601.7,67.16
4,5,4,2025-04-24,2016.08,1.93,1287.73,63.04
5,4,4,2025-04-24,1310.6,2.1,1106.57,66.67
6,4,4,2025-04-24,722.43,1.06,625.32,59.85
7,1,4,2025-04-24,660.59,3.5,738.07,62.99
8,3,4,2025-04-24,1298.47,6.28,1355.76,67.67
1,2,5,2025-04-24,591.42,18.47,670.62,388.29
2,2,5,2025-04-24,672.09,20.0,732.35,370.78
3,5,5,2025-04-24,1104.5,6.23,721.88,374.13
4,3,5,2025-04-24,1763.74,54.66,1834.43,420.33
5,4,5,2025-04-24,1055.36,10.96,887.44,405.62
6,4,5,2025-04-24,650.68,6.46,568.48,400.43
7,1,5,2025-04-24,820.2,31.03,972.05,432.66
8,3,5,2025-04-24,1187.58,31.59,1242.34,360.22
1,4,1,2025-04-25,465.45,1.13,398.67,93.26
2,4,1,2025-04-25,698.64,1.81,590.62,99.11
3,1,1,2025-04-25,905.22,7.19,1038.3,96.47
4,5,1,2025-04-25,1837.42,2.56,1193.44,92.85
5,4,1,2025-04-25,937.1,2.22,781.12,94.39
6,4,1,2025-04-25,484.27,1.02,404.97,82.99
7,2,1,2025-04-25,779.14,5.14,879.55,84.67
8,5,1,2025-04-25,1515.21,2.0,1011.31,87.03
1,2,2,2025-04-25,539.13,0.34,595.21,7.55
2,3,2,2025-04-25,1011.21,0.53,1032.45,7.13
3,1,2,2025-04-25,637.82,0.36,726.72,6.77
4,5,2,2025-04-25,2126.31,0.23,1404.38,6.78
5,1,2,2025-04-25,1200.48,0.71,1366.7,6.85
6,1,2,2025-04-25,563.32,0.35,659.3,7.53
7,2,2,2025-04-25,949.9,0.55,1047.55,7.28
8,5,2,2025-04-25,1628.94,0.17,1037.93,6.91
1,1,3,2025-04-25,301.03,4.15,339.4,162.21
2,2,3,2025-04-25,1027.68,14.08,1109.71,176.23
3,5,3,2025-04-25,430.04,1.13,283.25,176.65
4,3,3,2025-04-25,2294.71,27.07,2406.98,153.96
5,4,3,2025-04-25,916.1,4.22,776.68,184.36
6,2,3,2025-04-25,301.08,3.99,329.99,170.06
7,2,3,2025-04-25,1072.3,13.7,1158.7,162.5
8,5,3,2025-04-25,1740.66,4.53,1156.92,180.04
1,1,4,2025-04-25,713.24,5.04,814.75,84.57
2,2,4,2025-04-25,1044.61,6.12,1151.85,70.33
3,5,4,2025-04-25,859.24,0.92,557.22,74.24
4,5,4,2025-04-25,1905.0,2.06,1217.49,73.04
5,1,4,2025-04-25,1273.68,9.19,1496.79,82.97
6,2,4,2025-04-25,692.07,4.5,755.61,81.67
7,2,4,2025-04-25,663.15,4.47,719.88,84.61
8,3,4,2025-04-25,1287.45,7.06,1314.43,73.05
1,1,5,2025-04-25,596.74,17.74,702.54,364.97
2,4,5,2025-04-25,630.57,6.51,542.54,411.98
3,1,5,2025-04-25,1141.62,33.98,1319.84,351.02
4,3,5,2025-04-25,1753.05,50.68,1808.54,391.2
5,4,5,2025-04-25,1047.4,9.43,889.59,348.87
6,2,5,2025-04-25,631.42,18.1,706.69,372.37
7,2,5,2025-04-25,835.27,27.82,935.87,399.25
8,5,5,2025-04-25,1289.02,7.55,840.91,408.79
1,1,1,2025-04-26,463.24,1.38,526.1,36.28
2,3,1,2025-04-26,719.75,1.97,750.61,36.63
3,1,1,2025-04-26,908.32,2.76,1075.51,34.26
4,3,1,2025-04-26,1796.33,4.65,1895.05,34.25
5,2,1,2025-04-26,911.62,2.63,993.62,34.49
6,4,1,2025-04-26,474.11,0.4,392.07,35.58
7,1,1,2025-04-26,752.42,2.26,869.73,35.36
8,3,1,2025-04-26,1498.24,4.01,1535.3,36.27
1,1,2,2025-04-26,542.18,0.17,638.69,3.65
2,2,2,2025-04-26,994.75,0.3,1095.22,3.63
3,5,2,2025-04-26,607.45,0.04,398.89,3.9
4,5,2,2025-04-26,2066.98,0.11,1373.94,3.67
5,2,2,2025-04-26,1130.29,0.34,1244.85,3.87
6,4,2,2025-04-26,553.06,0.05,460.08,3.97
7,2,2,2025-04-26,973.29,0.29,1080.96,3.68
8,3,2,2025-04-26,1702.8,0.46,1802.92,3.56
1,2,3,2025-04-26,311.96,1.04,348.76,39.79
2,4,3,2025-04-26,1028.92,1.18,891.25,43.83
3,2,3,2025-04-26,463.27,1.4,521.45,37.74
4,5,3,2025-04-26,2306.05,1.24,1473.76,36.93
5,1,3,2025-04-26,922.44,3.22,1083.51,40.12
6,1,3,2025-04-26,308.26,1.08,365.34,40.72
7,4,3,2025-04-26,1005.88,1.08,830.27,43.67
8,3,3,2025-04-26,1842.82,5.91,1989.49,41.03
1,4,4,2025-04-26,725.25,0.54,614.67,29.0
2,4,4,2025-04-26,1002.43,0.66,848.45,26.12
3,2,4,2025-04-26,907.67,1.91,974.12,25.61
4,5,4,2025-04-26,1997.68,0.78,1315.95,27.33
5,4,4,2025-04-26,1236.55,0.88,1027.74,28.94
6,2,4,2025-04-26,685.44,1.5,742.58,28.45
7,4,4,2025-04-26,622.69,0.42,517.6,25.76
8,5,4,2025-04-26,1324.0,0.54,841.21,27.91
1,4,5,2025-04-26,615.45,2.0,518.75,127.74
2,4,5,2025-04-26,669.34,2.31,554.38,134.83
3,2,5,2025-04-26,1099.51,9.97,1207.91,116.71
4,5,5,2025-04-26,1626.85,3.03,1076.41,121.93
5,2,5,2025-04-26,1019.09,10.4,1118.41,132.36
6,1,5,2025-04-26,631.79,6.84,731.06,126.12
7,1,5,2025-04-26,837.52,9.08,936.22,133.39
8,5,5,2025-04-26,1255.57,2.72,833.69,137.85
1,2,1,2025-04-28,450.75,3.49,501.85,98.81
2,2,1,2025-04-28,730.85,6.23,792.48,103.19
3,2,1,2025-04-28,906.13,6.97,974.76,93.5
4,5,1,2025-04-28,1811.18,2.6,1145.51,94.19
5,1,1,2025-04-28,930.45,8.21,1050.81,104.16
6,1,1,2025-04-28,486.7,3.99,569.81,97.11
7,2,1,2025-04-28,743.24,5.4,802.73,93.23
8,3,1,2025-04-28,1432.27,9.41,1523.29,91.53
1,2,2,2025-04-28,517.13,0.43,575.67,10.31
2,3,2,2025-04-28,993.19,0.67,1062.85,9.0
3,2,2,2025-04-28,614.39,0.47,694.72,9.11
4,3,2,2025-04-28,1986.23,1.37,2084.44,9.68
5,1,2,2025-04-28,1093.45,0.82,1251.71,8.88
6,4,2,2025-04-28,560.11,0.12,469.61,9.11
7,1,2,2025-04-28,952.74,0.79,1115.11,9.71
8,3,2,2025-04-28,1662.43,1.16,1745.16,9.71
1,2,3,2025-04-28,305.86,4.47,340.59,179.71
2,4,3,2025-04-28,1094.09,4.5,933.38,169.96
3,2,3,2025-04-28,469.73,6.48,530.1,167.93
4,5,3,2025-04-28,2114.61,5.72,1397.57,174.56
5,4,3,2025-04-28,973.62,4.18,810.17,166.07
6,2,3,2025-04-28,311.65,3.96,350.81,151.58
7,4,3,2025-04-28,1100.94,5.01,956.29,177.31
8,5,3,2025-04-28,1849.62,4.67,1189.24,176.53
1,1,4,2025-04-28,726.53,4.38,836.69,68.17
2,2,4,2025-04-28,1055.08,5.54,1193.47,64.06
3,1,4,2025-04-28,920.91,4.68,1058.18,61.1
4,3,4,2025-04-28,2014.23,9.19,2128.87,59.54
5,4,4,2025-04-28,1353.71,2.35,1152.09,70.53
6,4,4,2025-04-28,746.88,1.28,621.22,70.88
7,1,4,2025-04-28,640.16,3.9,755.75,68.53
8,3,4,2025-04-28,1370.95,6.45,1474.18,60.53
1,4,5,2025-04-28,591.16,5.88,494.58,399.82
2,3,5,2025-04-28,666.77,16.93,711.68,354.34
3,5,5,2025-04-28,1160.53,6.75,743.83,403.84
4,5,5,2025-04-28,1678.11,10.67,1102.63,409.79
5,1,5,2025-04-28,1062.75,35.86,1260.5,404.65
6,1,5,2025-04-28,597.94,19.69,672.49,370.7
7,4,5,2025-04-28,870.01,8.6,764.12,386.03
8,5,5,2025-04-28,1213.09,6.33,790.5,362.97
1,2,1,2025-04-29,483.79,3.04,543.71,82.47
2,4,1,2025-04-29,730.49,1.5,606.96,82.97
3,5,1,2025-04-29,859.65,1.05,556.97,82.59
4,5,1,2025-04-29,1797.3,2.28,1161.71,87.56
5,4,1,2025-04-29,913.75,1.91,790.34,80.19
6,1,1,2025-04-29,474.44,3.65,559.62,92.92
7,2,1,2025-04-29,766.61,4.86,839.56,80.43
8,3,1,2025-04-29,1378.95,9.13,1407.92,87.38
1,1,2,2025-04-29,539.73,0.55,623.18,11.48
2,2,2,2025-04-29,933.55,0.93,1001.74,12.28
3,1,2,2025-04-29,629.57,0.59,711.29,11.56
4,5,2,2025-04-29,2063.61,0.4,1307.26,12.98
5,2,2,2025-04-29,1149.5,1.02,1289.13,11.6
6,2,2,2025-04-29,559.99,0.56,612.71,12.89
7,1,2,2025-04-29,997.39,0.94,1168.32,11.41
8,3,2,2025-04-29,1645.7,1.34,1701.64,11.15
1,1,3,2025-04-29,314.5,3.33,358.89,128.12
2,2,3,2025-04-29,1016.79,10.58,1087.32,128.11
3,2,3,2025-04-29,435.65,5.08,468.81,149.27
4,3,3,2025-04-29,2218.34,22.77,2372.23,132.55
5,2,3,2025-04-29,986.41,10.11,1097.9,134.5
6,2,3,2025-04-29,304.25,3.13,344.68,133.87
7,2,3,2025-04-29,1040.44,11.95,1132.3,142.11
8,3,3,2025-04-29,1884.69,19.72,1961.93,142.81
1,4,4,2025-04-29,709.85,1.11,587.12,65.32
2,2,4,2025-04-29,1008.66,5.31,1138.92,66.97
3,5,4,2025-04-29,938.0,0.86,611.54,59.5
4,5,4,2025-04-29,2046.21,2.12,1354.58,67.43
5,2,4,2025-04-29,1268.19,6.84,1429.92,65.53
6,4,4,2025-04-29,732.56,1.09,641.82,59.96
7,1,4,2025-04-29,650.01,3.4,726.87,61.81
8,3,4,2025-04-29,1341.67,7.05,1449.74,66.84
1,1,5,2025-04-29,624.46,18.9,725.27,351.94
2,2,5,2025-04-29,645.92,16.4,724.19,320.42
3,5,5,2025-04-29,1199.83,6.98,768.12,371.54
4,3,5,2025-04-29,1756.71,51.46,1823.72,372.73
5,2,5,2025-04-29,1051.04,29.54,1127.77,336.41
6,1,5,2025-04-29,596.27,18.19,682.49,357.82
7,2,5,2025-04-29,823.44,23.04,886.13,367.72
8,3,5,2025-04-29,1212.41,34.14,1295.3,368.6
1,1,1,2025-04-30,463.39,3.25,542.22,79.41
2,2,1,2025-04-30,688.39,4.1,746.61,74.3
3,2,1,2025-04-30,921.94,6.63,1020.84,90.35
4,3,1,2025-04-30,1758.12,11.18,1854.4,82.57
5,1,1,2025-04-30,865.92,5.76,968.2,75.96
6,1,1,2025-04-30,464.57,3.45,545.58,86.39
7,1,1,2025-04-30,763.91,5.0,896.93,77.32
8,5,1,2025-04-30,1484.8,1.85,968.05,84.16
1,4,2,2025-04-30,531.19,0.09,440.25,6.81
2,4,2,2025-04-30,972.68,0.18,804.05,7.42
3,1,2,2025-04-30,646.12,0.41,743.8,7.18
4,3,2,2025-04-30,1998.55,0.9,2140.72,6.24
5,2,2,2025-04-30,1101.99,0.57,1199.04,6.2
6,4,2,2025-04-30,545.62,0.1,459.09,6.95
7,1,2,2025-04-30,974.63,0.6,1152.71,7.37
8,3,2,2025-04-30,1672.43,0.91,1710.65,7.16
1,1,3,2025-04-30,294.72,3.18,330.86,127.96
2,3,3,2025-04-30,1036.88,10.76,1075.93,137.02
3,5,3,2025-04-30,439.8,0.87,290.38,132.42
4,3,3,2025-04-30,2102.88,20.5,2238.57,125.22
5,1,3,2025-04-30,969.6,10.76,1117.14,136.06
6,1,3,2025-04-30,304.58,3.54,357.53,135.36
7,1,3,2025-04-30,1013.18,12.08,1169.07,145.55
8,3,3,2025-04-30,1799.44,19.67,1887.13,140.1
1,2,4,2025-04-30,729.88,3.59,825.3,62.69
2,2,4,2025-04-30,1033.67,5.2,1109.58,66.19
3,5,4,2025-04-30,863.52,0.95,563.45,70.43
4,5,4,2025-04-30,1873.4,1.72,1186.61,61.67
5,1,4,2025-04-30,1337.22,8.19,1494.17,73.14
6,4,4,2025-04-30,746.37,1.27,618.21,65.43
7,4,4,2025-04-30,628.74,0.95,519.62,60.86
8,3,4,2025-04-30,1299.75,5.96,1331.51,63.36
1,1,5,2025-04-30,633.85,19.02,754.58,364.89
2,2,5,2025-04-30,654.41,20.25,705.31,381.9
3,1,5,2025-04-30,1106.89,32.94,1279.71,358.57
4,5,5,2025-04-30,1616.96,8.78,1042.16,364.18
5,4,5,2025-04-30,1093.41,9.8,944.93,365.46
6,2,5,2025-04-30,629.62,19.8,693.32,375.2
7,1,5,2025-04-30,879.93,25.78,986.98,333.88
8,3,5,2025-04-30,1229.11,28.9,1312.6,313.5
1,4,1,2025-05-01,492.7,1.1,428.21,90.76
2,3,1,2025-05-01,700.91,4.38,736.41,84.02
3,2,1,2025-05-01,903.13,5.49,970.52,77.46
4,3,1,2025-05-01,1910.32,11.91,2001.04,85.84
5,1,1,2025-05-01,900.84,6.94,1030.03,88.82
6,2,1,2025-05-01,490.3,3.6,551.83,87.75
7,2,1,2025-05-01,786.27,5.77,862.88,90.63
8,5,1,2025-05-01,1501.08,1.91,962.7,82.09
1,4,2,2025-05-01,528.85,0.07,440.39,5.59
2,2,2,2025-05-01,993.63,0.41,1124.2,5.47
3,1,2,2025-05-01,638.99,0.3,756.66,5.4
4,3,2,2025-05-01,1973.24,0.78,2035.84,5.41
5,1,2,2025-05-01,1127.83,0.54,1287.61,5.53
6,1,2,2025-05-01,564.16,0.25,654.19,5.23
7,2,2,2025-05-01,959.94,0.44,1040.59,5.91
8,3,2,2025-05-01,1570.34,0.66,1678.69,5.51
1,4,3,2025-05-01,309.55,0.98,267.51,132.0
2,3,3,2025-05-01,1078.78,9.81,1109.95,126.5
3,1,3,2025-05-01,427.61,4.58,485.18,129.55
4,5,3,2025-05-01,2200.1,4.57,1450.1,134.45
5,4,3,2025-05-01,951.6,3.01,786.71,127.5
6,2,3,2025-05-01,297.15,3.04,335.18,134.5
7,1,3,2025-05-01,1101.76,10.62,1297.21,117.35
8,5,3,2025-05-01,1745.29,3.3,1150.64,131.59
1,1,4,2025-05-01,746.15,4.13,849.12,65.77
2,4,4,2025-05-01,1097.36,1.99,918.74,70.12
3,1,4,2025-05-01,864.04,5.67,987.68,74.47
4,3,4,2025-05-01,1892.01,9.4,1940.17,64.97
5,2,4,2025-05-01,1306.6,7.66,1477.57,72.51
6,1,4,2025-05-01,690.44,4.17,780.99,68.01
7,2,4,2025-05-01,670.36,3.71,737.98,67.51
8,3,4,2025-05-01,1362.11,7.33,1423.62,70.72
1,4,5,2025-05-01,595.51,5.45,522.2,370.0
2,3,5,2025-05-01,661.94,18.78,679.9,369.03
3,5,5,2025-05-01,1122.21,6.04,752.63,366.5
4,5,5,2025-05-01,1754.65,9.04,1108.98,348.24
5,1,5,2025-05-01,1005.59,33.11,1149.84,393.65
6,1,5,2025-05-01,632.78,18.28,734.16,326.17
7,4,5,2025-05-01,881.21,8.05,750.6,356.54
8,5,5,2025-05-01,1262.34,6.05,803.34,328.6
1,2,1,2025-05-02,451.47,2.38,485.72,64.74
2,4,1,2025-05-02,717.84,1.32,599.88,76.29
3,5,1,2025-05-02,934.12,1.07,598.55,72.76
4,5,1,2025-05-02,1900.86,2.05,1261.02,72.01
5,1,1,2025-05-02,895.27,5.55,1055.11,70.34
6,1,1,2025-05-02,455.06,2.52,531.15,68.45
7,4,1,2025-05-02,739.98,1.33,629.56,69.38
8,3,1,2025-05-02,1402.11,7.42,1445.87,68.02
1,1,2,2025-05-02,524.52,0.48,620.35,11.01
2,2,2,2025-05-02,969.29,0.83,1072.89,10.21
3,2,2,2025-05-02,623.19,0.59,692.49,12.03
4,3,2,2025-05-02,2027.23,1.72,2073.31,11.12
5,4,2,2025-05-02,1171.86,0.32,1020.93,10.68
6,2,2,2025-05-02,550.64,0.56,590.91,12.24
7,1,2,2025-05-02,972.4,1.03,1140.11,12.01
8,5,2,2025-05-02,1579.5,0.25,1008.11,11.21
1,1,3,2025-05-02,314.38,3.65,368.97,134.77
2,2,3,2025-05-02,1027.12,9.8,1104.81,116.41
3,5,3,2025-05-02,466.46,0.86,310.43,125.45
4,3,3,2025-05-02,2138.49,18.61,2278.69,111.42
5,4,3,2025-05-02,979.39,2.63,851.29,113.02
6,1,3,2025-05-02,289.42,2.83,333.8,120.27
7,2,3,2025-05-02,1077.68,11.65,1200.99,128.82
8,5,3,2025-05-02,1838.32,3.29,1226.87,117.23
1,2,4,2025-05-02,700.75,2.95,763.37,54.94
2,2,4,2025-05-02,1089.95,4.53,1182.21,51.96
3,1,4,2025-05-02,899.15,4.46,1030.03,57.88
4,3,4,2025-05-02,1914.91,7.3,2040.67,51.64
5,1,4,2025-05-02,1252.79,6.35,1476.65,57.34
6,2,4,2025-05-02,742.12,3.02,829.88,50.42
7,2,4,2025-05-02,650.43,2.67,710.74,52.67
8,3,4,2025-05-02,1385.43,5.98,1431.45,57.8
1,2,5,2025-05-02,590.17,16.92,663.34,366.0
2,3,5,2025-05-02,667.66,18.74,689.63,375.71
3,2,5,2025-05-02,1099.94,30.78,1181.84,351.21
4,5,5,2025-05-02,1635.83,8.93,1075.27,372.77
5,4,5,2025-05-02,1101.97,11.02,952.44,400.88
6,1,5,2025-05-02,595.06,19.49,689.97,367.71
7,1,5,2025-05-02,883.04,26.3,1007.76,366.07
8,5,5,2025-05-02,1275.71,7.46,814.72,394.71
1,1,1,2025-05-03,462.12,1.19,532.7,30.61
2,2,1,2025-05-03,748.33,1.63,813.59,27.22
3,1,1,2025-05-03,895.38,2.1,1026.65,28.63
4,5,1,2025-05-03,1883.89,0.8,1251.12,26.97
5,4,1,2025-05-03,873.59,0.63,763.58,28.1
6,2,1,2025-05-03,468.87,1.11,504.49,30.15
7,4,1,2025-05-03,744.84,0.54,616.33,29.06
8,3,1,2025-05-03,1493.11,3.41,1614.5,29.14
1,4,2,2025-05-03,549.69,0.04,475.11,2.84
2,2,2,2025-05-03,956.45,0.21,1053.69,2.94
3,5,2,2025-05-03,636.86,0.03,419.99,3.02
4,5,2,2025-05-03,2069.72,0.1,1367.66,3.01
5,2,2,2025-05-03,1114.56,0.27,1222.39,3.13
6,4,2,2025-05-03,538.58,0.04,463.6,3.1
7,2,2,2025-05-03,926.7,0.21,1031.91,3.0
8,3,2,2025-05-03,1607.3,0.38,1722.64,3.21
1,2,3,2025-05-03,291.3,1.23,320.14,51.23
2,2,3,2025-05-03,1016.43,4.28,1128.3,54.4
3,2,3,2025-05-03,432.15,1.96,485.4,54.98
4,5,3,2025-05-03,2183.7,1.58,1413.13,48.28
5,1,3,2025-05-03,976.55,4.19,1114.98,48.67
6,2,3,2025-05-03,293.05,1.25,317.76,52.79
7,2,3,2025-05-03,1015.95,3.88,1123.35,48.1
8,3,3,2025-05-03,1815.21,7.31,1952.11,55.45
1,4,4,2025-05-03,713.75,0.53,608.73,29.36
2,2,4,2025-05-03,1102.17,2.47,1205.25,28.98
3,2,4,2025-05-03,929.59,1.83,1045.42,24.52
4,5,4,2025-05-03,1943.09,0.8,1241.66,28.96
5,1,4,2025-05-03,1287.01,2.87,1439.45,25.24
6,2,4,2025-05-03,733.34,1.68,792.39,29.25
7,1,4,2025-05-03,644.36,1.42,731.53,26.66
8,3,4,2025-05-03,1397.63,3.0,1473.37,28.83
1,2,5,2025-05-03,615.86,6.09,680.42,122.9
2,4,5,2025-05-03,619.61,2.05,520.09,126.95
3,1,5,2025-05-03,1193.81,13.61,1414.61,132.6
4,5,5,2025-05-03,1633.48,3.32,1045.02,132.29
5,2,5,2025-05-03,1071.08,12.19,1182.65,142.33
6,1,5,2025-05-03,598.92,6.91,678.83,131.48
7,4,5,2025-05-03,811.56,2.9,688.03,141.91
8,3,5,2025-05-03,1291.31,13.04,1369.11,135.26
1,1,1,2025-05-05,467.82,3.35,534.33,83.15
2,2,1,2025-05-05,726.34,5.06,804.05,84.91
3,1,1,2025-05-05,895.74,6.33,1027.03,80.2
4,3,1,2025-05-05,1834.96,12.08,1917.51,89.01
5,1,1,2025-05-05,870.27,6.76,1027.28,89.91
6,4,1,2025-05-05,491.61,1.18,410.24,95.24
7,1,1,2025-05-05,780.31,6.51,919.08,94.03
8,3,1,2025-05-05,1467.36,9.41,1579.86,85.17
1,4,2,2025-05-05,525.16,0.14,438.23,10.93
2,2,2,2025-05-05,947.98,0.82,1015.82,11.05
3,1,2,2025-05-05,639.19,0.61,728.32,10.95
4,3,2,2025-05-05,1970.77,1.57,2049.26,10.9
5,2,2,2025-05-05,1184.06,0.95,1330.35,10.5
6,4,2,2025-05-05,540.23,0.14,464.65,10.24
7,1,2,2025-05-05,961.76,0.85,1131.05,10.64
8,5,2,2025-05-05,1707.72,0.25,1105.2,9.91
1,1,3,2025-05-05,309.36,4.12,362.79,155.63
2,4,3,2025-05-05,1021.7,4.25,857.69,159.05
3,2,3,2025-05-05,431.57,6.1,484.77,184.95
4,5,3,2025-05-05,2158.87,6.04,1373.53,184.78
5,1,3,2025-05-05,913.7,12.66,1033.64,163.05
6,2,3,2025-05-05,298.79,4.09,321.98,174.93
7,1,3,2025-05-05,1037.81,16.02,1205.69,175.18
8,3,3,2025-05-05,1872.3,24.51,1920.1,166.46
1,1,4,2025-05-05,697.02,4.52,783.21,74.79
2,3,4,2025-05-05,1021.87,5.93,1096.57,74.1
3,2,4,2025-05-05,897.61,5.23,995.83,70.33
4,5,4,2025-05-05,1901.62,2.07,1251.4,69.6
5,4,4,2025-05-05,1290.34,2.48,1066.21,74.82
6,4,4,2025-05-05,726.7,1.47,633.25,78.02
7,2,4,2025-05-05,674.35,3.77,751.72,72.13
8,3,4,2025-05-05,1330.27,7.02,1356.41,71.52
1,1,5,2025-05-05,605.8,16.69,704.15,336.15
2,2,5,2025-05-05,636.97,16.19,719.17,332.7
3,2,5,2025-05-05,1197.99,29.52,1318.62,319.49
4,3,5,2025-05-05,1678.64,44.03,1729.21,337.54
5,1,5,2025-05-05,1050.18,28.1,1220.69,305.02
6,4,5,2025-05-05,608.92,5.48,523.21,349.81
7,4,5,2025-05-05,886.35,6.61,754.95,290.28
8,3,5,2025-05-05,1241.43,31.8,1283.15,330.63
1,1,1,2025-05-06,487.89,3.69,578.53,88.2
2,3,1,2025-05-06,709.51,4.39,725.98,81.49
3,2,1,2025-05-06,897.05,5.94,983.73,84.59
4,3,1,2025-05-06,1920.93,11.69,2052.22,81.08
5,4,1,2025-05-06,902.46,1.82,752.6,78.71
6,2,1,2025-05-06,479.38,3.34,525.25,87.41
7,1,1,2025-05-06,713.85,5.05,803.46,84.01
8,3,1,2025-05-06,1430.05,10.11,1514.87,90.99
1,2,2,2025-05-06,552.8,0.3,596.07,6.7
2,2,2,2025-05-06,947.92,0.57,1018.16,7.85
3,1,2,2025-05-06,610.87,0.42,698.62,7.75
4,5,2,2025-05-06,2039.18,0.22,1346.23,7.39
5,1,2,2025-05-06,1166.8,0.7,1365.48,6.71
6,1,2,2025-05-06,562.79,0.32,634.67,6.71
7,1,2,2025-05-06,977.37,0.63,1116.94,7.47
8,5,2,2025-05-06,1574.06,0.16,1048.88,7.18
1,2,3,2025-05-06,309.84,3.68,341.01,147.3
2,2,3,2025-05-06,1004.51,14.08,1074.9,172.64
3,1,3,2025-05-06,455.15,5.84,527.55,147.21
4,3,3,2025-05-06,2171.56,25.07,2231.62,152.09
5,2,3,2025-05-06,981.95,12.2,1063.75,148.63
6,1,3,2025-05-06,305.84,3.94,354.24,159.18
7,2,3,2025-05-06,1048.51,12.19,1148.06,146.8
8,5,3,2025-05-06,1859.57,4.31,1236.48,147.37
1,2,4,2025-05-06,704.26,4.17,768.69,72.51
2,2,4,2025-05-06,1057.61,5.39,1148.13,65.82
3,1,4,2025-05-06,895.02,5.03,1012.97,68.56
4,3,4,2025-05-06,1892.59,10.28,1977.28,74.71
5,1,4,2025-05-06,1318.58,8.06,1536.6,73.67
6,2,4,2025-05-06,705.58,4.37,771.8,75.71
7,2,4,2025-05-06,676.0,3.75,730.78,66.64
8,3,4,2025-05-06,1345.13,7.16,1401.41,71.81
1,2,5,2025-05-06,644.45,16.26,720.62,317.85
2,3,5,2025-05-06,656.79,14.61,705.71,283.24
3,2,5,2025-05-06,1185.52,29.57,1276.01,300.99
4,5,5,2025-05-06,1618.36,6.97,1061.17,277.58
5,4,5,2025-05-06,1017.32,7.15,886.93,290.48
6,2,5,2025-05-06,623.74,14.59,679.78,299.29
7,2,5,2025-05-06,821.8,18.84,898.19,288.6
8,3,5,2025-05-06,1250.12,27.06,1321.13,295.87
1,1,1,2025-05-07,454.28,4.19,519.59,105.52
2,2,1,2025-05-07,711.25,5.83,786.7,103.3
3,2,1,2025-05-07,916.94,6.74,1023.82,91.75
4,5,1,2025-05-07,1769.2,2.46,1157.11,88.59
5,1,1,2025-05-07,900.08,7.55,1035.09,94.98
6,2,1,2025-05-07,454.7,3.42,495.85,96.03
7,4,1,2025-05-07,757.76,1.89,655.81,104.76
8,5,1,2025-05-07,1454.88,2.03,935.15,93.5
1,4,2,2025-05-07,547.29,0.13,464.04,10.02
2,4,2,2025-05-07,956.67,0.21,824.35,9.01
3,1,2,2025-05-07,622.62,0.51,731.43,9.47
4,5,2,2025-05-07,2000.06,0.28,1314.09,9.4
5,2,2,2025-05-07,1179.33,0.92,1328.61,9.38
6,1,2,2025-05-07,532.86,0.42,613.61,9.17
7,4,2,2025-05-07,973.42,0.25,810.07,9.7
8,5,2,2025-05-07,1720.04,0.24,1085.28,8.93
1,4,3,2025-05-07,294.24,0.91,256.24,124.86
2,4,3,2025-05-07,1037.93,3.33,878.62,131.7
3,2,3,2025-05-07,429.0,4.96,466.37,148.46
4,5,3,2025-05-07,2291.27,4.69,1447.88,140.01
5,2,3,2025-05-07,963.74,10.43,1055.6,142.04
6,4,3,2025-05-07,308.74,1.15,257.85,148.6
7,4,3,2025-05-07,1016.76,3.55,886.68,135.01
8,5,3,2025-05-07,1849.7,4.01,1199.69,140.62
1,4,4,2025-05-07,720.51,1.14,606.67,63.36
2,4,4,2025-05-07,1082.38,1.61,904.22,59.65
3,2,4,2025-05-07,873.39,4.59,962.34,67.96
4,5,4,2025-05-07,2045.05,1.88,1353.48,59.36
5,4,4,2025-05-07,1276.94,1.93,1073.02,59.33
6,1,4,2025-05-07,694.01,3.56,787.45,60.59
7,4,4,2025-05-07,644.97,1.05,560.77,68.23
8,5,4,2025-05-07,1286.51,1.2,814.59,64.17
1,1,5,2025-05-07,613.94,21.67,718.32,398.02
2,2,5,2025-05-07,648.35,24.29,704.39,464.66
3,5,5,2025-05-07,1189.02,7.32,789.93,390.96
4,3,5,2025-05-07,1698.39,54.59,1768.63,432.08
5,1,5,2025-05-07,1078.62,35.53,1263.01,404.04
6,1,5,2025-05-07,622.1,23.56,710.59,454.32
7,2,5,2025-05-07,857.42,26.47,958.65,397.58
8,3,5,2025-05-07,1309.06,39.48,1416.28,391.55
1,2,1,2025-05-08,478.79,3.45,515.39,88.48
2,3,1,2025-05-08,739.81,4.84,755.6,87.98
3,2,1,2025-05-08,908.89,5.62,1002.96,78.56
4,3,1,2025-05-08,1757.87,10.92,1809.18,81.92
5,2,1,2025-05-08,875.88,6.69,951.64,93.18
6,1,1,2025-05-08,484.65,3.79,564.91,89.47
7,4,1,2025-05-08,718.15,1.55,610.1,89.94
8,3,1,2025-05-08,1433.52,9.15,1520.79,83.96
1,4,2,2025-05-08,519.15,0.15,451.0,11.51
2,2,2,2025-05-08,941.09,0.81,1052.24,11.01
3,5,2,2025-05-08,629.81,0.11,399.45,11.55
4,3,2,2025-05-08,1988.44,1.51,2084.96,10.58
5,4,2,2025-05-08,1204.89,0.31,1020.94,10.5
6,1,2,2025-05-08,523.99,0.48,603.35,10.72
7,1,2,2025-05-08,945.65,0.84,1094.19,10.48
8,5,2,2025-05-08,1658.29,0.28,1099.49,11.01
1,4,3,2025-05-08,294.79,1.12,244.51,150.0
2,2,3,2025-05-08,1051.72,12.51,1189.83,142.1
3,1,3,2025-05-08,456.37,5.19,513.05,136.79
4,3,3,2025-05-08,2183.06,22.07,2307.36,140.24
5,2,3,2025-05-08,984.07,10.1,1076.86,128.65
6,1,3,2025-05-08,301.72,3.67,343.2,138.54
7,1,3,2025-05-08,1045.41,12.95,1239.62,141.43
8,5,3,2025-05-08,1745.03,3.8,1119.45,148.75
1,2,4,2025-05-08,741.82,4.21,823.73,69.9
2,3,4,2025-05-08,1102.32,6.36,1185.97,74.18
3,1,4,2025-05-08,871.08,5.44,1012.38,74.98
4,3,4,2025-05-08,1910.66,10.45,1995.83,73.86
5,1,4,2025-05-08,1311.12,8.38,1483.63,77.88
6,2,4,2025-05-08,701.9,3.92,776.07,67.06
7,2,4,2025-05-08,670.99,3.99,743.82,77.71
8,5,4,2025-05-08,1282.6,1.46,827.92,77.59
1,1,5,2025-05-08,641.36,20.79,735.64,388.83
2,2,5,2025-05-08,662.9,18.84,714.59,355.18
3,5,5,2025-05-08,1186.24,6.98,763.06,381.5
4,3,5,2025-05-08,1780.05,53.43,1847.3,387.55
5,4,5,2025-05-08,1054.91,9.11,903.11,333.11
6,2,5,2025-05-08,604.42,17.73,664.72,351.18
7,1,5,2025-05-08,892.42,29.07,1002.46,393.83
8,5,5,2025-05-08,1288.35,7.2,841.09,368.12
1,2,1,2025-05-09,474.01,3.5,524.52,91.66
2,3,1,2025-05-09,753.68,6.09,776.93,106.04
3,5,1,2025-05-09,859.54,1.23,555.47,94.18
4,3,1,2025-05-09,1935.33,14.01,2018.93,100.26
5,2,1,2025-05-09,861.54,7.05,953.52,98.08
6,1,1,2025-05-09,455.39,3.75,527.68,95.93
7,4,1,2025-05-09,761.8,1.83,652.28,92.16
8,3,1,2025-05-09,1408.72,11.24,1512.63,103.98
1,2,2,2025-05-09,543.02,0.44,601.41,10.05
2,3,2,2025-05-09,1020.8,0.75,1055.67,9.99
3,5,2,2025-05-09,599.71,0.09,384.06,10.17
4,3,2,2025-05-09,1967.11,1.41,2027.09,9.52
5,4,2,2025-05-09,1102.23,0.3,910.52,11.12
6,1,2,2025-05-09,528.64,0.43,615.28,9.21
7,2,2,2025-05-09,916.45,0.78,982.04,10.36
8,5,2,2025-05-09,1689.8,0.27,1122.87,10.45
1,4,3,2025-05-09,313.07,1.03,259.44,134.31
2,4,3,2025-05-09,1082.71,3.84,928.97,146.8
3,5,3,2025-05-09,448.65,0.91,291.28,133.21
4,5,3,2025-05-09,2273.22,4.73,1503.82,143.51
5,4,3,2025-05-09,915.37,3.57,801.3,158.93
6,4,3,2025-05-09,289.54,1.04,252.21,147.47
7,1,3,2025-05-09,1057.37,13.07,1225.67,146.47
8,3,3,2025-05-09,1822.03,19.89,1903.12,139.9
1,4,4,2025-05-09,751.69,1.3,657.63,68.62
2,2,4,2025-05-09,1065.65,5.82,1147.05,69.0
3,1,4,2025-05-09,862.67,4.75,1018.8,66.45
4,5,4,2025-05-09,1972.56,1.95,1277.2,63.23
5,2,4,2025-05-09,1362.16,6.7,1536.39,59.93
6,4,4,2025-05-09,753.38,1.2,633.55,61.7
7,2,4,2025-05-09,649.4,2.99,703.22,59.51
8,3,4,2025-05-09,1371.15,6.68,1470.63,64.17
1,1,5,2025-05-09,589.79,19.22,688.69,383.51
2,2,5,2025-05-09,649.76,20.87,715.86,419.93
3,5,5,2025-05-09,1180.11,6.07,778.23,359.19
4,3,5,2025-05-09,1715.43,48.01,1800.68,385.0
5,1,5,2025-05-09,1028.82,30.79,1222.82,359.53
6,2,5,2025-05-09,641.49,19.06,721.59,367.42
7,2,5,2025-05-09,844.16,26.8,928.05,379.5
8,3,5,2025-05-09,1284.31,34.06,1390.25,369.62
1,1,1,2025-05-10,479.02,0.99,560.34,24.77
2,4,1,2025-05-10,689.13,0.41,600.69,24.77
3,5,1,2025-05-10,931.8,0.37,612.92,27.28
4,3,1,2025-05-10,1917.32,3.5,1995.52,25.38
5,1,1,2025-05-10,942.44,1.87,1087.87,22.61
6,2,1,2025-05-10,470.42,0.91,504.65,24.14
7,4,1,2025-05-10,773.08,0.48,647.87,24.02
8,5,1,2025-05-10,1474.52,0.53,982.84,23.66
1,1,2,2025-05-10,547.92,0.19,622.03,4.31
2,4,2,2025-05-10,955.09,0.1,802.68,4.32
3,2,2,2025-05-10,596.27,0.18,666.22,3.87
4,3,2,2025-05-10,1984.03,0.61,2046.9,4.3
5,2,2,2025-05-10,1137.77,0.36,1268.96,3.77
6,1,2,2025-05-10,540.74,0.2,618.15,4.39
7,2,2,2025-05-10,962.19,0.31,1054.95,4.21
8,3,2,2025-05-10,1592.51,0.47,1655.92,3.91
1,2,3,2025-05-10,293.47,0.97,330.39,41.06
2,4,3,2025-05-10,1022.36,1.07,846.17,43.42
3,1,3,2025-05-10,454.72,1.56,508.37,41.32
4,3,3,2025-05-10,2257.66,7.51,2371.78,44.41
5,4,3,2025-05-10,955.55,1.04,796.41,45.67
6,4,3,2025-05-10,306.47,0.33,261.48,42.41
7,4,3,2025-05-10,1083.84,1.21,941.82,42.65
8,3,3,2025-05-10,1726.54,5.81,1847.11,43.08
1,2,4,2025-05-10,691.22,1.32,753.24,24.37
2,2,4,2025-05-10,1033.51,2.15,1147.94,26.71
3,1,4,2025-05-10,908.46,1.87,1042.19,24.71
4,3,4,2025-05-10,1881.11,3.46,1971.9,24.26
5,1,4,2025-05-10,1296.89,2.99,1471.93,27.48
6,2,4,2025-05-10,736.3,1.55,811.78,27.51
7,4,4,2025-05-10,667.72,0.47,553.47,27.31
8,3,4,2025-05-10,1321.55,2.71,1393.91,26.44
1,4,5,2025-05-10,604.12,1.85,514.01,117.74
2,3,5,2025-05-10,682.36,5.79,706.78,114.29
3,5,5,2025-05-10,1179.78,2.02,755.24,120.3
4,3,5,2025-05-10,1638.44,15.16,1701.03,120.51
5,1,5,2025-05-10,1036.77,12.02,1158.47,131.08
6,2,5,2025-05-10,621.05,5.81,665.99,112.22
7,1,5,2025-05-10,811.03,8.27,906.58,120.79
8,3,5,2025-05-10,1203.66,11.36,1276.24,124.12
1,2,1,2025-05-12,459.0,3.1,494.31,84.05
2,2,1,2025-05-12,726.24,5.79,778.73,94.95
3,5,1,2025-05-12,876.35,1.09,553.83,84.44
4,5,1,2025-05-12,1820.21,2.71,1180.88,96.74
5,2,1,2025-05-12,906.16,6.93,1019.24,96.88
6,4,1,2025-05-12,477.02,1.03,395.19,87.38
7,4,1,2025-05-12,752.51,1.65,638.91,84.7
8,5,1,2025-05-12,1512.99,2.13,970.64,96.24
1,4,2,2025-05-12,544.89,0.14,470.11,10.43
2,4,2,2025-05-12,958.59,0.25,815.56,10.77
3,1,2,2025-05-12,623.56,0.59,719.3,11.54
4,5,2,2025-05-12,2018.81,0.32,1342.71,10.91
5,2,2,2025-05-12,1180.14,1.03,1326.86,11.02
6,4,2,2025-05-12,555.89,0.15,475.9,10.96
7,1,2,2025-05-12,932.42,0.83,1102.63,11.04
8,5,2,2025-05-12,1584.42,0.25,1032.52,11.07
1,1,3,2025-05-12,298.43,3.28,337.54,124.75
2,3,3,2025-05-12,1092.19,10.07,1137.97,127.61
3,1,3,2025-05-12,443.97,4.57,526.06,126.54
4,3,3,2025-05-12,2104.93,19.86,2271.26,123.04
5,2,3,2025-05-12,949.72,9.01,1036.4,119.49
6,2,3,2025-05-12,302.16,2.97,329.81,126.76
7,1,3,2025-05-12,1023.26,10.86,1161.67,125.53
8,5,3,2025-05-12,1884.35,3.79,1196.01,136.08
1,2,4,2025-05-12,734.0,3.93,786.53,67.17
2,4,4,2025-05-12,1045.82,1.66,903.24,62.09
3,5,4,2025-05-12,912.35,0.84,602.07,61.59
4,5,4,2025-05-12,2017.78,1.77,1298.54,60.03
5,1,4,2025-05-12,1306.98,6.27,1513.4,57.46
6,2,4,2025-05-12,729.16,3.57,824.67,61.93
7,2,4,2025-05-12,662.13,2.86,717.71,55.68
8,5,4,2025-05-12,1396.92,1.3,895.6,64.89
1,1,5,2025-05-12,638.95,16.75,717.59,318.34
2,3,5,2025-05-12,645.61,15.4,694.14,328.14
3,5,5,2025-05-12,1173.74,6.15,773.47,359.74
4,3,5,2025-05-12,1711.14,46.6,1750.71,370.95
5,4,5,2025-05-12,1094.26,9.37,950.45,333.69
6,2,5,2025-05-12,612.32,18.45,667.8,370.88
7,2,5,2025-05-12,847.74,23.19,916.99,327.78
8,5,5,2025-05-12,1268.96,5.83,810.96,314.63
1,4,1,2025-05-13,450.91,0.98,382.24,91.32
2,2,1,2025-05-13,700.41,5.23,761.91,93.25
3,1,1,2025-05-13,941.54,6.73,1089.74,87.91
4,3,1,2025-05-13,1922.05,11.64,1998.52,79.36
5,2,1,2025-05-13,932.58,6.19,1017.04,84.98
6,2,1,2025-05-13,449.21,3.37,497.21,95.5
7,4,1,2025-05-13,759.18,1.64,631.4,82.75
8,3,1,2025-05-13,1481.41,9.36,1532.61,86.12
1,4,2,2025-05-13,521.36,0.16,446.59,12.46
2,2,2,2025-05-13,1020.53,0.96,1103.74,11.8
3,1,2,2025-05-13,614.68,0.66,687.25,12.35
4,5,2,2025-05-13,2029.87,0.34,1353.17,11.34
5,2,2,2025-05-13,1092.9,1.0,1193.55,11.95
6,1,2,2025-05-13,531.09,0.52,621.74,11.37
7,1,2,2025-05-13,962.37,0.91,1116.17,10.83
8,5,2,2025-05-13,1687.61,0.28,1065.32,10.94
1,4,3,2025-05-13,311.06,1.03,265.54,129.35
2,3,3,2025-05-13,1045.11,9.52,1065.77,120.63
3,2,3,2025-05-13,464.87,4.17,519.0,117.4
4,3,3,2025-05-13,2267.07,22.5,2431.35,134.27
5,2,3,2025-05-13,986.39,11.35,1101.47,137.74
6,2,3,2025-05-13,302.21,3.03,336.71,124.0
7,1,3,2025-05-13,1008.47,12.68,1175.3,141.11
8,5,3,2025-05-13,1844.74,3.92,1224.54,138.86
1,4,4,2025-05-13,740.85,1.04,630.38,53.67
2,2,4,2025-05-13,1059.37,4.8,1152.9,57.76
3,2,4,2025-05-13,908.75,4.22,1019.7,59.79
4,5,4,2025-05-13,1910.34,1.53,1277.46,52.2
5,2,4,2025-05-13,1351.11,5.39,1506.29,51.9
6,4,4,2025-05-13,734.68,1.15,609.01,60.69
7,1,4,2025-05-13,638.92,3.06,723.4,54.01
8,3,4,2025-05-13,1283.05,5.06,1342.62,51.59
1,4,5,2025-05-13,650.24,5.88,545.47,375.01
2,4,5,2025-05-13,680.69,6.06,581.41,362.98
3,1,5,2025-05-13,1187.57,36.94,1361.84,378.74
4,5,5,2025-05-13,1741.91,9.06,1135.33,362.48
5,4,5,2025-05-13,1052.77,9.56,895.19,377.33
6,4,5,2025-05-13,622.85,5.32,533.69,347.62
7,2,5,2025-05-13,813.23,22.53,875.61,350.35
8,3,5,2025-05-13,1274.74,32.17,1333.81,331.74
1,2,1,2025-05-14,481.64,3.08,542.46,79.55
2,3,1,2025-05-14,712.18,4.32,745.4,82.34
3,2,1,2025-05-14,911.12,5.96,984.62,79.43
4,3,1,2025-05-14,1937.15,12.64,2028.1,83.96
5,1,1,2025-05-14,890.55,5.67,997.9,72.41
6,1,1,2025-05-14,466.11,2.92,524.02,76.56
7,2,1,2025-05-14,739.22,4.44,814.29,75.53
8,5,1,2025-05-14,1425.43,1.74,921.38,80.97
1,2,2,2025-05-14,553.59,0.39,594.42,8.75
2,2,2,2025-05-14,955.97,0.65,1023.42,8.88
3,5,2,2025-05-14,616.68,0.09,408.31,9.04
4,3,2,2025-05-14,2007.19,1.18,2092.79,8.2
5,2,2,2025-05-14,1129.89,0.79,1269.94,8.38
6,2,2,2025-05-14,516.71,0.38,583.25,9.02
7,1,2,2025-05-14,916.15,0.73,1055.54,9.63
8,5,2,2025-05-14,1570.3,0.23,1040.39,9.5
1,1,3,2025-05-14,306.91,4.48,352.96,164.25
2,2,3,2025-05-14,1090.1,14.48,1175.92,159.14
3,1,3,2025-05-14,450.57,6.03,529.39,162.88
4,5,3,2025-05-14,2250.89,5.78,1439.78,167.17
5,4,3,2025-05-14,976.3,3.7,819.61,158.46
6,4,3,2025-05-14,285.36,1.26,248.69,174.78
7,2,3,2025-05-14,1060.12,15.73,1195.8,178.03
8,5,3,2025-05-14,1734.29,4.32,1131.98,158.29
1,1,4,2025-05-14,699.1,3.43,781.17,59.06
2,3,4,2025-05-14,1093.51,4.85,1167.4,59.97
3,5,4,2025-05-14,899.29,0.94,567.89,66.29
4,5,4,2025-05-14,1949.66,1.77,1248.73,62.08
5,1,4,2025-05-14,1350.48,7.14,1558.31,61.42
6,1,4,2025-05-14,731.37,3.58,847.7,59.58
7,2,4,2025-05-14,627.06,3.37,702.97,64.89
8,3,4,2025-05-14,1330.26,6.35,1367.19,60.77
1,4,5,2025-05-14,606.38,5.18,508.69,358.95
2,3,5,2025-05-14,627.48,15.05,659.65,317.68
3,2,5,2025-05-14,1146.68,30.9,1273.39,338.19
4,3,5,2025-05-14,1726.57,41.33,1841.88,306.88
5,4,5,2025-05-14,1052.38,7.83,898.21,313.08
6,4,5,2025-05-14,597.01,5.27,510.82,343.15
7,2,5,2025-05-14,866.69,24.17,961.33,356.56
8,3,5,2025-05-14,1218.09,31.26,1312.66,353.91
1,1,1,2025-05-15,481.13,3.3,561.46,80.2
2,3,1,2025-05-15,695.93,4.23,750.33,81.18
3,1,1,2025-05-15,863.88,6.44,964.86,90.46
4,5,1,2025-05-15,1791.13,2.29,1174.68,83.99
5,4,1,2025-05-15,862.78,1.69,752.61,75.77
6,1,1,2025-05-15,468.53,3.22,528.36,82.51
7,2,1,2025-05-15,774.25,5.47,848.26,87.81
8,3,1,2025-05-15,1512.87,9.89,1585.61,89.56
1,1,2,2025-05-15,524.88,0.47,603.83,10.63
2,4,2,2025-05-15,933.64,0.22,792.32,9.94
3,5,2,2025-05-15,592.51,0.1,396.26,11.13
4,5,2,2025-05-15,2116.4,0.37,1386.27,11.48
5,2,2,2025-05-15,1098.9,0.99,1206.45,11.52
6,2,2,2025-05-15,544.37,0.46,609.39,11.12
7,2,2,2025-05-15,949.66,0.79,1018.25,10.29
8,3,2,2025-05-15,1706.59,1.43,1745.4,11.22
1,4,3,2025-05-15,286.94,1.07,246.34,156.19
2,3,3,2025-05-15,1051.04,12.86,1097.94,159.77
3,2,3,2025-05-15,464.7,5.35,513.15,147.31
4,5,3,2025-05-15,2135.18,4.37,1348.46,141.45
5,2,3,2025-05-15,940.37,11.05,1047.27,145.46
6,1,3,2025-05-15,288.44,4.0,324.18,160.49
7,2,3,2025-05-15,1075.01,13.99,1155.81,157.85
8,5,3,2025-05-15,1862.52,4.43,1231.04,165.26
1,1,4,2025-05-15,730.72,4.6,835.53,71.04
2,4,4,2025-05-15,1001.35,1.64,832.87,65.77
3,2,4,2025-05-15,925.14,5.17,1021.71,72.47
4,3,4,2025-05-15,1896.16,10.96,2043.09,76.97
5,2,4,2025-05-15,1320.98,7.65,1414.29,72.73
6,4,4,2025-05-15,706.77,1.22,601.71,70.07
7,2,4,2025-05-15,673.55,4.2,763.83,75.23
8,3,4,2025-05-15,1328.17,7.0,1394.22,73.91
1,1,5,2025-05-15,634.86,21.64,741.72,387.78
2,2,5,2025-05-15,624.01,17.99,697.83,355.63
3,2,5,2025-05-15,1143.1,35.88,1272.67,398.03
4,5,5,2025-05-15,1720.04,10.07,1121.43,381.12
5,4,5,2025-05-15,1083.83,9.33,950.78,350.78
6,4,5,2025-05-15,601.97,5.95,508.98,402.95
7,2,5,2025-05-15,888.33,27.5,996.21,379.35
8,3,5,2025-05-15,1309.72,39.63,1354.15,389.8
1,4,1,2025-05-16,493.05,0.82,416.94,65.98
2,4,1,2025-05-16,727.33,1.37,616.52,74.98
3,2,1,2025-05-16,910.61,5.44,980.94,72.04
4,5,1,2025-05-16,1906.29,2.07,1240.45,73.32
5,2,1,2025-05-16,892.08,5.23,954.07,71.11
6,1,1,2025-05-16,485.01,3.01,573.82,70.4
7,1,1,2025-05-16,717.48,3.96,816.96,67.47
8,3,1,2025-05-16,1487.47,7.75,1526.84,71.59
1,4,2,2025-05-16,564.02,0.09,469.69,6.02
2,4,2,2025-05-16,996.6,0.15,847.62,6.39
3,5,2,2025-05-16,636.99,0.05,415.69,5.83
4,3,2,2025-05-16,2015.44,0.93,2091.42,6.02
5,1,2,2025-05-16,1207.03,0.58,1354.05,5.85
6,4,2,2025-05-16,533.13,0.08,446.53,6.25
7,1,2,2025-05-16,957.89,0.51,1099.44,6.56
8,3,2,2025-05-16,1616.98,0.82,1719.19,6.55
1,2,3,2025-05-16,290.3,2.7,321.97,113.57
2,4,3,2025-05-16,1027.26,2.93,861.89,112.59
3,5,3,2025-05-16,432.67,0.69,273.67,112.13
4,3,3,2025-05-16,2287.46,19.61,2389.19,112.45
5,4,3,2025-05-16,909.32,2.92,797.12,131.06
6,1,3,2025-05-16,308.63,3.02,355.9,117.93
7,4,3,2025-05-16,1090.88,3.4,931.75,127.89
8,5,3,2025-05-16,1855.96,3.35,1180.17,117.64
1,4,4,2025-05-16,745.88,1.18,639.73,64.46
2,2,4,2025-05-16,1099.46,5.65,1184.85,67.46
3,5,4,2025-05-16,886.31,0.88,584.34,69.54
4,5,4,2025-05-16,1990.38,1.8,1269.93,60.0
5,2,4,2025-05-16,1293.81,6.28,1465.7,59.18
6,2,4,2025-05-16,715.36,3.23,778.73,58.6
7,2,4,2025-05-16,676.99,3.42,764.22,61.16
8,3,4,2025-05-16,1389.61,6.86,1477.2,68.33
1,1,5,2025-05-16,605.66,14.18,716.76,288.82
2,2,5,2025-05-16,664.64,16.6,751.76,310.59
3,2,5,2025-05-16,1133.68,25.88,1277.65,297.44
4,3,5,2025-05-16,1670.66,35.71,1746.95,291.5
5,2,5,2025-05-16,1028.35,23.2,1153.22,290.43
6,2,5,2025-05-16,592.89,12.8,649.69,272.68
7,2,5,2025-05-16,819.41,20.37,883.5,301.34
8,5,5,2025-05-16,1218.29,5.38,773.03,298.08
1,4,1,2025-05-17,483.27,0.42,408.12,33.18
2,4,1,2025-05-17,729.63,0.62,625.64,33.17
3,2,1,2025-05-17,916.68,2.54,1027.59,33.31
4,5,1,2025-05-17,1869.95,0.9,1249.84,30.92
5,4,1,2025-05-17,884.1,0.85,744.32,37.38
6,1,1,2025-05-17,480.74,1.58,562.66,37.43
7,2,1,2025-05-17,770.96,2.23,850.97,37.06
8,5,1,2025-05-17,1397.9,0.72,912.8,34.38
1,2,2,2025-05-17,538.32,0.13,583.4,3.2
2,3,2,2025-05-17,958.05,0.26,998.37,3.53
3,2,2,2025-05-17,607.13,0.17,651.56,3.6
4,5,2,2025-05-17,2090.32,0.11,1356.0,3.43
5,2,2,2025-05-17,1117.07,0.28,1213.29,3.13
6,4,2,2025-05-17,530.4,0.04,449.12,3.2
7,1,2,2025-05-17,951.31,0.25,1085.77,3.07
8,3,2,2025-05-17,1577.36,0.42,1702.48,3.53
1,1,3,2025-05-17,294.36,1.38,348.11,56.26
2,3,3,2025-05-17,1021.53,4.19,1081.61,55.14
3,1,3,2025-05-17,449.36,2.15,504.93,55.89
4,5,3,2025-05-17,2228.79,1.75,1434.31,53.36
5,2,3,2025-05-17,982.2,4.29,1102.93,54.32
6,1,3,2025-05-17,310.91,1.58,352.76,58.91
7,4,3,2025-05-17,1005.07,1.47,867.26,60.24
8,3,3,2025-05-17,1782.76,6.53,1837.02,50.4
1,4,4,2025-05-17,715.09,0.57,624.22,31.33
2,4,4,2025-05-17,999.48,0.81,832.89,31.28
3,5,4,2025-05-17,863.6,0.39,558.28,31.03
4,5,4,2025-05-17,1859.65,0.85,1226.26,31.2
5,4,4,2025-05-17,1253.42,0.97,1060.81,29.78
6,1,4,2025-05-17,698.82,1.94,786.47,33.96
7,1,4,2025-05-17,635.56,1.56,747.44,29.36
8,3,4,2025-05-17,1307.37,2.93,1343.37,30.3
1,1,5,2025-05-17,594.93,7.33,667.22,143.37
2,2,5,2025-05-17,624.9,6.56,676.8,130.72
3,5,5,2025-05-17,1104.12,2.1,704.74,131.28
4,5,5,2025-05-17,1777.41,3.32,1138.28,128.2
5,4,5,2025-05-17,1024.19,3.76,860.41,148.07
6,1,5,2025-05-17,602.43,6.6,705.71,130.11
7,2,5,2025-05-17,859.3,8.94,933.31,136.85
8,5,5,2025-05-17,1241.17,2.53,818.68,132.39
1,4,1,2025-05-19,491.19,1.02,421.59,81.21
2,3,1,2025-05-19,729.01,4.89,773.82,91.8
3,5,1,2025-05-19,912.33,1.15,605.28,83.14
4,5,1,2025-05-19,1832.38,2.44,1168.54,90.22
5,2,1,2025-05-19,943.37,6.53,1042.54,83.89
6,1,1,2025-05-19,459.07,3.47,518.15,90.04
7,1,1,2025-05-19,777.93,5.74,891.16,85.71
8,5,1,2025-05-19,1392.76,1.86,890.54,85.06
1,2,2,2025-05-19,558.85,0.45,628.8,10.53
2,3,2,2025-05-19,1021.53,0.78,1083.45,9.91
3,2,2,2025-05-19,601.92,0.5,679.15,10.29
4,3,2,2025-05-19,2103.69,1.73,2260.44,10.9
5,4,2,2025-05-19,1121.23,0.28,964.97,9.7
6,2,2,2025-05-19,539.67,0.44,588.01,10.31
7,1,2,2025-05-19,917.38,0.79,1082.58,10.04
8,3,2,2025-05-19,1690.42,1.26,1750.7,10.22
1,4,3,2025-05-19,293.6,1.07,249.66,145.62
2,4,3,2025-05-19,1058.16,3.6,913.04,141.71
3,1,3,2025-05-19,440.82,5.45,512.2,143.37
4,3,3,2025-05-19,2181.36,22.28,2353.2,140.03
5,1,3,2025-05-19,912.14,12.09,1031.71,155.67
6,2,3,2025-05-19,287.65,3.15,312.35,136.86
7,1,3,2025-05-19,1037.35,12.22,1218.33,143.4
8,3,3,2025-05-19,1879.74,19.63,2012.38,137.7
1,4,4,2025-05-19,749.08,1.06,632.82,54.23
2,3,4,2025-05-19,1057.75,4.61,1143.13,55.41
3,2,4,2025-05-19,925.54,4.43,1035.47,61.11
4,5,4,2025-05-19,1888.37,1.81,1246.13,61.71
5,4,4,2025-05-19,1256.38,1.97,1084.5,64.11
6,1,4,2025-05-19,750.04,3.45,844.51,56.3
7,4,4,2025-05-19,673.44,1.07,556.12,61.06
8,5,4,2025-05-19,1393.29,1.24,883.15,57.15
1,4,5,2025-05-19,595.81,5.8,505.92,381.33
2,3,5,2025-05-19,654.37,16.55,710.77,340.28
3,1,5,2025-05-19,1139.84,37.65,1302.08,399.65
4,3,5,2025-05-19,1620.59,47.25,1690.3,404.61
5,4,5,2025-05-19,1000.39,9.29,856.7,363.48
6,2,5,2025-05-19,634.35,17.5,688.63,336.23
7,1,5,2025-05-19,830.63,24.93,969.02,353.88
8,5,5,2025-05-19,1269.6,6.77,829.0,348.93
1,1,1,2025-05-20,459.73,4.13,536.04,105.15
2,2,1,2025-05-20,736.44,6.58,810.96,107.71
3,1,1,2025-05-20,858.39,8.24,964.2,108.48
4,5,1,2025-05-20,1759.43,2.53,1150.4,94.44
5,4,1,2025-05-20,862.47,1.99,740.69,89.34
6,1,1,2025-05-20,488.5,3.73,574.02,89.62
7,2,1,2025-05-20,776.49,6.59,857.59,107.13
8,3,1,2025-05-20,1485.96,10.18,1518.03,90.28
1,2,2,2025-05-20,520.8,0.31,564.64,7.36
2,4,2,2025-05-20,1022.58,0.16,851.3,6.48
3,1,2,2025-05-20,601.99,0.32,700.48,6.34
4,3,2,2025-05-20,2047.06,1.14,2111.49,7.34
5,4,2,2025-05-20,1136.45,0.18,942.78,6.18
6,4,2,2025-05-20,560.72,0.1,487.45,7.14
7,4,2,2025-05-20,911.79,0.17,789.82,7.0
8,3,2,2025-05-20,1617.57,0.84,1664.03,6.7
1,4,3,2025-05-20,301.67,1.09,251.72,148.24
2,4,3,2025-05-20,1045.73,3.79,911.87,147.57
3,5,3,2025-05-20,430.88,0.98,279.93,156.12
4,5,3,2025-05-20,2197.99,4.51,1438.54,137.87
5,1,3,2025-05-20,955.14,12.17,1109.35,157.12
6,2,3,2025-05-20,303.44,3.38,327.64,132.6
7,4,3,2025-05-20,1102.37,3.75,916.64,134.27
8,5,3,2025-05-20,1867.86,3.59,1245.52,131.59
1,1,4,2025-05-20,707.87,3.41,837.49,55.79
2,2,4,2025-05-20,1038.3,4.52,1132.07,55.74
3,1,4,2025-05-20,944.85,4.33,1102.84,53.11
4,3,4,2025-05-20,1852.89,7.93,1971.88,58.31
5,1,4,2025-05-20,1356.45,6.53,1579.77,56.42
6,2,4,2025-05-20,721.48,3.5,789.08,61.51
7,2,4,2025-05-20,650.43,3.27,736.83,62.28
8,3,4,2025-05-20,1332.35,5.85,1418.9,57.83
1,2,5,2025-05-20,616.99,19.14,670.83,372.25
2,3,5,2025-05-20,668.09,15.86,725.52,328.25
3,2,5,2025-05-20,1165.89,28.27,1278.54,313.89
4,5,5,2025-05-20,1683.87,7.73,1064.01,309.75
5,1,5,2025-05-20,1067.15,29.47,1242.35,313.66
6,2,5,2025-05-20,595.9,16.16,654.22,323.21
7,4,5,2025-05-20,888.74,7.24,737.22,336.79
8,5,5,2025-05-20,1284.75,5.77,860.5,315.0
1,2,1,2025-05-21,465.73,3.07,528.23,81.06
2,2,1,2025-05-21,718.98,4.38,787.37,80.05
3,1,1,2025-05-21,900.14,5.52,1054.24,73.3
4,3,1,2025-05-21,1783.4,9.52,1836.78,73.8
5,1,1,2025-05-21,880.55,5.97,1035.87,80.05
6,4,1,2025-05-21,455.55,1.0,383.2,87.42
7,1,1,2025-05-21,732.97,4.61,832.03,72.15
8,3,1,2025-05-21,1410.59,8.7,1447.78,85.67
1,1,2,2025-05-21,531.74,0.36,621.66,7.64
2,2,2,2025-05-21,962.23,0.68,1036.04,8.91
3,5,2,2025-05-21,621.9,0.08,411.35,7.82
4,5,2,2025-05-21,2006.8,0.27,1293.47,8.67
5,2,2,2025-05-21,1156.5,0.73,1274.08,7.66
6,1,2,2025-05-21,519.89,0.39,580.89,8.51
7,2,2,2025-05-21,912.22,0.61,1030.22,8.08
8,3,2,2025-05-21,1617.21,1.09,1660.08,8.63
1,4,3,2025-05-21,307.83,0.9,259.24,115.4
2,4,3,2025-05-21,1040.55,3.31,892.31,124.4
3,5,3,2025-05-21,429.14,0.74,280.56,115.13
4,3,3,2025-05-21,2094.97,18.34,2264.47,118.57
5,4,3,2025-05-21,963.54,3.36,806.69,137.3
6,4,3,2025-05-21,302.56,0.85,253.8,115.89
7,4,3,2025-05-21,1062.66,3.59,927.74,135.72
8,3,3,2025-05-21,1857.96,17.28,1930.88,123.1
1,2,4,2025-05-21,723.78,3.84,810.45,63.75
2,4,4,2025-05-21,1057.58,1.53,913.44,60.71
3,1,4,2025-05-21,906.83,4.87,1050.02,61.16
4,5,4,2025-05-21,1962.96,1.53,1306.4,53.13
5,4,4,2025-05-21,1314.01,1.84,1088.33,58.9
6,1,4,2025-05-21,711.97,3.39,817.11,57.47
7,2,4,2025-05-21,641.63,3.1,698.79,63.0
8,5,4,2025-05-21,1338.44,1.26,873.51,63.38
1,2,5,2025-05-21,625.44,18.35,680.54,380.5
2,2,5,2025-05-21,650.78,18.82,724.76,353.59
3,1,5,2025-05-21,1166.12,39.12,1329.83,402.88
4,5,5,2025-05-21,1761.15,9.59,1168.3,352.52
5,4,5,2025-05-21,1027.11,9.28,896.94,352.81
6,1,5,2025-05-21,602.18,19.84,687.58,377.53
7,2,5,2025-05-21,867.8,25.69,949.48,362.12
8,5,5,2025-05-21,1262.54,6.77,820.79,363.62
1,4,1,2025-05-22,490.12,1.09,418.87,86.23
2,3,1,2025-05-22,685.08,4.28,701.23,84.35
3,1,1,2025-05-22,874.95,6.28,1017.79,82.0
4,5,1,2025-05-22,1823.88,2.71,1173.44,95.88
5,4,1,2025-05-22,937.95,1.9,776.18,81.91
6,1,1,2025-05-22,489.35,3.39,553.04,81.92
7,4,1,2025-05-22,758.79,1.48,645.05,81.05
8,3,1,2025-05-22,1464.53,9.85,1500.57,94.09
1,2,2,2025-05-22,542.25,0.45,591.55,10.08
2,2,2,2025-05-22,988.85,0.81,1068.91,10.33
3,1,2,2025-05-22,613.57,0.56,716.38,10.49
4,3,2,2025-05-22,1972.33,1.29,2014.52,9.05
5,4,2,2025-05-22,1182.23,0.29,983.95,10.18
6,2,2,2025-05-22,518.14,0.39,561.15,9.73
7,1,2,2025-05-22,922.61,0.77,1060.3,9.79
8,3,2,2025-05-22,1567.84,1.12,1654.41,9.84
1,2,3,2025-05-22,297.91,2.92,325.94,126.63
2,4,3,2025-05-22,1072.88,3.33,913.71,124.13
3,2,3,2025-05-22,443.43,4.46,487.75,132.41
4,3,3,2025-05-22,2139.92,20.5,2278.77,124.26
5,1,3,2025-05-22,915.49,10.01,1063.83,122.93
6,2,3,2025-05-22,298.96,3.37,326.1,137.14
7,2,3,2025-05-22,1027.91,11.55,1128.39,135.9
8,3,3,2025-05-22,1820.69,19.02,1933.53,141.38
1,4,4,2025-05-22,749.7,1.27,655.92,66.77
2,3,4,2025-05-22,1099.27,5.21,1144.11,64.21
3,5,4,2025-05-22,897.38,0.89,570.56,66.48
4,3,4,2025-05-22,1960.49,9.78,2056.3,65.56
5,1,4,2025-05-22,1287.88,6.31,1442.61,56.35
6,1,4,2025-05-22,701.71,3.76,813.84,63.76
7,4,4,2025-05-22,677.78,0.96,575.79,55.74
8,5,4,2025-05-22,1310.11,1.11,861.33,58.47
1,1,5,2025-05-22,622.43,13.84,703.46,273.21
2,4,5,2025-05-22,651.09,4.19,552.62,257.02
3,2,5,2025-05-22,1102.14,21.88,1201.44,257.11
4,3,5,2025-05-22,1621.81,34.63,1739.62,292.18
5,1,5,2025-05-22,1057.33,25.31,1193.46,270.63
6,1,5,2025-05-22,632.59,12.74,727.68,245.67
7,4,5,2025-05-22,863.49,5.73,741.09,268.72
8,3,5,2025-05-22,1308.86,27.81,1357.12,282.3
1,2,1,2025-05-23,477.48,2.94,523.3,75.51
2,4,1,2025-05-23,689.15,1.58,601.24,88.1
3,1,1,2025-05-23,858.71,5.27,1010.39,73.85
4,5,1,2025-05-23,1906.21,2.13,1224.08,74.9
5,2,1,2025-05-23,895.06,5.92,1008.41,85.01
6,1,1,2025-05-23,484.36,3.46,551.81,80.1
7,2,1,2025-05-23,729.05,4.85,824.58,85.24
8,5,1,2025-05-23,1475.03,1.75,965.77,77.31
1,2,2,2025-05-23,527.05,0.44,577.29,10.56
2,2,2,2025-05-23,958.31,0.85,1045.89,11.33
3,1,2,2025-05-23,590.34,0.51,658.88,10.49
4,5,2,2025-05-23,2066.11,0.36,1333.62,11.69
5,2,2,2025-05-23,1191.26,0.96,1339.3,9.92
6,1,2,2025-05-23,553.54,0.55,624.46,11.49
7,1,2,2025-05-23,972.77,0.93,1124.48,11.12
8,3,2,2025-05-23,1609.97,1.44,1647.27,11.49
1,4,3,2025-05-23,288.31,0.94,244.17,126.41
2,2,3,2025-05-23,1017.03,10.79,1119.78,135.38
3,5,3,2025-05-23,471.78,0.97,310.56,132.88
4,3,3,2025-05-23,2153.11,20.02,2271.13,124.05
5,1,3,2025-05-23,937.99,10.72,1090.41,137.35
6,2,3,2025-05-23,285.73,2.8,308.7,121.12
7,2,3,2025-05-23,1045.04,11.59,1184.5,132.65
8,3,3,2025-05-23,1849.35,16.91,1987.42,120.17
1,4,4,2025-05-23,688.04,0.89,578.8,50.67
2,4,4,2025-05-23,1094.37,1.4,927.56,49.88
3,2,4,2025-05-23,872.74,3.64,980.68,51.3
4,5,4,2025-05-23,1891.59,1.37,1258.09,46.13
5,1,4,2025-05-23,1238.52,5.48,1458.13,54.49
6,4,4,2025-05-23,721.3,0.88,609.37,50.03
7,2,4,2025-05-23,667.76,2.78,756.87,53.7
8,3,4,2025-05-23,1339.59,5.01,1366.79,49.51
1,4,5,2025-05-23,599.32,4.42,508.87,293.8
2,4,5,2025-05-23,665.6,3.97,550.99,245.98
3,2,5,2025-05-23,1166.11,24.78,1315.66,254.96
4,3,5,2025-05-23,1619.08,37.22,1680.49,294.24
5,4,5,2025-05-23,1085.06,6.5,911.06,247.48
6,2,5,2025-05-23,636.34,12.62,690.67,246.4
7,1,5,2025-05-23,877.61,22.7,987.09,293.36
8,5,5,2025-05-23,1223.97,4.47,816.18,247.27
1,4,1,2025-05-24,478.97,0.4,416.64,35.24
2,2,1,2025-05-24,752.52,2.15,840.95,35.41
3,5,1,2025-05-24,858.22,0.4,550.73,32.17
4,5,1,2025-05-24,1802.27,0.88,1172.3,32.8
5,1,1,2025-05-24,916.84,2.72,1063.3,36.08
6,1,1,2025-05-24,459.4,1.36,527.4,34.81
7,2,1,2025-05-24,750.43,1.93,801.64,31.78
8,5,1,2025-05-24,1452.37,0.69,922.14,32.59
1,2,2,2025-05-24,542.64,0.14,600.81,3.06
2,2,2,2025-05-24,1018.08,0.3,1113.53,3.57
3,5,2,2025-05-24,621.68,0.03,403.72,3.41
4,3,2,2025-05-24,2036.87,0.48,2124.53,3.11
5,4,2,2025-05-24,1204.94,0.09,1022.38,3.11
6,2,2,2025-05-24,536.68,0.15,579.83,3.43
7,1,2,2025-05-24,917.68,0.25,1069.26,3.08
8,3,2,2025-05-24,1622.42,0.44,1671.85,3.7
1,2,3,2025-05-24,304.31,0.89,331.67,37.24
2,4,3,2025-05-24,1013.24,0.99,848.1,39.71
3,1,3,2025-05-24,453.53,1.64,511.5,41.53
4,3,3,2025-05-24,2175.34,6.59,2340.1,42.07
5,4,3,2025-05-24,948.29,0.94,798.16,41.26
6,2,3,2025-05-24,312.87,1.0,352.23,40.18
7,1,3,2025-05-24,1083.05,3.76,1267.61,43.02
8,5,3,2025-05-24,1746.81,1.15,1134.26,44.04
1,2,4,2025-05-24,714.96,1.17,775.12,20.16
2,2,4,2025-05-24,1064.49,1.84,1147.6,21.16
3,1,4,2025-05-24,933.73,1.51,1048.66,19.4
4,3,4,2025-05-24,1853.36,2.88,1997.77,20.1
5,1,4,2025-05-24,1304.57,2.23,1535.25,20.18
6,1,4,2025-05-24,730.0,1.27,858.14,20.98
7,1,4,2025-05-24,679.26,1.21,801.09,21.09
8,3,4,2025-05-24,1298.82,2.0,1349.16,20.96
1,4,5,2025-05-24,634.41,2.09,530.49,126.63
2,4,5,2025-05-24,621.5,1.81,515.69,121.47
3,1,5,2025-05-24,1174.88,11.37,1366.73,117.44
4,5,5,2025-05-24,1651.82,3.01,1089.84,127.25
5,2,5,2025-05-24,1086.62,11.03,1194.51,127.59
6,4,5,2025-05-24,640.72,2.16,559.88,129.85
7,4,5,2025-05-24,856.77,2.6,723.35,126.1
8,5,5,2025-05-24,1231.23,2.28,796.54,120.39
1,1,1,2025-05-26,475.04,3.21,558.91,80.44
2,2,1,2025-05-26,704.71,3.94,785.92,73.4
3,1,1,2025-05-26,869.53,5.93,979.23,81.99
4,5,1,2025-05-26,1883.7,2.18,1233.98,74.91
5,4,1,2025-05-26,871.41,1.8,752.93,82.2
6,1,1,2025-05-26,492.75,3.34,562.92,80.13
7,2,1,2025-05-26,748.37,4.18,804.93,73.05
8,5,1,2025-05-26,1491.85,1.68,996.06,78.34
1,1,2,2025-05-26,553.24,0.33,644.29,7.24
2,2,2,2025-05-26,972.07,0.53,1063.02,7.14
3,5,2,2025-05-26,624.45,0.07,405.18,7.42
4,5,2,2025-05-26,2070.06,0.27,1321.64,8.45
5,2,2,2025-05-26,1125.74,0.69,1237.81,7.88
6,1,2,2025-05-26,545.41,0.34,626.25,7.26
7,1,2,2025-05-26,980.23,0.67,1141.62,7.69
8,5,2,2025-05-26,1730.02,0.2,1146.94,7.7
1,1,3,2025-05-26,285.69,3.66,339.19,144.48
2,4,3,2025-05-26,1012.06,3.97,843.23,158.28
3,5,3,2025-05-26,433.89,0.96,289.01,150.16
4,3,3,2025-05-26,2307.47,25.56,2352.03,153.39
5,1,3,2025-05-26,967.97,13.43,1083.03,160.65
6,2,3,2025-05-26,304.92,3.49,334.47,140.76
7,1,3,2025-05-26,1031.06,13.77,1176.04,156.19
8,3,3,2025-05-26,1858.3,20.54,2005.98,153.31
1,1,4,2025-05-26,736.53,4.04,832.41,63.26
2,2,4,2025-05-26,1031.13,4.85,1115.61,57.87
3,5,4,2025-05-26,919.15,0.84,580.35,62.71
4,3,4,2025-05-26,1863.59,7.12,1994.97,53.36
5,4,4,2025-05-26,1265.52,1.88,1090.83,59.42
6,2,4,2025-05-26,745.46,3.37,821.97,59.17
7,1,4,2025-05-26,639.33,3.33,737.93,64.11
8,3,4,2025-05-26,1366.87,5.62,1396.93,53.51
1,2,5,2025-05-26,632.79,15.54,682.2,309.44
2,3,5,2025-05-26,643.1,14.84,678.77,303.44
3,1,5,2025-05-26,1108.64,26.7,1279.82,279.52
4,5,5,2025-05-26,1760.02,8.6,1165.19,323.42
5,4,5,2025-05-26,1100.55,9.04,958.93,317.62
6,4,5,2025-05-26,602.66,5.17,502.19,331.15
7,2,5,2025-05-26,865.37,23.13,969.37,328.34
8,3,5,2025-05-26,1295.25,30.13,1371.54,297.34
1,4,1,2025-05-27,470.18,1.1,402.47,97.93
2,2,1,2025-05-27,737.78,4.86,799.44,82.94
3,2,1,2025-05-27,921.01,6.09,1027.97,86.8
4,5,1,2025-05-27,1907.77,2.57,1210.68,88.07
5,2,1,2025-05-27,898.08,6.64,990.77,95.98
6,1,1,2025-05-27,465.73,3.37,549.68,84.66
7,4,1,2025-05-27,739.32,1.54,643.39,82.01
8,3,1,2025-05-27,1444.18,9.58,1488.5,87.61
1,2,2,2025-05-27,536.49,0.35,572.92,7.9
2,4,2,2025-05-27,998.4,0.19,871.6,7.79
3,2,2,2025-05-27,599.48,0.39,666.48,7.95
4,3,2,2025-05-27,2042.58,1.19,2121.37,8.0
5,4,2,2025-05-27,1104.71,0.21,937.95,7.6
6,1,2,2025-05-27,536.43,0.41,612.56,8.62
7,1,2,2025-05-27,954.66,0.6,1128.22,7.38
8,3,2,2025-05-27,1619.82,1.08,1745.92,8.54
1,2,3,2025-05-27,288.74,4.21,324.93,175.42
2,3,3,2025-05-27,1048.2,14.29,1132.4,180.46
3,1,3,2025-05-27,454.06,7.36,521.23,193.47
4,3,3,2025-05-27,2207.56,29.48,2367.22,175.44
5,2,3,2025-05-27,952.43,12.74,1040.7,161.17
6,1,3,2025-05-27,285.13,4.29,331.94,181.2
7,4,3,2025-05-27,1016.5,4.95,885.77,193.43
8,5,3,2025-05-27,1825.1,5.41,1197.64,195.01
1,1,4,2025-05-27,726.45,3.26,855.0,54.94
2,3,4,2025-05-27,1064.03,4.43,1140.3,55.5
3,1,4,2025-05-27,899.41,4.45,1005.38,56.8
4,5,4,2025-05-27,1881.6,1.56,1200.56,56.92
5,4,4,2025-05-27,1262.41,1.78,1066.05,56.17
6,1,4,2025-05-27,684.98,3.91,765.8,66.3
7,1,4,2025-05-27,670.31,3.81,778.63,64.27
8,5,4,2025-05-27,1301.25,1.24,839.26,63.25
1,2,5,2025-05-27,647.6,15.35,695.29,302.78
2,3,5,2025-05-27,649.66,14.28,691.04,305.5
3,2,5,2025-05-27,1127.58,29.73,1233.91,315.0
4,5,5,2025-05-27,1730.31,7.92,1141.47,312.82
5,4,5,2025-05-27,1092.34,8.24,919.98,305.91
6,2,5,2025-05-27,602.57,12.88,661.14,279.38
7,2,5,2025-05-27,883.69,22.75,970.79,316.68
8,3,5,2025-05-27,1270.78,29.64,1360.42,310.75
1,4,1,2025-05-28,481.35,0.9,406.11,71.78
2,4,1,2025-05-28,752.02,1.52,652.59,77.87
3,1,1,2025-05-28,894.08,5.53,1017.55,74.26
4,3,1,2025-05-28,1762.92,10.32,1836.84,78.37
5,2,1,2025-05-28,855.41,5.26,927.3,76.02
6,4,1,2025-05-28,465.7,0.94,400.22,80.52
7,4,1,2025-05-28,731.39,1.38,619.67,72.01
8,5,1,2025-05-28,1503.15,1.48,990.6,68.79
1,2,2,2025-05-28,530.23,0.27,566.94,6.16
2,2,2,2025-05-28,983.14,0.5,1102.47,6.62
3,1,2,2025-05-28,617.39,0.35,721.07,6.45
4,3,2,2025-05-28,2063.76,1.08,2220.94,7.02
5,2,2,2025-05-28,1196.8,0.7,1298.36,7.22
6,2,2,2025-05-28,549.02,0.31,606.26,7.38
7,1,2,2025-05-28,908.53,0.49,1035.55,6.26
8,5,2,2025-05-28,1573.84,0.15,992.64,6.25
1,2,3,2025-05-28,285.69,3.41,312.32,148.21
2,3,3,2025-05-28,1021.33,11.51,1080.07,144.41
3,5,3,2025-05-28,458.4,1.16,303.44,164.01
4,5,3,2025-05-28,2131.38,5.48,1353.18,167.59
5,1,3,2025-05-28,925.21,11.5,1097.41,153.51
6,1,3,2025-05-28,297.03,3.73,338.5,148.2
7,4,3,2025-05-28,1043.08,4.44,904.24,163.73
8,5,3,2025-05-28,1729.98,3.68,1106.68,143.97
1,1,4,2025-05-28,723.89,5.65,825.7,93.18
2,2,4,2025-05-28,1024.75,8.13,1148.45,94.62
3,5,4,2025-05-28,862.27,1.06,560.2,85.18
4,5,4,2025-05-28,1919.58,2.58,1227.27,87.43
5,2,4,2025-05-28,1325.81,10.27,1457.18,97.63
6,4,4,2025-05-28,744.85,1.6,631.63,88.48
7,2,4,2025-05-28,623.71,4.97,694.06,96.18
8,5,4,2025-05-28,1333.06,1.81,886.24,88.62
1,1,5,2025-05-28,636.19,17.06,746.74,328.64
2,2,5,2025-05-28,650.89,18.1,732.04,347.18
3,2,5,2025-05-28,1137.61,28.72,1221.62,311.84
4,3,5,2025-05-28,1629.25,43.84,1744.24,368.35
5,1,5,2025-05-28,1094.41,34.23,1257.94,352.15
6,2,5,2025-05-28,647.34,16.41,708.43,332.33
7,4,5,2025-05-28,877.33,7.96,731.68,348.15
8,5,5,2025-05-28,1242.59,6.4,793.95,357.61
1,1,1,2025-05-29,459.68,3.39,542.99,84.53
2,4,1,2025-05-29,752.92,1.59,657.42,85.95
3,5,1,2025-05-29,881.26,1.06,577.03,83.16
4,3,1,2025-05-29,1831.64,12.38,1883.08,86.98
5,1,1,2025-05-29,925.69,6.49,1042.07,84.68
6,2,1,2025-05-29,482.55,3.4,535.17,88.33
7,1,1,2025-05-29,720.76,5.34,842.28,86.36
8,5,1,2025-05-29,1405.64,1.79,897.87,81.96
1,2,2,2025-05-29,526.43,0.48,593.63,11.51
2,2,2,2025-05-29,1017.89,0.93,1130.85,11.08
3,5,2,2025-05-29,619.0,0.09,398.08,9.87
4,5,2,2025-05-29,1977.65,0.34,1319.18,10.87
5,4,2,2025-05-29,1107.05,0.33,958.53,11.55
6,2,2,2025-05-29,524.54,0.4,574.59,9.96
7,4,2,2025-05-29,960.87,0.28,816.3,11.21
8,3,2,2025-05-29,1593.36,1.27,1679.88,10.89
1,1,3,2025-05-29,308.61,4.53,355.55,169.48
2,3,3,2025-05-29,1009.46,11.33,1062.37,155.23
3,2,3,2025-05-29,449.43,5.97,506.67,169.46
4,3,3,2025-05-29,2172.1,25.59,2257.36,161.04
5,1,3,2025-05-29,979.34,12.86,1138.06,160.39
6,4,3,2025-05-29,309.21,1.26,265.92,162.67
7,1,3,2025-05-29,1075.7,14.85,1205.97,164.92
8,5,3,2025-05-29,1800.54,4.54,1152.94,169.82
1,1,4,2025-05-29,703.6,3.84,795.59,62.89
2,3,4,2025-05-29,1069.41,4.83,1131.95,61.1
3,5,4,2025-05-29,918.99,0.81,599.18,57.24
4,3,4,2025-05-29,1861.21,9.57,1974.29,66.39
5,2,4,2025-05-29,1257.43,5.78,1350.59,56.04
6,1,4,2025-05-29,704.22,3.38,793.98,56.18
7,1,4,2025-05-29,623.91,3.31,712.28,62.04
8,3,4,2025-05-29,1305.96,6.51,1387.15,64.94
1,1,5,2025-05-29,643.65,19.89,754.54,362.67
2,4,5,2025-05-29,644.22,5.28,551.58,344.66
3,5,5,2025-05-29,1169.27,5.89,760.99,321.57
4,3,5,2025-05-29,1740.51,46.52,1832.24,357.63
5,4,5,2025-05-29,1029.66,8.98,854.1,349.62
6,1,5,2025-05-29,610.92,17.01,689.45,321.21
7,1,5,2025-05-29,889.65,28.58,1023.56,379.58
8,5,5,2025-05-29,1257.58,6.77,827.27,376.64
1,4,1,2025-05-30,485.88,1.07,412.7,91.21
2,4,1,2025-05-30,710.73,1.84,607.97,99.61
3,1,1,2025-05-30,911.0,7.61,1033.72,100.25
4,5,1,2025-05-30,1835.26,2.62,1182.32,94.08
5,2,1,2025-05-30,929.04,7.14,1022.91,96.49
6,1,1,2025-05-30,467.14,4.05,544.48,99.03
7,4,1,2025-05-30,750.08,1.68,635.46,93.0
8,5,1,2025-05-30,1435.61,1.87,952.11,87.68
1,2,2,2025-05-30,542.37,0.63,596.57,14.69
2,3,2,2025-05-30,940.65,0.99,986.5,13.62
3,2,2,2025-05-30,640.04,0.64,692.24,12.28
4,5,2,2025-05-30,2084.28,0.45,1378.24,14.75
5,2,2,2025-05-30,1112.73,1.21,1187.49,13.3
6,4,2,2025-05-30,518.96,0.18,430.56,14.32
7,2,2,2025-05-30,919.04,1.01,998.69,13.96
8,3,2,2025-05-30,1586.09,1.58,1657.68,13.22
1,2,3,2025-05-30,292.86,2.95,319.94,128.96
2,4,3,2025-05-30,1100.08,3.83,935.23,139.22
3,1,3,2025-05-30,437.24,5.5,496.42,143.88
4,3,3,2025-05-30,2151.23,22.09,2317.16,134.45
5,1,3,2025-05-30,940.65,11.14,1100.62,134.65
6,4,3,2025-05-30,314.27,1.13,275.65,149.46
7,4,3,2025-05-30,1009.43,3.69,836.38,146.52
8,5,3,2025-05-30,1817.7,3.54,1165.6,136.16
1,2,4,2025-05-30,737.48,4.24,791.65,71.35
2,3,4,2025-05-30,1015.39,5.14,1042.79,68.99
3,1,4,2025-05-30,856.84,5.02,991.13,69.3
4,5,4,2025-05-30,1979.64,2.18,1300.89,73.59
5,4,4,2025-05-30,1314.67,2.45,1128.53,72.79
6,4,4,2025-05-30,718.35,1.2,615.68,65.84
7,1,4,2025-05-30,638.02,3.9,734.19,74.71
8,3,4,2025-05-30,1320.19,7.51,1427.53,73.67
1,2,5,2025-05-30,621.04,16.6,693.49,330.1
2,2,5,2025-05-30,645.62,18.77,722.04,358.66
3,5,5,2025-05-30,1128.54,6.26,731.8,385.18
4,3,5,2025-05-30,1643.59,45.93,1763.87,356.4
5,2,5,2025-05-30,1083.39,33.48,1167.41,376.79
6,4,5,2025-05-30,607.92,5.35,521.44,352.77
7,1,5,2025-05-30,815.04,25.81,961.85,383.57
8,3,5,2025-05-30,1236.5,35.28,1266.89,393.54
1,1,1,2025-05-31,476.72,1.14,564.75,29.49
2,3,1,2025-05-31,697.57,1.71,727.91,33.87
3,5,1,2025-05-31,872.5,0.48,558.56,35.42
4,5,1,2025-05-31,1871.08,0.9,1182.58,32.85
5,1,1,2025-05-31,882.94,2.39,1014.33,33.34
6,1,1,2025-05-31,474.76,1.37,555.45,34.3
7,4,1,2025-05-31,729.37,0.64,632.16,33.94
8,3,1,2025-05-31,1476.11,3.94,1581.05,35.4
1,1,2,2025-05-31,539.02,0.17,623.77,3.55
2,2,2,2025-05-31,945.26,0.28,1029.97,3.58
3,2,2,2025-05-31,639.14,0.18,713.21,3.39
4,5,2,2025-05-31,2061.82,0.12,1367.79,3.99
5,2,2,2025-05-31,1188.19,0.39,1338.78,3.99
6,1,2,2025-05-31,557.22,0.2,637.23,4.08
7,1,2,2025-05-31,914.04,0.28,1057.39,3.74
8,5,2,2025-05-31,1610.1,0.1,1050.03,3.95
1,2,3,2025-05-31,292.01,1.0,313.06,44.06
2,2,3,2025-05-31,998.41,3.84,1092.19,48.25
3,5,3,2025-05-31,460.66,0.34,302.43,48.28
4,5,3,2025-05-31,2243.07,1.54,1465.2,43.99
5,2,3,2025-05-31,915.38,3.28,1011.17,43.73
6,4,3,2025-05-31,303.34,0.38,257.63,49.12
7,4,3,2025-05-31,1079.02,1.17,931.85,42.91
8,3,3,2025-05-31,1785.34,5.87,1842.01,45.84
1,4,4,2025-05-31,717.87,0.51,609.62,28.43
2,2,4,2025-05-31,1010.21,2.23,1143.18,26.98
3,5,4,2025-05-31,937.79,0.36,615.07,25.14
4,5,4,2025-05-31,1870.84,0.78,1240.98,26.77
5,1,4,2025-05-31,1340.4,2.77,1518.22,23.86
6,4,4,2025-05-31,700.9,0.46,581.45,25.18
7,4,4,2025-05-31,623.99,0.42,520.05,27.68
8,5,4,2025-05-31,1303.47,0.53,857.25,28.7
1,1,5,2025-05-31,639.13,6.46,740.96,125.09
2,3,5,2025-05-31,644.24,6.25,662.16,123.84
3,5,5,2025-05-31,1151.7,2.22,745.59,122.79
4,5,5,2025-05-31,1616.37,3.0,1039.34,126.25
5,2,5,2025-05-31,1017.7,9.97,1147.5,119.97
6,2,5,2025-05-31,591.41,5.49,643.99,114.54
7,2,5,2025-05-31,891.66,8.91,982.69,123.43
8,3,5,2025-05-31,1235.69,10.5,1320.37,108.95
1,1,1,2025-06-02,476.72,3.31,541.55,83.21
2,4,1,2025-06-02,725.61,1.64,634.45,94.81
3,1,1,2025-06-02,898.23,6.83,1044.22,90.0
4,5,1,2025-06-02,1868.49,2.57,1195.65,91.11
5,4,1,2025-06-02,889.54,1.87,737.08,87.54
6,4,1,2025-06-02,483.27,1.0,419.72,81.03
7,1,1,2025-06-02,771.26,5.32,894.92,82.99
8,3,1,2025-06-02,1420.14,9.13,1493.1,84.25
1,1,2,2025-06-02,527.59,0.44,613.2,9.5
2,4,2,2025-06-02,990.24,0.27,840.41,11.04
3,1,2,2025-06-02,647.22,0.58,762.41,10.61
4,5,2,2025-06-02,2097.49,0.33,1352.14,10.14
5,2,2,2025-06-02,1112.71,0.86,1215.55,9.62
6,4,2,2025-06-02,564.01,0.14,478.05,10.24
7,1,2,2025-06-02,934.8,0.86,1065.31,10.8
8,5,2,2025-06-02,1667.95,0.28,1106.58,10.89
1,1,3,2025-06-02,292.46,3.96,345.75,152.98
2,3,3,2025-06-02,1027.25,11.38,1102.08,146.23
3,2,3,2025-06-02,445.72,5.01,500.77,141.12
4,3,3,2025-06-02,2091.0,26.39,2176.12,163.39
5,1,3,2025-06-02,954.8,13.34,1085.18,169.21
6,2,3,2025-06-02,307.19,3.86,337.15,158.68
7,2,3,2025-06-02,1042.62,13.33,1131.96,158.01
8,3,3,2025-06-02,1783.54,19.52,1914.08,143.03
1,1,4,2025-06-02,746.8,5.2,836.67,82.43
2,3,4,2025-06-02,1062.73,6.34,1147.74,83.07
3,1,4,2025-06-02,926.86,6.02,1080.58,73.12
4,5,4,2025-06-02,1872.51,2.18,1211.65,75.14
5,4,4,2025-06-02,1277.35,2.42,1101.24,79.14
6,2,4,2025-06-02,751.95,4.74,836.08,79.66
7,2,4,2025-06-02,654.09,4.06,711.05,80.23
8,3,4,2025-06-02,1413.4,8.23,1527.88,74.77
1,4,5,2025-06-02,621.06,4.51,543.68,277.44
2,3,5,2025-06-02,666.87,13.64,699.15,277.32
3,5,5,2025-06-02,1158.81,5.81,746.66,334.53
4,3,5,2025-06-02,1755.22,41.43,1810.53,322.31
5,4,5,2025-06-02,1043.14,8.12,893.8,305.26
6,2,5,2025-06-02,638.7,15.17,720.28,283.94
7,2,5,2025-06-02,812.23,22.16,899.17,329.24
8,5,5,2025-06-02,1240.98,5.27,824.41,286.89
1,4,1,2025-06-03,493.16,1.0,426.29,82.22
2,4,1,2025-06-03,730.57,1.71,618.25,91.24
3,5,1,2025-06-03,933.14,1.26,607.54,93.0
4,3,1,2025-06-03,1761.0,12.08,1803.33,96.04
5,1,1,2025-06-03,894.53,7.01,1004.11,91.33
6,4,1,2025-06-03,476.98,0.95,416.33,80.96
7,2,1,2025-06-03,723.56,5.71,795.05,96.55
8,5,1,2025-06-03,1487.55,1.77,957.39,81.81
1,1,2,2025-06-03,515.79,0.51,584.53,11.62
2,4,2,2025-06-03,958.56,0.3,815.3,12.69
3,5,2,2025-06-03,612.41,0.12,388.71,12.97
4,3,2,2025-06-03,2085.72,1.75,2182.2,11.51
5,2,2,2025-06-03,1102.71,1.17,1180.21,12.9
6,1,2,2025-06-03,558.26,0.62,656.28,13.33
7,2,2,2025-06-03,946.35,0.94,1065.49,12.2
8,5,2,2025-06-03,1607.93,0.29,1057.56,12.11
1,4,3,2025-06-03,303.43,1.15,260.72,145.08
2,3,3,2025-06-03,1025.32,10.59,1069.8,133.99
3,2,3,2025-06-03,458.29,5.29,515.93,138.12
4,5,3,2025-06-03,2120.43,4.01,1399.74,130.19
5,2,3,2025-06-03,985.93,11.88,1104.61,144.0
6,2,3,2025-06-03,296.68,3.12,318.46,131.95
7,1,3,2025-06-03,999.87,12.14,1141.54,143.93
8,5,3,2025-06-03,1817.42,3.48,1152.03,130.1
1,2,4,2025-06-03,739.19,4.54,819.94,79.13
2,2,4,2025-06-03,1080.32,6.52,1214.27,79.0
3,5,4,2025-06-03,858.01,0.96,565.73,75.4
4,3,4,2025-06-03,1899.72,10.24,1964.81,73.58
5,2,4,2025-06-03,1320.11,7.78,1492.52,75.61
6,1,4,2025-06-03,746.27,4.47,884.0,71.12
7,4,4,2025-06-03,661.93,1.41,575.53,83.18
8,3,4,2025-06-03,1317.63,7.22,1403.88,69.56
1,1,5,2025-06-03,592.72,15.13,705.43,306.18
2,4,5,2025-06-03,641.01,4.87,553.62,317.53
3,5,5,2025-06-03,1150.21,5.61,741.26,328.51
4,3,5,2025-06-03,1629.75,37.7,1714.45,296.91
5,4,5,2025-06-03,1098.47,9.16,932.29,341.15
6,2,5,2025-06-03,634.27,16.15,684.1,320.69
7,4,5,2025-06-03,872.45,6.9,721.8,316.69
8,5,5,2025-06-03,1279.13,6.18,851.26,316.9
1,2,1,2025-06-04,472.24,3.13,527.87,81.79
2,4,1,2025-06-04,693.59,1.57,593.29,86.31
3,1,1,2025-06-04,902.41,6.76,1017.91,90.09
4,3,1,2025-06-04,1885.46,10.85,2004.81,79.26
5,2,1,2025-06-04,893.05,5.73,970.2,84.23
6,2,1,2025-06-04,478.48,3.42,540.44,90.17
7,1,1,2025-06-04,731.5,5.16,821.44,85.44
8,5,1,2025-06-04,1432.03,1.78,951.87,84.63
1,1,2,2025-06-04,542.8,0.35,633.05,7.81
2,4,2,2025-06-04,964.28,0.16,809.98,6.96
3,1,2,2025-06-04,589.17,0.35,661.49,7.06
4,3,2,2025-06-04,2135.35,1.11,2261.71,6.91
5,2,2,2025-06-04,1206.59,0.73,1343.23,7.37
6,2,2,2025-06-04,535.34,0.35,588.22,7.94
7,1,2,2025-06-04,921.86,0.65,1033.29,8.0
8,3,2,2025-06-04,1568.93,0.82,1624.47,7.1
1,2,3,2025-06-04,308.17,3.79,334.82,160.4
2,4,3,2025-06-04,1095.74,4.54,914.13,168.09
3,1,3,2025-06-04,449.5,6.11,522.69,162.56
4,3,3,2025-06-04,2267.95,27.78,2408.31,160.02
5,1,3,2025-06-04,989.58,14.74,1131.57,174.31
6,2,3,2025-06-04,309.23,4.41,334.03,170.12
7,2,3,2025-06-04,1033.74,13.11,1118.79,163.15
8,3,3,2025-06-04,1815.77,21.42,1916.33,153.28
1,4,4,2025-06-04,748.19,1.33,655.34,69.5
2,4,4,2025-06-04,1004.33,1.56,841.84,62.81
3,5,4,2025-06-04,909.6,0.94,579.48,70.18
4,5,4,2025-06-04,1964.48,1.99,1297.49,69.23
5,1,4,2025-06-04,1344.25,7.58,1506.19,69.11
6,2,4,2025-06-04,695.14,3.89,787.95,71.34
7,2,4,2025-06-04,664.54,3.14,724.3,60.56
8,5,4,2025-06-04,1331.43,1.47,856.54,70.61
1,1,5,2025-06-04,600.77,20.79,693.78,415.55
2,4,5,2025-06-04,623.22,6.61,536.73,408.01
3,5,5,2025-06-04,1139.34,6.71,754.92,400.32
4,5,5,2025-06-04,1692.63,10.63,1085.3,410.3
5,2,5,2025-06-04,1031.68,33.48,1143.48,421.64
6,1,5,2025-06-04,626.05,18.98,729.23,359.95
7,4,5,2025-06-04,830.19,7.5,716.42,364.21
8,3,5,2025-06-04,1190.36,39.84,1272.84,428.32
1,4,1,2025-06-05,464.39,1.01,404.84,91.16
2,4,1,2025-06-05,736.32,1.63,617.21,91.53
3,5,1,2025-06-05,866.11,1.16,563.63,89.73
4,3,1,2025-06-05,1785.61,11.28,1859.48,81.68
5,4,1,2025-06-05,891.19,2.02,763.63,91.78
6,2,1,2025-06-05,491.37,3.08,533.96,80.73
7,4,1,2025-06-05,772.47,1.84,638.06,92.81
8,3,1,2025-06-05,1397.68,10.03,1507.01,94.44
1,4,2,2025-06-05,531.99,0.1,455.71,7.81
2,2,2,2025-06-05,999.94,0.6,1130.39,7.86
3,5,2,2025-06-05,617.72,0.08,404.36,9.02
4,3,2,2025-06-05,1999.59,1.18,2052.04,7.92
5,4,2,2025-06-05,1132.71,0.22,975.42,8.09
6,1,2,2025-06-05,530.88,0.43,621.72,9.27
7,1,2,2025-06-05,969.62,0.65,1116.23,7.84
8,3,2,2025-06-05,1700.49,0.98,1750.61,7.67
1,1,3,2025-06-05,292.86,4.32,334.84,175.96
2,3,3,2025-06-05,1025.17,14.85,1109.42,195.14
3,2,3,2025-06-05,429.37,6.09,462.45,181.72
4,5,3,2025-06-05,2185.84,6.25,1382.32,195.44
5,2,3,2025-06-05,933.78,14.18,1006.69,191.07
6,4,3,2025-06-05,301.77,1.42,257.06,179.98
7,2,3,2025-06-05,1034.0,16.01,1147.19,185.93
8,3,3,2025-06-05,1723.33,23.65,1802.19,174.92
1,1,4,2025-06-05,747.72,3.74,880.44,58.25
2,2,4,2025-06-05,1081.43,5.87,1155.26,67.42
3,2,4,2025-06-05,898.38,4.67,985.79,63.92
4,3,4,2025-06-05,1999.46,9.36,2039.17,64.25
5,2,4,2025-06-05,1250.76,6.4,1417.42,65.58
6,4,4,2025-06-05,741.43,1.25,633.02,66.13
7,4,4,2025-06-05,654.52,1.0,565.29,60.39
8,5,4,2025-06-05,1344.55,1.22,867.08,63.6
1,2,5,2025-06-05,616.31,14.97,696.9,301.02
2,4,5,2025-06-05,644.07,4.32,551.83,280.45
3,5,5,2025-06-05,1117.92,5.09,706.98,306.77
4,5,5,2025-06-05,1761.97,8.19,1155.88,312.81
5,4,5,2025-06-05,1078.37,8.41,929.56,317.31
6,1,5,2025-06-05,625.77,15.17,742.02,277.58
7,4,5,2025-06-05,863.9,6.67,754.83,319.56
8,3,5,2025-06-05,1282.52,25.64,1328.78,274.25
1,1,1,2025-06-06,448.46,3.0,514.41,78.68
2,4,1,2025-06-06,705.46,1.39,614.92,79.32
3,5,1,2025-06-06,899.57,0.93,577.34,65.86
4,3,1,2025-06-06,1846.23,9.41,1918.93,69.51
5,4,1,2025-06-06,897.74,1.48,769.86,67.72
6,1,1,2025-06-06,490.57,2.89,574.74,70.29
7,2,1,2025-06-06,757.48,4.12,840.11,67.9
8,5,1,2025-06-06,1455.43,1.54,972.98,72.25
1,1,2,2025-06-06,551.11,0.48,640.89,10.24
2,2,2,2025-06-06,973.0,0.77,1086.35,10.31
3,1,2,2025-06-06,637.97,0.59,726.52,10.94
4,5,2,2025-06-06,2073.19,0.32,1369.27,10.38
5,4,2,2025-06-06,1142.62,0.33,967.86,11.51
6,4,2,2025-06-06,536.05,0.15,464.18,11.62
7,4,2,2025-06-06,993.26,0.26,828.33,10.37
8,3,2,2025-06-06,1632.84,1.17,1741.19,10.03
1,2,3,2025-06-06,302.27,3.8,342.75,162.76
2,2,3,2025-06-06,1010.76,12.26,1129.87,151.02
3,2,3,2025-06-06,462.25,5.95,507.5,161.12
4,3,3,2025-06-06,2214.9,25.69,2348.86,158.58
5,1,3,2025-06-06,993.22,14.68,1176.54,167.57
6,2,3,2025-06-06,285.24,3.53,316.41,148.6
7,1,3,2025-06-06,1085.54,13.69,1268.79,152.69
8,5,3,2025-06-06,1853.02,4.37,1223.27,158.8
1,1,4,2025-06-06,750.86,3.32,883.87,53.28
2,3,4,2025-06-06,1023.23,3.9,1082.33,51.38
3,2,4,2025-06-06,898.61,3.88,1018.16,52.63
4,3,4,2025-06-06,1949.18,7.22,2011.06,50.21
5,4,4,2025-06-06,1345.83,1.8,1117.4,52.98
6,4,4,2025-06-06,695.03,1.01,587.98,55.54
7,4,4,2025-06-06,658.22,0.97,555.39,57.22
8,3,4,2025-06-06,1305.55,5.15,1359.6,50.62
1,2,5,2025-06-06,633.8,18.0,707.61,349.88
2,4,5,2025-06-06,633.48,4.68,535.64,295.58
3,2,5,2025-06-06,1155.64,26.8,1250.22,300.14
4,5,5,2025-06-06,1651.98,8.19,1084.91,334.02
5,2,5,2025-06-06,1027.8,26.18,1141.55,320.16
6,1,5,2025-06-06,640.53,18.19,753.29,348.59
7,4,5,2025-06-06,866.74,7.79,720.26,355.66
8,5,5,2025-06-06,1234.33,5.57,813.18,298.78
1,2,1,2025-06-07,451.01,1.11,491.65,29.82
2,4,1,2025-06-07,691.22,0.59,576.44,33.61
3,5,1,2025-06-07,923.4,0.44,606.27,31.13
4,5,1,2025-06-07,1807.84,0.82,1195.03,30.68
5,4,1,2025-06-07,935.81,0.71,786.28,30.9
6,4,1,2025-06-07,458.88,0.37,398.16,32.84
7,1,1,2025-06-07,786.3,2.04,904.21,30.6
8,5,1,2025-06-07,1502.17,0.72,955.56,32.89
1,1,2,2025-06-07,557.82,0.11,656.82,2.25
2,3,2,2025-06-07,970.68,0.18,1041.57,2.57
3,2,2,2025-06-07,602.05,0.12,681.92,2.41
4,3,2,2025-06-07,1970.01,0.39,2063.86,2.58
5,1,2,2025-06-07,1180.65,0.24,1371.07,2.42
6,4,2,2025-06-07,527.17,0.03,444.14,2.38
7,2,2,2025-06-07,946.99,0.18,1016.96,2.36
8,5,2,2025-06-07,1612.11,0.06,1035.88,2.58
1,2,3,2025-06-07,301.02,1.09,325.94,46.01
2,4,3,2025-06-07,1030.48,1.01,869.23,40.55
3,2,3,2025-06-07,443.23,1.41,495.29,38.67
4,5,3,2025-06-07,2196.92,1.49,1416.44,43.63
5,4,3,2025-06-07,911.78,0.91,788.72,42.01
6,4,3,2025-06-07,308.2,0.32,266.65,40.76
7,2,3,2025-06-07,1015.1,3.35,1136.3,40.34
8,5,3,2025-06-07,1789.93,1.1,1146.36,41.09
1,4,4,2025-06-07,755.79,0.48,633.15,24.92
2,3,4,2025-06-07,1067.79,2.08,1143.0,25.15
3,1,4,2025-06-07,942.68,1.84,1072.61,23.31
4,5,4,2025-06-07,2046.47,0.75,1365.39,25.29
5,2,4,2025-06-07,1327.81,2.53,1419.26,24.71
6,4,4,2025-06-07,743.37,0.41,626.28,23.19
7,4,4,2025-06-07,619.53,0.43,524.87,26.95
8,3,4,2025-06-07,1409.42,2.72,1459.69,25.0
1,1,5,2025-06-07,619.31,6.79,732.76,127.73
2,3,5,2025-06-07,637.9,5.93,657.14,119.07
3,5,5,2025-06-07,1184.28,2.4,778.18,131.51
4,5,5,2025-06-07,1690.68,3.35,1079.82,134.06
5,2,5,2025-06-07,1048.61,10.69,1175.3,122.75
6,4,5,2025-06-07,621.69,1.97,528.01,127.09
7,1,5,2025-06-07,852.89,9.1,1009.81,122.08
8,3,5,2025-06-07,1287.61,13.64,1362.47,137.77
1,1,1,2025-06-09,459.29,3.17,540.51,81.53
2,2,1,2025-06-09,719.46,5.02,789.13,86.24
3,5,1,2025-06-09,938.06,1.24,618.58,86.31
4,5,1,2025-06-09,1839.2,2.52,1210.01,95.39
5,4,1,2025-06-09,941.69,2.04,823.86,84.2
6,4,1,2025-06-09,447.02,0.91,385.66,81.61
7,2,1,2025-06-09,770.56,5.38,864.56,88.52
8,5,1,2025-06-09,1497.03,2.11,964.42,89.9
1,4,2,2025-06-09,535.41,0.11,457.66,8.5
2,3,2,2025-06-09,1000.34,0.6,1050.86,8.35
3,5,2,2025-06-09,613.2,0.08,406.05,8.57
4,3,2,2025-06-09,2143.67,1.3,2219.04,8.34
5,4,2,2025-06-09,1111.63,0.24,921.29,8.45
6,1,2,2025-06-09,544.62,0.39,637.91,8.33
7,1,2,2025-06-09,982.58,0.72,1122.9,8.36
8,5,2,2025-06-09,1642.0,0.19,1059.5,7.5
1,2,3,2025-06-09,306.0,3.15,334.28,126.17
2,3,3,2025-06-09,1094.58,9.79,1169.36,124.25
3,5,3,2025-06-09,457.46,0.99,290.78,141.9
4,5,3,2025-06-09,2292.7,4.55,1507.76,126.35
5,1,3,2025-06-09,908.0,10.67,1048.34,136.19
6,4,3,2025-06-09,302.79,1.05,257.33,133.28
7,2,3,2025-06-09,1079.43,12.19,1214.69,135.77
8,3,3,2025-06-09,1756.83,17.75,1895.48,139.38
1,2,4,2025-06-09,731.66,4.26,794.38,74.76
2,2,4,2025-06-09,1091.94,6.31,1204.94,72.67
3,2,4,2025-06-09,856.03,4.85,958.12,70.95
4,5,4,2025-06-09,1943.9,2.34,1226.89,78.53
5,2,4,2025-06-09,1320.98,7.97,1457.73,78.53
6,2,4,2025-06-09,711.16,4.64,782.39,82.59
7,4,4,2025-06-09,648.88,1.38,541.8,84.13
8,3,4,2025-06-09,1349.86,7.28,1447.47,71.58
1,2,5,2025-06-09,623.78,19.84,686.15,413.99
2,4,5,2025-06-09,631.95,6.19,529.23,379.42
3,2,5,2025-06-09,1167.75,38.75,1283.74,425.15
4,5,5,2025-06-09,1633.56,9.96,1052.97,410.46
5,4,5,2025-06-09,1076.54,10.51,934.02,410.17
6,2,5,2025-06-09,638.36,21.75,715.97,406.95
7,2,5,2025-06-09,862.34,25.23,970.72,379.68
8,3,5,2025-06-09,1275.65,39.86,1313.16,409.12
1,1,1,2025-06-10,481.16,3.32,543.92,80.69
2,4,1,2025-06-10,694.24,1.47,589.42,80.97
3,1,1,2025-06-10,865.61,5.74,1002.29,80.0
4,5,1,2025-06-10,1892.3,2.44,1206.29,87.43
5,1,1,2025-06-10,867.65,5.67,1024.43,76.37
6,1,1,2025-06-10,472.37,3.29,536.92,82.94
7,1,1,2025-06-10,723.12,5.49,817.61,88.45
8,5,1,2025-06-10,1456.56,1.96,929.79,87.01
1,4,2,2025-06-10,547.49,0.1,458.15,7.6
2,3,2,2025-06-10,1014.43,0.63,1049.49,8.4
3,5,2,2025-06-10,602.5,0.08,380.54,8.76
4,3,2,2025-06-10,2098.05,1.33,2238.08,8.11
5,1,2,2025-06-10,1197.25,0.78,1362.92,8.01
6,4,2,2025-06-10,564.38,0.12,482.04,8.58
7,1,2,2025-06-10,934.69,0.71,1049.2,8.87
8,5,2,2025-06-10,1580.94,0.19,998.85,8.41
1,2,3,2025-06-10,300.01,4.15,327.93,166.44
2,2,3,2025-06-10,1024.13,13.54,1116.87,167.22
3,2,3,2025-06-10,438.9,5.89,488.4,163.42
4,5,3,2025-06-10,2135.94,4.91,1357.21,152.31
5,4,3,2025-06-10,945.59,3.86,822.73,164.14
6,2,3,2025-06-10,310.73,3.37,339.42,138.8
7,4,3,2025-06-10,1085.99,4.67,921.94,167.17
8,3,3,2025-06-10,1861.7,22.03,1925.42,158.18
1,1,4,2025-06-10,700.26,4.48,818.19,73.18
2,4,4,2025-06-10,1073.66,2.04,913.2,74.24
3,2,4,2025-06-10,944.51,5.77,1027.44,74.35
4,5,4,2025-06-10,2027.4,2.52,1334.2,82.31
5,2,4,2025-06-10,1329.3,7.41,1427.28,72.46
6,2,4,2025-06-10,711.87,4.85,768.07,82.28
7,1,4,2025-06-10,647.08,4.5,764.75,81.09
8,5,4,2025-06-10,1390.87,1.51,883.22,75.47
1,2,5,2025-06-10,648.11,15.18,732.55,296.04
2,3,5,2025-06-10,636.35,14.47,669.67,305.78
3,5,5,2025-06-10,1157.51,4.85,762.4,289.03
4,3,5,2025-06-10,1665.33,36.8,1770.36,282.14
5,1,5,2025-06-10,1058.4,26.16,1234.31,297.95
6,4,5,2025-06-10,642.21,4.67,546.15,305.69
7,4,5,2025-06-10,857.66,6.64,751.31,297.28
8,5,5,2025-06-10,1195.96,5.48,792.3,292.73
1,2,1,2025-06-11,448.09,3.6,492.25,101.11
2,3,1,2025-06-11,715.61,4.79,759.29,93.57
3,5,1,2025-06-11,905.85,1.34,579.61,102.22
4,5,1,2025-06-11,1866.51,2.98,1244.64,103.26
5,1,1,2025-06-11,915.31,7.15,1070.05,88.02
6,2,1,2025-06-11,452.29,3.48,489.24,97.01
7,1,1,2025-06-11,743.01,6.73,838.67,104.94
8,3,1,2025-06-11,1401.27,9.88,1449.43,90.07
1,1,2,2025-06-11,524.65,0.52,595.52,12.02
2,2,2,2025-06-11,1008.17,1.05,1131.39,12.56
3,2,2,2025-06-11,624.09,0.66,694.06,12.93
4,3,2,2025-06-11,2029.26,1.68,2110.51,11.44
5,4,2,2025-06-11,1193.69,0.33,1002.89,11.39
6,1,2,2025-06-11,540.32,0.53,604.67,11.2
7,2,2,2025-06-11,984.34,0.89,1104.21,11.26
8,5,2,2025-06-11,1614.9,0.3,1033.72,11.76
1,1,3,2025-06-11,313.86,5.42,363.76,197.91
2,2,3,2025-06-11,1024.37,16.08,1156.27,187.51
3,5,3,2025-06-11,463.6,1.36,300.83,186.04
4,5,3,2025-06-11,2303.54,6.68,1496.6,187.63
5,2,3,2025-06-11,954.81,15.05,1045.96,198.13
6,4,3,2025-06-11,290.41,1.34,242.8,182.36
7,1,3,2025-06-11,1023.66,15.32,1207.77,176.44
8,3,3,2025-06-11,1821.86,27.01,1903.62,201.2
1,2,4,2025-06-11,750.42,3.74,834.15,60.62
2,4,4,2025-06-11,1082.67,1.57,901.91,56.33
3,5,4,2025-06-11,899.74,0.82,576.46,59.23
4,3,4,2025-06-11,2009.59,8.75,2069.31,56.35
5,1,4,2025-06-11,1296.61,6.26,1473.93,57.45
6,2,4,2025-06-11,684.6,2.77,756.2,52.21
7,1,4,2025-06-11,648.12,2.65,725.41,50.26
8,5,4,2025-06-11,1324.65,1.11,836.62,57.65
1,4,5,2025-06-11,598.87,5.2,498.92,338.63
2,3,5,2025-06-11,640.96,14.88,672.05,316.72
3,5,5,2025-06-11,1149.8,5.4,729.77,301.81
4,5,5,2025-06-11,1683.98,7.59,1106.28,301.43
5,1,5,2025-06-11,1079.39,28.72,1258.58,316.0
6,2,5,2025-06-11,604.68,14.04,683.24,303.98
7,2,5,2025-06-11,812.21,21.86,885.86,327.65
8,3,5,2025-06-11,1212.71,29.64,1311.3,330.14
1,1,1,2025-06-12,488.9,3.05,564.32,75.63
2,4,1,2025-06-12,684.75,1.09,574.17,66.3
3,2,1,2025-06-12,943.0,4.93,1037.14,67.83
4,5,1,2025-06-12,1894.68,2.08,1202.39,73.33
5,4,1,2025-06-12,896.43,1.43,744.52,66.98
6,2,1,2025-06-12,469.83,3.15,522.95,79.89
7,1,1,2025-06-12,758.81,4.59,849.7,70.69
8,3,1,2025-06-12,1457.21,8.01,1505.74,76.09
1,1,2,2025-06-12,565.35,0.33,641.21,7.24
2,4,2,2025-06-12,1014.4,0.2,862.59,7.68
3,5,2,2025-06-12,645.39,0.07,422.86,7.08
4,5,2,2025-06-12,2134.97,0.24,1416.28,7.77
5,4,2,2025-06-12,1166.78,0.2,1020.0,6.7
6,2,2,2025-06-12,531.05,0.33,596.83,7.95
7,2,2,2025-06-12,989.4,0.57,1109.75,7.02
8,5,2,2025-06-12,1593.64,0.16,1036.97,6.77
1,4,3,2025-06-12,292.13,0.96,250.5,133.47
2,3,3,2025-06-12,1073.9,11.61,1124.52,138.3
3,2,3,2025-06-12,449.1,5.51,486.56,157.18
4,5,3,2025-06-12,2133.46,5.21,1397.9,157.22
5,2,3,2025-06-12,951.79,10.87,1040.69,136.24
6,2,3,2025-06-12,288.31,3.73,325.6,157.82
7,1,3,2025-06-12,1091.4,14.75,1282.25,156.73
8,3,3,2025-06-12,1847.32,19.94,1958.22,138.03
1,4,4,2025-06-12,705.37,1.06,597.12,59.43
2,2,4,2025-06-12,1063.28,5.54,1135.88,64.74
3,1,4,2025-06-12,892.71,4.44,1022.11,60.19
4,5,4,2025-06-12,2023.9,1.88,1352.93,60.83
5,1,4,2025-06-12,1251.37,6.06,1399.45,59.05
6,2,4,2025-06-12,740.3,3.51,794.66,58.66
7,2,4,2025-06-12,677.49,3.3,728.05,63.61
8,5,4,2025-06-12,1302.52,1.2,827.36,58.8
1,2,5,2025-06-12,600.43,14.68,646.6,311.47
2,3,5,2025-06-12,679.9,16.49,729.5,321.18
3,1,5,2025-06-12,1165.43,31.85,1353.16,334.04
4,3,5,2025-06-12,1651.96,39.92,1762.48,321.29
5,2,5,2025-06-12,1081.62,27.05,1203.03,310.22
6,4,5,2025-06-12,636.24,5.51,556.95,340.35
7,2,5,2025-06-12,874.44,23.62,957.24,352.37
8,3,5,2025-06-12,1286.21,30.75,1326.3,310.39
1,2,1,2025-06-13,468.35,2.45,500.76,65.91
2,4,1,2025-06-13,698.6,1.06,577.84,63.74
3,5,1,2025-06-13,860.0,0.77,544.85,59.94
4,5,1,2025-06-13,1813.2,1.68,1203.15,61.82
5,4,1,2025-06-13,884.24,1.37,761.75,59.43
6,2,1,2025-06-13,454.77,2.14,500.68,59.29
7,1,1,2025-06-13,766.81,4.37,879.59,65.55
8,5,1,2025-06-13,1495.16,1.34,979.33,59.52
1,2,2,2025-06-13,564.62,0.5,603.28,11.08
2,3,2,2025-06-13,1014.66,0.87,1088.85,11.2
3,5,2,2025-06-13,610.5,0.1,390.28,10.72
4,5,2,2025-06-13,1988.12,0.35,1261.22,11.39
5,1,2,2025-06-13,1120.82,1.08,1276.74,11.62
6,4,2,2025-06-13,561.5,0.15,491.28,11.07
7,2,2,2025-06-13,931.97,0.82,1041.17,11.43
8,5,2,2025-06-13,1571.07,0.25,1034.41,10.84
1,2,3,2025-06-13,289.72,2.85,316.69,124.83
2,2,3,2025-06-13,1039.47,10.45,1132.85,121.77
3,1,3,2025-06-13,449.44,4.82,512.84,120.83
4,5,3,2025-06-13,2101.91,4.42,1378.04,133.94
5,4,3,2025-06-13,907.47,2.89,787.06,122.46
6,4,3,2025-06-13,293.97,0.92,244.55,127.44
7,4,3,2025-06-13,1013.91,3.67,843.87,139.87
8,3,3,2025-06-13,1801.92,19.74,1924.17,139.86
1,1,4,2025-06-13,726.22,5.64,847.89,88.5
2,3,4,2025-06-13,1092.36,6.74,1163.57,80.3
3,2,4,2025-06-13,910.01,5.88,975.93,78.73
4,5,4,2025-06-13,1873.96,2.5,1204.99,85.98
5,2,4,2025-06-13,1358.42,9.6,1521.94,89.33
6,1,4,2025-06-13,753.03,5.24,855.44,84.98
7,1,4,2025-06-13,618.63,4.43,708.65,87.5
8,3,4,2025-06-13,1373.13,9.31,1476.59,88.97
1,4,5,2025-06-13,615.82,4.77,534.86,325.75
2,3,5,2025-06-13,645.83,14.3,667.07,309.33
3,2,5,2025-06-13,1162.32,32.45,1271.5,348.99
4,5,5,2025-06-13,1716.26,8.27,1096.78,335.53
5,1,5,2025-06-13,1070.24,31.54,1235.16,332.96
6,4,5,2025-06-13,636.46,4.66,557.03,306.95
7,2,5,2025-06-13,869.78,25.76,966.5,361.85
8,5,5,2025-06-13,1291.38,6.62,843.35,339.85
1,1,1,2025-06-14,448.3,1.41,520.82,35.67
2,3,1,2025-06-14,751.56,1.84,811.59,34.03
3,2,1,2025-06-14,918.69,2.48,1030.19,35.23
4,5,1,2025-06-14,1930.03,1.01,1243.49,36.56
5,1,1,2025-06-14,914.48,2.68,1068.38,32.86
6,4,1,2025-06-14,482.16,0.38,398.64,32.85
7,2,1,2025-06-14,783.69,2.13,836.66,35.1
8,3,1,2025-06-14,1475.12,3.97,1517.11,36.65
1,1,2,2025-06-14,537.74,0.19,617.19,4.26
2,2,2,2025-06-14,1002.26,0.35,1104.75,4.57
3,1,2,2025-06-14,636.66,0.25,733.11,4.48
4,5,2,2025-06-14,1968.66,0.13,1287.91,4.17
5,1,2,2025-06-14,1139.84,0.45,1309.36,4.73
6,4,2,2025-06-14,514.91,0.06,443.57,4.33
7,2,2,2025-06-14,937.89,0.35,1031.2,4.71
8,3,2,2025-06-14,1581.36,0.5,1645.63,4.22
1,4,3,2025-06-14,308.87,0.41,259.88,54.74
2,2,3,2025-06-14,1050.4,4.76,1135.9,55.72
3,1,3,2025-06-14,428.23,1.67,502.93,46.62
4,5,3,2025-06-14,2184.27,1.72,1443.15,54.09
5,4,3,2025-06-14,947.8,1.23,791.56,54.47
6,2,3,2025-06-14,299.85,1.2,336.01,52.02
7,2,3,2025-06-14,1008.81,3.96,1087.16,49.2
8,3,3,2025-06-14,1735.84,6.67,1809.48,53.13
1,2,4,2025-06-14,708.27,1.21,771.96,22.37
2,4,4,2025-06-14,1101.72,0.7,910.61,24.76
3,5,4,2025-06-14,907.75,0.33,602.46,24.97
4,5,4,2025-06-14,1975.56,0.69,1256.14,23.42
5,2,4,2025-06-14,1247.66,2.26,1396.86,23.31
6,2,4,2025-06-14,701.91,1.33,750.46,23.33
7,4,4,2025-06-14,622.67,0.35,523.33,23.35
8,3,4,2025-06-14,1415.6,2.74,1466.82,24.68
1,2,5,2025-06-14,650.48,5.6,708.7,106.03
2,3,5,2025-06-14,644.37,4.95,677.47,102.29
3,1,5,2025-06-14,1133.81,10.43,1278.26,105.1
4,5,5,2025-06-14,1641.38,2.76,1039.1,110.46
5,1,5,2025-06-14,1010.88,7.93,1195.34,94.96
6,1,5,2025-06-14,612.08,5.68,719.93,109.74
7,1,5,2025-06-14,823.18,6.62,951.44,95.83
8,3,5,2025-06-14,1290.76,9.34,1366.76,96.32
1,4,1,2025-06-16,487.98,0.72,412.85,61.3
2,2,1,2025-06-16,735.09,4.38,795.67,72.01
3,1,1,2025-06-16,898.9,5.39,1033.68,68.65
4,3,1,2025-06-16,1865.49,8.99,1910.39,66.32
5,1,1,2025-06-16,897.63,5.47,1052.34,69.44
6,2,1,2025-06-16,460.73,2.25,516.61,63.24
7,2,1,2025-06-16,764.56,3.88,858.7,63.16
8,3,1,2025-06-16,1482.51,7.14,1553.73,64.45
1,2,2,2025-06-16,532.82,0.3,597.99,7.44
2,2,2,2025-06-16,1020.51,0.56,1134.7,7.14
3,5,2,2025-06-16,625.4,0.07,397.32,7.28
4,3,2,2025-06-16,2084.75,1.19,2126.61,7.73
5,2,2,2025-06-16,1199.53,0.83,1324.95,8.33
6,4,2,2025-06-16,519.7,0.09,449.74,7.25
7,1,2,2025-06-16,972.2,0.69,1128.72,8.42
8,3,2,2025-06-16,1714.08,1.05,1805.5,8.23
1,1,3,2025-06-16,293.68,5.03,331.62,207.46
2,2,3,2025-06-16,1018.29,13.56,1151.91,173.35
3,5,3,2025-06-16,456.01,1.3,294.68,182.55
4,3,3,2025-06-16,2243.43,29.64,2303.06,179.49
5,4,3,2025-06-16,966.01,4.38,822.68,182.46
6,2,3,2025-06-16,285.04,4.67,321.54,198.96
7,2,3,2025-06-16,1045.09,15.69,1148.75,181.93
8,3,3,2025-06-16,1722.46,22.48,1843.74,178.22
1,2,4,2025-06-16,703.57,3.49,758.43,59.29
2,3,4,2025-06-16,1066.95,4.63,1090.94,59.27
3,5,4,2025-06-16,879.1,0.77,586.76,56.29
4,5,4,2025-06-16,1902.86,1.76,1272.08,61.12
5,2,4,2025-06-16,1235.48,6.25,1327.64,64.88
6,1,4,2025-06-16,712.31,3.99,799.72,65.2
7,4,4,2025-06-16,643.79,0.88,543.91,57.22
8,3,4,2025-06-16,1305.16,6.11,1349.14,62.69
1,1,5,2025-06-16,632.58,22.27,751.21,420.5
2,3,5,2025-06-16,633.19,19.53,650.16,431.22
3,5,5,2025-06-16,1161.79,7.3,770.77,427.78
4,3,5,2025-06-16,1669.76,50.42,1735.03,407.17
5,1,5,2025-06-16,1026.99,34.85,1183.25,398.39
6,2,5,2025-06-16,643.36,21.16,715.74,405.7
7,4,5,2025-06-16,857.73,8.95,730.97,416.53
8,3,5,2025-06-16,1238.16,37.31,1336.86,383.08
1,2,1,2025-06-17,484.0,2.36,532.66,63.66
2,2,1,2025-06-17,731.08,4.14,809.55,68.03
3,1,1,2025-06-17,928.43,6.03,1043.18,76.81
4,3,1,2025-06-17,1839.33,10.15,1970.52,71.72
5,1,1,2025-06-17,880.02,4.98,998.7,63.94
6,2,1,2025-06-17,450.55,2.75,506.86,77.34
7,2,1,2025-06-17,746.08,3.88,829.41,66.82
8,5,1,2025-06-17,1473.72,1.71,982.84,73.93
1,2,2,2025-06-17,563.77,0.48,619.52,10.11
2,4,2,2025-06-17,933.6,0.23,781.44,10.07
3,1,2,2025-06-17,643.34,0.6,748.62,11.24
4,3,2,2025-06-17,2026.37,1.57,2155.8,10.48
5,4,2,2025-06-17,1105.34,0.31,958.32,11.2
6,1,2,2025-06-17,518.6,0.49,609.73,10.59
7,2,2,2025-06-17,968.47,0.77,1079.34,9.95
8,3,2,2025-06-17,1720.8,1.33,1813.46,10.04
1,2,3,2025-06-17,310.37,3.63,346.36,148.55
2,4,3,2025-06-17,1013.61,3.96,865.55,151.69
3,5,3,2025-06-17,431.66,1.08,289.28,158.46
4,5,3,2025-06-17,2216.83,5.57,1440.32,161.19
5,4,3,2025-06-17,939.6,3.86,793.52,165.65
6,4,3,2025-06-17,304.23,1.12,256.99,151.65
7,4,3,2025-06-17,1010.66,3.99,841.59,163.93
8,3,3,2025-06-17,1780.78,21.73,1836.4,161.81
1,2,4,2025-06-17,738.01,4.1,828.16,70.07
2,4,4,2025-06-17,1070.37,1.82,899.24,70.85
3,5,4,2025-06-17,913.13,0.91,607.28,69.6
4,3,4,2025-06-17,1901.35,9.64,2054.86,66.33
5,4,4,2025-06-17,1305.33,2.39,1115.63,70.1
6,1,4,2025-06-17,710.07,4.13,824.66,66.25
7,2,4,2025-06-17,619.05,3.8,663.55,77.67
8,3,4,2025-06-17,1372.52,8.02,1408.26,75.66
1,4,5,2025-06-17,592.43,5.19,503.82,353.11
2,4,5,2025-06-17,647.38,5.6,568.49,336.11
3,5,5,2025-06-17,1164.2,5.6,739.96,332.95
4,3,5,2025-06-17,1615.21,41.84,1662.69,343.46
5,1,5,2025-06-17,1053.24,29.9,1239.27,318.92
6,4,5,2025-06-17,592.18,5.32,518.65,343.98
7,4,5,2025-06-17,879.98,7.05,770.09,330.54
8,3,5,2025-06-17,1195.17,30.83,1257.89,342.98
1,2,1,2025-06-18,491.09,3.66,552.74,88.73
2,3,1,2025-06-18,753.8,5.29,775.28,97.7
3,1,1,2025-06-18,924.49,7.12,1041.29,94.07
4,5,1,2025-06-18,1796.96,2.36,1161.36,85.68
5,2,1,2025-06-18,865.94,6.41,960.83,91.34
6,4,1,2025-06-18,457.0,0.94,383.57,84.69
7,1,1,2025-06-18,764.27,5.84,880.37,92.31
8,5,1,2025-06-18,1509.89,2.07,1002.48,95.55
1,2,2,2025-06-18,527.79,0.29,590.46,7.2
2,4,2,2025-06-18,937.64,0.16,781.73,6.85
3,2,2,2025-06-18,597.67,0.34,672.78,7.29
4,5,2,2025-06-18,2112.53,0.22,1405.16,7.31
5,1,2,2025-06-18,1145.53,0.65,1322.79,6.43
6,1,2,2025-06-18,563.56,0.32,644.85,6.5
7,2,2,2025-06-18,927.02,0.51,1048.03,7.0
8,5,2,2025-06-18,1694.01,0.18,1075.58,7.06
1,1,3,2025-06-18,287.23,4.75,323.66,200.18
2,3,3,2025-06-18,1000.05,14.1,1055.93,197.31
3,2,3,2025-06-18,431.33,6.45,479.16,183.16
4,3,3,2025-06-18,2259.6,35.43,2327.17,204.98
5,2,3,2025-06-18,952.91,14.98,1077.08,205.71
6,4,3,2025-06-18,287.94,1.3,242.71,176.26
7,2,3,2025-06-18,1097.64,15.9,1186.15,188.24
8,5,3,2025-06-18,1781.15,4.42,1146.54,171.36
1,2,4,2025-06-18,689.22,4.27,750.8,80.08
2,4,4,2025-06-18,1062.52,2.03,918.37,76.62
3,5,4,2025-06-18,895.98,1.11,586.43,81.9
4,5,4,2025-06-18,2042.97,2.43,1316.16,80.93
5,4,4,2025-06-18,1360.02,2.67,1153.29,80.38
6,4,4,2025-06-18,690.14,1.21,604.35,69.01
7,2,4,2025-06-18,618.27,3.87,699.81,78.78
8,5,4,2025-06-18,1411.81,1.58,896.28,75.04
1,2,5,2025-06-18,647.78,18.72,703.73,349.02
2,2,5,2025-06-18,669.27,19.4,760.5,367.34
3,1,5,2025-06-18,1177.96,35.23,1396.87,364.79
4,5,5,2025-06-18,1784.02,9.87,1142.53,368.47
5,1,5,2025-06-18,1081.43,30.31,1263.79,330.64
6,4,5,2025-06-18,601.57,5.09,520.73,340.29
7,2,5,2025-06-18,872.31,23.98,945.11,348.95
8,5,5,2025-06-18,1204.22,5.97,762.26,332.45
1,2,1,2025-06-19,452.97,3.85,486.49,102.78
2,4,1,2025-06-19,735.59,1.94,635.92,103.19
3,1,1,2025-06-19,911.63,7.47,1064.14,99.81
4,5,1,2025-06-19,1822.89,2.65,1151.19,94.95
5,2,1,2025-06-19,934.65,6.74,1017.02,93.73
6,4,1,2025-06-19,482.62,1.25,420.39,107.74
7,1,1,2025-06-19,764.26,6.01,906.21,93.33
8,3,1,2025-06-19,1396.21,10.08,1480.59,99.72
1,1,2,2025-06-19,513.15,0.46,596.72,10.34
2,4,2,2025-06-19,957.92,0.25,799.89,10.51
3,1,2,2025-06-19,649.8,0.54,767.87,10.07
4,3,2,2025-06-19,2124.72,1.39,2217.18,8.82
5,1,2,2025-06-19,1141.03,0.99,1303.29,10.33
6,4,2,2025-06-19,538.45,0.13,449.7,9.9
7,1,2,2025-06-19,926.65,0.7,1094.08,9.14
8,5,2,2025-06-19,1583.93,0.22,998.99,9.35
1,4,3,2025-06-19,301.4,1.01,258.05,131.06
2,2,3,2025-06-19,1032.07,11.64,1123.14,141.07
3,5,3,2025-06-19,470.04,0.99,297.28,145.83
4,3,3,2025-06-19,2155.06,19.42,2307.29,126.38
5,4,3,2025-06-19,960.43,3.53,840.98,145.17
6,2,3,2025-06-19,287.96,3.19,315.08,142.79
7,1,3,2025-06-19,1071.88,12.39,1248.8,133.31
8,3,3,2025-06-19,1828.92,21.46,1901.61,149.92
1,4,4,2025-06-19,697.9,0.96,586.68,55.11
2,3,4,2025-06-19,1094.23,5.0,1173.72,58.27
3,2,4,2025-06-19,899.72,4.1,1004.92,54.54
4,3,4,2025-06-19,1968.68,7.17,2019.96,50.56
5,2,4,2025-06-19,1335.92,6.21,1486.55,59.13
6,1,4,2025-06-19,717.34,3.55,809.64,57.87
7,1,4,2025-06-19,631.87,3.2,731.2,60.97
8,3,4,2025-06-19,1285.18,5.71,1382.64,60.14
1,4,5,2025-06-19,589.43,4.83,513.82,328.81
2,3,5,2025-06-19,621.88,16.25,669.21,336.91
3,1,5,2025-06-19,1112.98,31.57,1319.28,343.34
4,5,5,2025-06-19,1778.14,8.93,1148.35,329.37
5,1,5,2025-06-19,1002.25,27.48,1150.05,327.38
6,2,5,2025-06-19,616.58,16.49,664.9,318.83
7,4,5,2025-06-19,823.51,6.43,704.49,309.42
8,3,5,2025-06-19,1276.08,31.36,1381.18,328.77
1,2,1,2025-06-20,487.58,3.31,524.47,81.74
2,3,1,2025-06-20,684.04,4.58,712.92,85.89
3,5,1,2025-06-20,906.34,1.19,598.75,91.67
4,5,1,2025-06-20,1879.47,2.53,1242.49,92.56
5,1,1,2025-06-20,889.1,6.61,996.51,85.07
6,4,1,2025-06-20,455.7,0.97,378.01,84.0
7,4,1,2025-06-20,750.57,1.62,643.17,86.02
8,3,1,2025-06-20,1378.52,9.61,1438.85,92.97
1,1,2,2025-06-20,552.99,0.34,638.78,7.08
2,4,2,2025-06-20,977.96,0.18,812.7,7.27
3,1,2,2025-06-20,628.27,0.4,741.46,7.33
4,3,2,2025-06-20,1990.8,1.07,2138.31,6.99
5,4,2,2025-06-20,1133.07,0.2,976.68,7.19
6,4,2,2025-06-20,559.48,0.09,464.34,6.77
7,2,2,2025-06-20,976.21,0.57,1086.58,7.38
8,3,2,2025-06-20,1684.94,0.88,1716.61,7.29
1,1,3,2025-06-20,299.89,4.33,349.22,168.37
2,4,3,2025-06-20,1066.11,4.4,905.5,168.81
3,5,3,2025-06-20,457.18,1.27,291.33,188.95
4,3,3,2025-06-20,2189.42,30.33,2334.34,178.82
5,1,3,2025-06-20,939.13,14.57,1092.24,185.49
6,2,3,2025-06-20,308.06,4.85,332.93,187.57
7,2,3,2025-06-20,1000.75,14.57,1092.35,186.52
8,3,3,2025-06-20,1875.76,25.96,1987.5,176.5
1,4,4,2025-06-20,737.34,1.61,638.08,86.54
2,3,4,2025-06-20,1035.71,7.22,1105.17,93.39
3,5,4,2025-06-20,899.72,1.21,587.16,85.75
4,5,4,2025-06-20,1945.51,2.53,1302.35,83.88
5,4,4,2025-06-20,1240.06,2.94,1026.75,93.15
6,2,4,2025-06-20,730.96,4.78,803.29,80.19
7,2,4,2025-06-20,623.6,4.78,674.36,94.55
8,3,4,2025-06-20,1369.16,8.07,1414.06,78.53
1,4,5,2025-06-20,598.72,5.91,512.04,386.71
2,3,5,2025-06-20,618.39,20.47,657.21,445.52
3,2,5,2025-06-20,1107.44,37.59,1189.26,416.68
4,3,5,2025-06-20,1653.12,56.3,1784.98,434.04
5,4,5,2025-06-20,1081.62,10.37,908.04,396.95
6,4,5,2025-06-20,630.6,6.04,543.18,398.27
7,1,5,2025-06-20,829.81,29.24,986.39,427.86
8,3,5,2025-06-20,1220.98,36.87,1308.69,411.15
1,2,1,2025-06-21,488.15,1.42,531.36,35.58
2,3,1,2025-06-21,734.03,2.02,793.41,38.38
3,1,1,2025-06-21,858.69,2.3,969.78,32.28
4,5,1,2025-06-21,1806.61,1.02,1158.6,38.01
5,2,1,2025-06-21,926.93,2.31,1023.1,32.26
6,1,1,2025-06-21,490.08,1.55,552.09,35.66
7,4,1,2025-06-21,767.43,0.73,645.76,36.98
8,5,1,2025-06-21,1484.07,0.69,986.22,32.21
1,4,2,2025-06-21,548.05,0.06,462.1,4.52
2,3,2,2025-06-21,958.76,0.31,1017.08,4.44
3,2,2,2025-06-21,612.0,0.22,676.5,4.23
4,3,2,2025-06-21,1973.34,0.65,2063.19,4.31
5,2,2,2025-06-21,1149.82,0.43,1277.92,4.62
6,1,2,2025-06-21,525.53,0.18,622.04,4.07
7,4,2,2025-06-21,971.2,0.1,821.15,4.0
8,3,2,2025-06-21,1653.23,0.58,1725.55,4.56
1,2,3,2025-06-21,306.63,1.76,347.14,69.43
2,3,3,2025-06-21,1090.93,5.08,1158.88,64.11
3,1,3,2025-06-21,430.29,2.39,500.83,62.61
4,5,3,2025-06-21,2112.92,2.02,1385.61,66.78
5,2,3,2025-06-21,904.76,5.0,1006.61,66.12
6,1,3,2025-06-21,286.16,1.5,324.91,59.61
7,4,3,2025-06-21,1000.98,1.56,834.15,62.51
8,3,3,2025-06-21,1778.83,8.88,1834.09,66.2
1,1,4,2025-06-21,738.35,1.49,856.27,23.48
2,2,4,2025-06-21,1075.27,1.84,1203.12,20.57
3,5,4,2025-06-21,868.2,0.25,548.36,19.88
4,3,4,2025-06-21,1883.63,3.23,1925.31,23.93
5,4,4,2025-06-21,1251.37,0.62,1061.49,20.51
6,4,4,2025-06-21,704.14,0.37,591.01,21.88
7,4,4,2025-06-21,638.57,0.37,541.17,23.12
8,3,4,2025-06-21,1402.74,2.41,1446.03,23.99
1,1,5,2025-06-21,631.96,6.66,738.81,121.65
2,2,5,2025-06-21,681.26,6.46,753.04,113.14
3,2,5,2025-06-21,1122.25,11.17,1241.76,126.14
4,3,5,2025-06-21,1740.91,14.96,1866.94,115.64
5,2,5,2025-06-21,1083.44,11.35,1220.85,129.0
6,2,5,2025-06-21,616.28,6.06,692.2,125.92
7,2,5,2025-06-21,822.54,7.88,904.26,120.26
8,5,5,2025-06-21,1246.16,2.3,787.1,122.35
1,1,1,2025-06-23,484.59,3.43,552.21,85.21
2,3,1,2025-06-23,716.99,4.96,735.02,87.97
3,5,1,2025-06-23,901.26,1.18,574.12,83.7
4,5,1,2025-06-23,1786.19,2.27,1136.17,82.32
5,1,1,2025-06-23,935.42,6.47,1086.05,85.02
6,2,1,2025-06-23,458.59,2.82,496.12,80.93
7,2,1,2025-06-23,718.09,4.69,782.96,82.21
8,5,1,2025-06-23,1456.2,1.57,957.77,73.93
1,4,2,2025-06-23,534.68,0.09,464.62,7.03
2,3,2,2025-06-23,993.33,0.51,1023.72,6.79
3,1,2,2025-06-23,643.57,0.44,723.92,7.69
4,5,2,2025-06-23,1996.34,0.22,1265.21,7.13
5,2,2,2025-06-23,1183.56,0.64,1339.26,6.71
6,4,2,2025-06-23,549.77,0.1,453.42,7.39
7,4,2,2025-06-23,913.76,0.15,787.18,6.58
8,5,2,2025-06-23,1647.67,0.19,1041.43,7.9
1,2,3,2025-06-23,304.47,3.4,343.13,146.23
2,2,3,2025-06-23,1027.42,11.39,1136.98,132.25
3,5,3,2025-06-23,447.42,0.93,294.23,136.57
4,5,3,2025-06-23,2180.7,4.65,1381.51,144.7
5,1,3,2025-06-23,990.51,11.35,1152.86,141.93
6,1,3,2025-06-23,309.46,3.77,347.43,139.85
7,1,3,2025-06-23,998.74,10.64,1135.52,127.3
8,5,3,2025-06-23,1739.43,3.89,1145.32,147.3
1,4,4,2025-06-23,696.65,0.95,580.91,52.05
2,3,4,2025-06-23,1035.77,4.57,1073.06,58.21
3,2,4,2025-06-23,915.7,4.44,997.86,58.55
4,3,4,2025-06-23,2021.79,8.56,2155.1,55.92
5,2,4,2025-06-23,1332.26,5.91,1452.58,54.01
6,2,4,2025-06-23,731.74,3.54,793.86,58.85
7,4,4,2025-06-23,628.27,0.85,522.05,54.32
8,3,4,2025-06-23,1342.01,5.34,1424.84,51.57
1,2,5,2025-06-23,594.76,15.98,656.42,346.77
2,4,5,2025-06-23,667.38,5.92,580.16,344.87
3,2,5,2025-06-23,1177.78,32.5,1295.17,338.64
4,3,5,2025-06-23,1741.4,46.52,1777.51,346.93
5,4,5,2025-06-23,1031.12,7.93,894.62,320.97
6,2,5,2025-06-23,626.12,14.43,683.57,292.06
7,4,5,2025-06-23,840.73,6.61,720.99,321.79
8,3,5,2025-06-23,1251.94,29.33,1304.71,302.66
1,2,1,2025-06-24,454.53,3.43,499.33,92.7
2,3,1,2025-06-24,707.81,4.8,741.27,89.7
3,1,1,2025-06-24,878.26,6.83,1039.87,93.24
4,3,1,2025-06-24,1775.48,11.1,1815.47,81.76
5,4,1,2025-06-24,901.63,2.19,788.41,93.88
6,2,1,2025-06-24,465.79,3.25,514.99,87.21
7,4,1,2025-06-24,736.61,1.49,617.11,83.63
8,5,1,2025-06-24,1394.58,1.83,915.68,91.49
1,4,2,2025-06-24,550.5,0.16,477.89,11.59
2,2,2,2025-06-24,1017.0,0.8,1129.33,10.21
3,2,2,2025-06-24,605.41,0.55,665.88,10.9
4,3,2,2025-06-24,1949.27,1.72,2086.92,12.04
5,4,2,2025-06-24,1151.96,0.35,996.4,12.11
6,1,2,2025-06-24,551.79,0.47,644.54,10.44
7,2,2,2025-06-24,947.2,0.89,1044.54,11.66
8,5,2,2025-06-24,1617.83,0.24,1035.74,10.14
1,2,3,2025-06-24,313.75,3.63,341.55,143.92
2,3,3,2025-06-24,1101.1,12.3,1152.83,155.42
3,2,3,2025-06-24,435.74,4.65,474.26,139.71
4,3,3,2025-06-24,2226.73,25.84,2390.76,155.92
5,2,3,2025-06-24,961.37,11.28,1056.24,144.55
6,4,3,2025-06-24,300.74,1.16,253.48,157.18
7,4,3,2025-06-24,1024.59,3.59,849.51,143.06
8,5,3,2025-06-24,1710.77,4.19,1088.65,156.53
1,4,4,2025-06-24,755.36,1.44,657.73,76.77
2,2,4,2025-06-24,1070.08,6.5,1191.74,76.48
3,2,4,2025-06-24,914.71,4.77,989.29,63.9
4,5,4,2025-06-24,2027.18,2.03,1290.66,70.22
5,2,4,2025-06-24,1344.39,7.79,1477.7,70.39
6,1,4,2025-06-24,714.38,4.43,803.62,74.04
7,1,4,2025-06-24,681.28,4.1,767.17,68.73
8,3,4,2025-06-24,1377.17,7.13,1487.15,66.36
1,2,5,2025-06-24,590.75,17.28,654.53,361.64
2,3,5,2025-06-24,680.41,16.46,726.71,338.35
3,2,5,2025-06-24,1165.6,32.07,1263.91,352.86
4,5,5,2025-06-24,1778.24,9.52,1168.38,343.8
5,2,5,2025-06-24,1004.58,29.47,1094.66,361.27
6,2,5,2025-06-24,643.08,17.78,692.65,356.73
7,1,5,2025-06-24,818.55,23.51,917.82,336.46
8,3,5,2025-06-24,1257.2,35.47,1287.79,366.74
1,2,1,2025-06-25,466.06,3.22,508.86,83.22
2,4,1,2025-06-25,707.86,1.46,599.94,84.65
3,5,1,2025-06-25,930.0,1.15,592.82,79.09
4,3,1,2025-06-25,1820.14,10.43,1930.61,79.03
5,4,1,2025-06-25,903.63,1.84,788.39,85.19
6,4,1,2025-06-25,459.31,1.03,391.73,87.89
7,2,1,2025-06-25,725.67,4.84,808.43,86.38
8,5,1,2025-06-25,1442.61,1.64,923.67,78.34
1,4,2,2025-06-25,524.89,0.09,447.29,6.4
2,3,2,2025-06-25,939.93,0.47,969.79,6.48
3,1,2,2025-06-25,645.91,0.32,737.59,5.83
4,5,2,2025-06-25,2148.43,0.18,1427.74,5.73
5,2,2,2025-06-25,1155.19,0.55,1286.21,5.74
6,2,2,2025-06-25,523.05,0.24,571.23,5.75
7,1,2,2025-06-25,971.13,0.47,1144.53,5.75
8,5,2,2025-06-25,1660.07,0.16,1051.89,6.6
1,4,3,2025-06-25,285.22,1.0,248.28,139.27
2,3,3,2025-06-25,1064.46,11.94,1136.36,144.17
3,5,3,2025-06-25,459.19,1.0,298.02,148.14
4,3,3,2025-06-25,2299.89,24.47,2465.44,137.69
5,2,3,2025-06-25,963.71,11.54,1051.01,156.67
6,2,3,2025-06-25,300.92,3.72,323.95,154.84
7,1,3,2025-06-25,1078.97,13.05,1266.72,140.42
8,3,3,2025-06-25,1809.14,22.12,1949.41,158.12
1,1,4,2025-06-25,706.48,3.19,825.95,54.47
2,2,4,2025-06-25,1032.26,4.86,1137.55,56.5
3,5,4,2025-06-25,926.08,0.88,613.0,60.55
4,5,4,2025-06-25,1979.1,1.6,1284.95,55.98
5,4,4,2025-06-25,1304.87,2.05,1115.23,63.71
6,4,4,2025-06-25,740.47,1.07,628.34,55.89
7,4,4,2025-06-25,642.91,1.03,543.03,61.75
8,3,4,2025-06-25,1322.6,6.34,1425.0,63.84
1,2,5,2025-06-25,635.26,21.01,690.87,403.57
2,4,5,2025-06-25,629.09,7.2,527.35,437.69
3,5,5,2025-06-25,1161.76,6.9,766.14,397.11
4,3,5,2025-06-25,1616.8,55.16,1675.38,437.76
5,4,5,2025-06-25,1024.99,10.44,883.7,393.88
6,2,5,2025-06-25,648.45,19.92,713.96,402.8
7,4,5,2025-06-25,854.69,8.06,713.39,394.72
8,3,5,2025-06-25,1215.67,41.01,1244.71,446.45
1,1,1,2025-06-26,457.84,2.75,538.98,70.68
2,3,1,2025-06-26,694.35,3.15,731.86,61.32
3,1,1,2025-06-26,883.84,5.4,991.36,69.93
4,3,1,2025-06-26,1932.63,8.9,2024.66,63.16
5,1,1,2025-06-26,884.35,4.66,1027.3,64.36
6,2,1,2025-06-26,454.29,2.38,495.03,68.36
7,2,1,2025-06-26,739.94,3.83,812.81,64.01
8,5,1,2025-06-26,1428.75,1.4,935.3,64.83
1,2,2,2025-06-26,565.72,0.41,637.2,9.16
2,2,2,2025-06-26,998.46,0.8,1107.08,9.9
3,2,2,2025-06-26,596.11,0.5,673.82,10.15
4,5,2,2025-06-26,2131.5,0.33,1422.29,10.24
5,4,2,2025-06-26,1128.49,0.3,951.64,10.61
6,1,2,2025-06-26,563.89,0.54,654.26,10.92
7,4,2,2025-06-26,918.08,0.24,771.71,10.65
8,3,2,2025-06-26,1668.19,1.27,1786.62,10.55
1,2,3,2025-06-26,299.74,4.35,322.99,184.53
2,2,3,2025-06-26,1001.74,14.51,1112.64,187.94
3,5,3,2025-06-26,467.18,1.17,308.94,175.77
4,3,3,2025-06-26,2156.04,26.94,2246.75,161.37
5,1,3,2025-06-26,918.87,15.47,1074.12,192.56
6,2,3,2025-06-26,311.34,4.32,337.58,169.49
7,1,3,2025-06-26,1102.36,16.04,1295.37,174.83
8,3,3,2025-06-26,1813.66,22.77,1858.92,162.56
1,4,4,2025-06-26,748.88,1.26,624.26,65.34
2,3,4,2025-06-26,1057.53,5.18,1079.55,68.32
3,2,4,2025-06-26,909.7,4.48,1026.06,63.88
4,3,4,2025-06-26,2028.83,9.78,2078.03,64.85
5,4,4,2025-06-26,1246.3,2.2,1079.02,73.47
6,4,4,2025-06-26,753.35,1.35,641.03,73.62
7,2,4,2025-06-26,648.24,3.31,721.71,63.2
8,5,4,2025-06-26,1375.91,1.49,890.27,72.48
1,1,5,2025-06-26,619.6,17.12,728.11,337.62
2,2,5,2025-06-26,619.18,15.61,692.76,328.82
3,1,5,2025-06-26,1150.29,36.12,1310.75,387.21
4,5,5,2025-06-26,1710.28,8.45,1120.49,328.63
5,4,5,2025-06-26,1054.73,8.94,892.87,354.39
6,2,5,2025-06-26,607.73,16.14,685.36,342.57
7,1,5,2025-06-26,864.97,26.53,978.52,378.4
8,3,5,2025-06-26,1211.52,31.53,1299.78,344.83
1,1,1,2025-06-27,450.92,3.52,517.54,94.28
2,4,1,2025-06-27,712.71,1.37,621.92,78.64
3,5,1,2025-06-27,944.15,1.27,627.46,93.45
4,3,1,2025-06-27,1885.29,12.65,1934.76,93.29
5,4,1,2025-06-27,926.39,1.9,802.93,85.99
6,1,1,2025-06-27,451.76,3.56,505.7,90.19
7,1,1,2025-06-27,732.93,5.75,840.42,91.51
8,5,1,2025-06-27,1388.61,1.94,897.24,93.16
1,1,2,2025-06-27,557.62,0.5,649.22,10.68
2,3,2,2025-06-27,1000.33,0.8,1023.69,11.01
3,2,2,2025-06-27,635.87,0.51,713.64,10.07
4,5,2,2025-06-27,2144.23,0.33,1406.55,10.7
5,4,2,2025-06-27,1178.1,0.33,1024.84,11.26
6,2,2,2025-06-27,565.73,0.55,632.13,11.69
7,4,2,2025-06-27,960.64,0.27,812.94,11.46
8,5,2,2025-06-27,1571.25,0.25,1015.41,10.36
1,4,3,2025-06-27,310.88,1.52,267.5,197.58
2,4,3,2025-06-27,1011.88,4.68,859.62,190.28
3,1,3,2025-06-27,449.69,7.11,529.35,189.43
4,3,3,2025-06-27,2217.6,30.85,2352.23,193.92
5,4,3,2025-06-27,942.48,3.93,788.78,171.63
6,1,3,2025-06-27,308.97,4.84,363.41,177.29
7,2,3,2025-06-27,1027.46,15.73,1135.81,187.75
8,3,3,2025-06-27,1753.81,23.51,1880.93,174.71
1,2,4,2025-06-27,697.43,3.7,786.92,63.91
2,4,4,2025-06-27,1012.34,1.64,873.52,62.0
3,2,4,2025-06-27,883.47,4.69,988.28,68.31
4,5,4,2025-06-27,2004.94,2.18,1305.14,69.5
5,1,4,2025-06-27,1336.18,6.84,1542.94,60.23
6,1,4,2025-06-27,723.44,3.86,835.84,63.46
7,4,4,2025-06-27,630.01,1.1,521.03,69.36
8,3,4,2025-06-27,1338.01,6.32,1398.23,62.82
1,2,5,2025-06-27,621.07,17.12,677.15,330.0
2,3,5,2025-06-27,632.51,15.16,663.46,331.8
3,1,5,2025-06-27,1145.1,28.73,1315.95,305.25
4,5,5,2025-06-27,1621.34,7.3,1024.31,299.89
5,1,5,2025-06-27,1009.15,27.81,1135.13,332.4
6,2,5,2025-06-27,600.05,13.69,651.88,290.6
7,2,5,2025-06-27,883.29,20.44,952.46,288.08
8,5,5,2025-06-27,1235.84,5.13,798.97,285.46
1,1,1,2025-06-28,470.77,0.96,526.14,23.41
2,3,1,2025-06-28,708.6,1.36,765.34,26.13
3,2,1,2025-06-28,870.79,1.79,951.23,24.57
4,5,1,2025-06-28,1928.61,0.83,1290.75,27.3
5,2,1,2025-06-28,895.69,2.03,967.73,27.53
6,4,1,2025-06-28,459.32,0.29,386.83,26.01
7,4,1,2025-06-28,739.06,0.45,609.88,24.63
8,3,1,2025-06-28,1500.93,2.71,1589.78,23.04
1,1,2,2025-06-28,521.22,0.2,616.31,4.27
2,3,2,2025-06-28,1009.39,0.3,1036.1,4.03
3,1,2,2025-06-28,629.4,0.23,734.45,4.23
4,3,2,2025-06-28,2027.57,0.62,2149.19,4.07
5,1,2,2025-06-28,1200.86,0.41,1376.97,3.91
6,4,2,2025-06-28,523.46,0.05,446.93,3.67
7,2,2,2025-06-28,967.38,0.32,1039.49,4.38
8,3,2,2025-06-28,1635.46,0.5,1757.62,4.21
1,1,3,2025-06-28,292.22,1.42,337.98,56.41
2,2,3,2025-06-28,1089.02,5.21,1165.04,57.95
3,5,3,2025-06-28,446.4,0.39,287.55,56.35
4,5,3,2025-06-28,2282.78,1.73,1492.46,49.07
5,2,3,2025-06-28,926.73,3.98,1024.66,54.25
6,2,3,2025-06-28,289.15,1.15,322.36,48.65
7,4,3,2025-06-28,1070.81,1.37,909.22,51.5
8,3,3,2025-06-28,1800.09,7.53,1943.63,58.01
1,4,4,2025-06-28,748.01,0.52,619.5,27.16
2,3,4,2025-06-28,1018.99,1.87,1088.36,24.22
3,5,4,2025-06-28,922.61,0.35,606.12,25.63
4,5,4,2025-06-28,1991.26,0.79,1288.46,25.46
5,4,4,2025-06-28,1301.87,0.78,1137.04,25.13
6,1,4,2025-06-28,687.82,1.45,813.41,24.92
7,1,4,2025-06-28,625.65,1.37,726.56,26.27
8,5,4,2025-06-28,1337.18,0.47,845.36,23.06
1,2,5,2025-06-28,643.19,6.46,700.4,120.34
2,3,5,2025-06-28,623.34,5.66,660.68,123.6
3,5,5,2025-06-28,1190.0,2.12,767.29,120.85
4,3,5,2025-06-28,1748.82,16.74,1804.63,122.82
5,1,5,2025-06-28,1048.26,10.84,1222.33,117.98
6,2,5,2025-06-28,629.82,5.86,700.72,115.68
7,1,5,2025-06-28,885.56,8.29,1005.91,112.05
8,5,5,2025-06-28,1306.32,2.29,841.71,113.37
1,4,1,2025-06-30,452.61,0.94,393.12,79.08
2,3,1,2025-06-30,753.1,4.43,796.03,78.27
3,1,1,2025-06-30,938.91,6.55,1085.72,82.22
4,3,1,2025-06-30,1940.44,9.97,2026.09,69.87
5,2,1,2025-06-30,889.36,5.8,1008.49,77.89
6,4,1,2025-06-30,457.83,0.91,396.81,79.53
7,1,1,2025-06-30,767.36,4.94,868.12,72.63
8,5,1,2025-06-30,1518.16,1.61,1000.36,70.86
1,2,2,2025-06-30,565.41,0.53,630.59,11.38
2,3,2,2025-06-30,931.46,0.79,955.9,11.18
3,1,2,2025-06-30,610.12,0.57,687.31,10.51
4,3,2,2025-06-30,2060.37,1.57,2161.3,10.49
5,4,2,2025-06-30,1099.45,0.3,947.41,11.05
6,1,2,2025-06-30,542.22,0.52,612.58,10.94
7,1,2,2025-06-30,981.25,0.95,1099.0,11.58
8,5,2,2025-06-30,1633.91,0.29,1092.39,11.98
1,4,3,2025-06-30,285.03,1.18,247.16,163.31
2,2,3,2025-06-30,1084.86,17.05,1161.09,189.92
3,1,3,2025-06-30,463.98,7.31,536.63,180.44
4,5,3,2025-06-30,2292.19,6.43,1518.57,188.32
5,4,3,2025-06-30,923.86,3.9,800.49,164.13
6,4,3,2025-06-30,286.05,1.47,240.83,197.68
7,4,3,2025-06-30,1025.99,4.4,870.04,168.4
8,5,3,2025-06-30,1807.35,5.49,1153.08,194.11
1,2,4,2025-06-30,709.03,3.8,788.76,65.09
2,3,4,2025-06-30,1082.77,4.81,1132.53,59.52
3,2,4,2025-06-30,887.44,4.24,977.4,58.08
4,3,4,2025-06-30,1939.62,9.0,2046.68,61.85
5,1,4,2025-06-30,1346.68,7.16,1534.01,64.53
6,1,4,2025-06-30,738.35,3.46,833.43,55.46
7,4,4,2025-06-30,681.96,0.95,592.14,57.47
8,5,4,2025-06-30,1372.05,1.33,916.48,65.71
1,2,5,2025-06-30,648.05,16.63,734.22,337.39
2,2,5,2025-06-30,682.44,19.88,743.62,354.45
3,1,5,2025-06-30,1176.73,32.38,1358.51,337.7
4,3,5,2025-06-30,1725.04,43.66,1812.37,340.89
5,1,5,2025-06-30,1010.64,31.0,1184.91,372.07
6,4,5,2025-06-30,625.8,5.17,529.97,323.25
7,1,5,2025-06-30,841.45,27.46,997.44,387.5
8,3,5,2025-06-30,1204.5,30.94,1249.83,352.52
1,1,1,2025-07-01,471.54,3.67,552.29,92.39
2,4,1,2025-07-01,700.62,1.59,608.93,88.3
3,1,1,2025-07-01,899.76,6.7,1040.75,89.0
4,3,1,2025-07-01,1764.04,13.66,1889.34,101.05
5,4,1,2025-07-01,917.91,2.24,790.08,102.48
6,2,1,2025-07-01,453.2,3.39,485.54,89.59
7,4,1,2025-07-01,745.93,1.64,649.5,90.72
8,3,1,2025-07-01,1476.51,10.86,1580.23,97.67
1,1,2,2025-07-01,541.8,0.54,640.72,11.5
2,2,2,2025-07-01,966.28,0.91,1089.95,11.78
3,2,2,2025-07-01,617.81,0.58,691.99,11.67
4,5,2,2025-07-01,2101.81,0.37,1403.1,12.25
5,4,2,2025-07-01,1168.25,0.36,1002.2,11.91
6,2,2,2025-07-01,528.97,0.53,575.11,12.63
7,4,2,2025-07-01,916.19,0.27,780.69,11.5
8,3,2,2025-07-01,1643.99,1.5,1677.64,12.21
1,1,3,2025-07-01,306.4,3.63,357.18,140.11
2,4,3,2025-07-01,1042.51,3.62,874.62,137.38
3,1,3,2025-07-01,451.18,5.37,522.77,138.11
4,3,3,2025-07-01,2222.71,23.53,2393.21,139.68
5,4,3,2025-07-01,966.35,3.6,801.86,146.48
6,2,3,2025-07-01,285.69,2.94,313.28,127.42
7,4,3,2025-07-01,1084.05,3.59,914.92,134.41
8,3,3,2025-07-01,1832.57,18.89,1869.21,142.79
1,2,4,2025-07-01,715.28,4.45,783.15,76.63
2,4,4,2025-07-01,1078.08,1.86,943.91,69.43
3,2,4,2025-07-01,892.58,4.55,986.58,65.05
4,5,4,2025-07-01,1900.59,2.01,1244.39,71.64
5,4,4,2025-07-01,1235.13,2.13,1028.16,71.19
6,2,4,2025-07-01,711.44,3.68,786.41,65.88
7,2,4,2025-07-01,633.23,3.64,700.4,73.31
8,5,4,2025-07-01,1313.26,1.44,875.42,72.27
1,2,5,2025-07-01,589.45,17.56,663.83,378.21
2,3,5,2025-07-01,644.46,18.13,674.99,369.17
3,1,5,2025-07-01,1146.54,35.51,1287.58,375.01
4,3,5,2025-07-01,1617.67,43.46,1698.73,347.56
5,1,5,2025-07-01,1037.42,32.75,1231.39,364.73
6,2,5,2025-07-01,634.62,19.51,711.59,385.73
7,1,5,2025-07-01,821.95,26.74,950.22,391.18
8,5,5,2025-07-01,1258.04,6.88,828.26,381.36
1,1,1,2025-07-02,483.96,3.02,541.1,77.12
2,4,1,2025-07-02,721.4,1.4,596.21,74.33
3,2,1,2025-07-02,873.71,5.49,950.98,81.35
4,5,1,2025-07-02,1900.61,2.2,1250.01,76.77
5,4,1,2025-07-02,897.21,1.63,783.34,73.74
6,1,1,2025-07-02,469.26,2.85,550.8,74.85
7,4,1,2025-07-02,714.24,1.22,604.57,71.31
8,5,1,2025-07-02,1470.08,1.61,947.41,76.8
1,2,2,2025-07-02,556.99,0.6,629.8,13.5
2,3,2,2025-07-02,955.98,0.9,1031.64,12.92
3,1,2,2025-07-02,622.45,0.75,726.47,13.63
4,5,2,2025-07-02,1974.31,0.4,1270.43,14.08
5,2,2,2025-07-02,1132.15,1.29,1241.22,14.2
6,2,2,2025-07-02,552.97,0.57,623.83,12.79
7,4,2,2025-07-02,950.23,0.33,823.09,14.17
8,5,2,2025-07-02,1574.66,0.33,1030.92,13.76
1,4,3,2025-07-02,286.22,0.91,239.19,129.74
2,2,3,2025-07-02,1051.21,11.99,1169.91,141.24
3,2,3,2025-07-02,445.2,5.14,484.36,142.29
4,3,3,2025-07-02,2155.6,23.86,2268.74,149.72
5,4,3,2025-07-02,933.85,3.46,776.02,153.11
6,2,3,2025-07-02,296.67,3.52,319.38,148.26
7,4,3,2025-07-02,1054.82,3.59,893.32,131.19
8,5,3,2025-07-02,1778.72,3.28,1177.91,125.37
1,1,4,2025-07-02,718.34,3.23,823.28,54.07
2,4,4,2025-07-02,1010.37,1.44,837.69,59.55
3,1,4,2025-07-02,865.42,4.24,980.22,54.96
4,5,4,2025-07-02,1988.76,1.87,1285.99,62.24
5,4,4,2025-07-02,1327.42,1.99,1156.07,59.09
6,1,4,2025-07-02,687.05,3.4,791.84,60.53
7,1,4,2025-07-02,631.47,3.07,723.19,55.36
8,5,4,2025-07-02,1282.67,1.16,824.87,60.38
1,1,5,2025-07-02,636.52,14.13,747.69,258.88
2,3,5,2025-07-02,630.05,13.03,679.41,287.07
3,1,5,2025-07-02,1100.39,29.54,1296.24,306.34
4,3,5,2025-07-02,1778.73,34.61,1820.33,262.7
5,4,5,2025-07-02,1093.5,8.38,937.92,303.64
6,4,5,2025-07-02,596.19,4.67,516.08,309.64
7,1,5,2025-07-02,882.05,20.9,1028.17,276.62
8,3,5,2025-07-02,1291.66,28.22,1325.02,290.37
1,2,1,2025-07-03,483.86,3.97,534.54,102.69
2,4,1,2025-07-03,706.41,2.0,590.67,112.06
3,1,1,2025-07-03,922.61,9.1,1088.3,112.06
4,5,1,2025-07-03,1760.7,3.0,1152.01,111.46
5,1,1,2025-07-03,868.83,7.51,978.83,104.72
6,1,1,2025-07-03,459.63,4.08,515.22,99.83
7,2,1,2025-07-03,715.6,5.62,774.63,93.64
8,3,1,2025-07-03,1513.17,11.45,1595.16,102.26
1,2,2,2025-07-03,521.34,0.42,569.75,10.02
2,2,2,2025-07-03,937.69,0.86,1011.85,10.97
3,2,2,2025-07-03,637.92,0.55,708.13,10.61
4,3,2,2025-07-03,2151.41,1.72,2319.16,10.31
5,2,2,2025-07-03,1129.07,0.92,1213.61,10.48
6,2,2,2025-07-03,515.6,0.43,580.86,10.42
7,4,2,2025-07-03,971.84,0.27,840.03,10.86
8,3,2,2025-07-03,1599.79,1.12,1717.65,9.48
1,4,3,2025-07-03,308.07,1.62,256.52,202.34
2,2,3,2025-07-03,1020.72,17.75,1114.37,210.7
3,2,3,2025-07-03,452.47,7.63,514.88,206.59
4,3,3,2025-07-03,2276.08,37.33,2411.15,214.32
5,4,3,2025-07-03,974.97,4.97,819.88,213.47
6,1,3,2025-07-03,295.31,4.42,332.55,182.76
7,1,3,2025-07-03,1080.72,15.86,1266.35,179.45
8,3,3,2025-07-03,1879.46,31.07,1946.32,214.66
1,4,4,2025-07-03,741.33,1.06,632.16,59.67
2,2,4,2025-07-03,1070.14,5.0,1145.18,60.79
3,5,4,2025-07-03,930.67,0.82,596.7,58.04
4,5,4,2025-07-03,1858.32,1.68,1230.85,59.63
5,4,4,2025-07-03,1278.21,2.1,1081.39,65.77
6,1,4,2025-07-03,733.85,3.7,841.21,60.27
7,4,4,2025-07-03,631.83,0.99,548.3,62.24
8,3,4,2025-07-03,1348.26,5.98,1380.39,56.44
1,1,5,2025-07-03,630.24,21.55,723.54,410.98
2,4,5,2025-07-03,646.3,6.23,542.24,392.91
3,5,5,2025-07-03,1153.87,7.01,757.12,394.75
4,5,5,2025-07-03,1648.19,9.45,1103.61,366.19
5,2,5,2025-07-03,1012.09,35.01,1116.05,436.68
6,2,5,2025-07-03,630.68,19.64,701.47,388.47
7,1,5,2025-07-03,818.95,29.85,925.79,420.9
8,5,5,2025-07-03,1307.16,7.35,846.07,365.32
1,4,1,2025-07-04,471.89,1.14,397.24,94.46
2,4,1,2025-07-04,693.18,1.74,591.73,101.59
3,5,1,2025-07-04,944.81,1.4,597.97,99.05
4,5,1,2025-07-04,1825.87,2.44,1186.71,89.14
5,4,1,2025-07-04,881.58,2.04,764.54,89.16
6,2,1,2025-07-04,491.24,3.62,529.91,90.08
7,1,1,2025-07-04,733.01,6.41,836.19,104.52
8,5,1,2025-07-04,1498.02,1.9,993.92,86.14
1,4,2,2025-07-04,529.68,0.12,441.65,9.35
2,3,2,2025-07-04,1024.67,0.69,1044.24,8.71
3,2,2,2025-07-04,645.31,0.52,721.35,10.32
4,3,2,2025-07-04,2094.89,1.49,2188.34,9.59
5,2,2,2025-07-04,1162.95,0.92,1291.94,10.19
6,1,2,2025-07-04,521.07,0.45,581.61,9.99
7,1,2,2025-07-04,986.4,0.88,1162.83,10.37
8,3,2,2025-07-04,1687.21,1.25,1792.76,10.12
1,1,3,2025-07-04,293.43,3.11,347.55,119.89
2,3,3,2025-07-04,1051.26,10.35,1128.83,126.09
3,5,3,2025-07-04,465.43,0.95,304.99,131.39
4,3,3,2025-07-04,2241.62,21.92,2297.98,127.11
5,1,3,2025-07-04,943.07,10.38,1067.69,133.12
6,4,3,2025-07-04,313.21,1.16,267.64,141.97
7,4,3,2025-07-04,1008.95,2.88,867.89,119.48
8,5,3,2025-07-04,1737.11,3.47,1119.3,127.29
1,2,4,2025-07-04,721.39,3.58,809.0,60.17
2,4,4,2025-07-04,1032.41,1.51,866.55,58.85
3,2,4,2025-07-04,933.02,4.43,1014.67,57.82
4,3,4,2025-07-04,1890.61,8.76,2000.83,61.82
5,2,4,2025-07-04,1275.41,6.06,1388.63,61.71
6,2,4,2025-07-04,692.41,3.68,770.56,63.49
7,1,4,2025-07-04,653.48,3.31,740.98,56.81
8,5,4,2025-07-04,1313.6,1.18,877.9,61.58
1,1,5,2025-07-04,589.44,15.77,679.02,318.1
2,3,5,2025-07-04,663.56,16.8,719.84,336.16
3,2,5,2025-07-04,1129.41,31.36,1214.69,347.11
4,3,5,2025-07-04,1624.45,39.29,1727.86,332.17
5,1,5,2025-07-04,1072.76,29.37,1214.54,326.65
6,2,5,2025-07-04,637.18,17.55,687.61,347.98
7,4,5,2025-07-04,810.43,7.38,710.0,356.81
8,5,5,2025-07-04,1286.29,5.83,854.04,318.19
1,1,1,2025-07-05,484.35,1.14,552.49,26.61
2,4,1,2025-07-05,740.77,0.57,624.32,29.61
3,2,1,2025-07-05,883.07,2.17,977.27,31.55
4,5,1,2025-07-05,1775.39,0.74,1135.24,26.85
5,1,1,2025-07-05,934.84,2.55,1053.79,30.7
6,2,1,2025-07-05,486.07,1.08,543.02,28.85
7,4,1,2025-07-05,727.95,0.53,611.62,29.81
8,5,1,2025-07-05,1430.32,0.66,947.39,30.27
1,4,2,2025-07-05,535.32,0.04,455.23,3.08
2,3,2,2025-07-05,981.15,0.23,1056.84,3.07
3,1,2,2025-07-05,596.17,0.17,690.04,3.42
4,3,2,2025-07-05,2041.05,0.55,2095.25,3.7
5,2,2,2025-07-05,1159.59,0.3,1253.72,3.07
6,1,2,2025-07-05,522.04,0.14,591.88,3.19
7,1,2,2025-07-05,990.79,0.27,1119.4,3.33
8,3,2,2025-07-05,1729.29,0.48,1856.96,3.53
1,4,3,2025-07-05,291.55,0.47,247.74,64.78
2,4,3,2025-07-05,1087.64,1.7,909.52,62.92
3,2,3,2025-07-05,446.0,2.66,488.52,72.74
4,3,3,2025-07-05,2237.89,11.5,2299.56,65.48
5,4,3,2025-07-05,983.49,1.57,850.88,61.12
6,4,3,2025-07-05,301.16,0.48,252.05,61.13
7,4,3,2025-07-05,1041.11,1.82,888.48,72.21
8,5,3,2025-07-05,1847.26,1.66,1222.02,61.3
1,4,4,2025-07-05,698.83,0.53,602.15,29.28
2,3,4,2025-07-05,1065.1,2.39,1096.24,30.09
3,1,4,2025-07-05,936.01,2.23,1046.53,26.82
4,5,4,2025-07-05,1958.4,0.85,1250.41,30.03
5,4,4,2025-07-05,1353.84,0.86,1172.47,25.75
6,2,4,2025-07-05,725.64,1.68,820.89,30.09
7,4,4,2025-07-05,637.6,0.46,529.12,29.33
8,5,4,2025-07-05,1306.98,0.48,836.18,24.78
1,4,5,2025-07-05,631.3,1.98,531.36,122.6
2,4,5,2025-07-05,664.68,1.91,570.19,116.47
3,5,5,2025-07-05,1103.41,2.17,721.4,127.91
4,5,5,2025-07-05,1740.48,3.53,1146.35,131.13
5,4,5,2025-07-05,1095.37,3.19,931.96,115.03
6,1,5,2025-07-05,646.13,6.6,730.75,116.06
7,4,5,2025-07-05,840.98,2.55,711.53,125.12
8,5,5,2025-07-05,1252.46,2.27,800.64,122.65
1,4,1,2025-07-07,466.48,1.05,387.42,87.27
2,3,1,2025-07-07,755.89,4.73,807.61,84.76
3,5,1,2025-07-07,857.11,1.21,550.92,93.56
4,5,1,2025-07-07,1903.03,2.75,1245.57,99.25
5,1,1,2025-07-07,916.16,7.13,1046.04,92.49
6,1,1,2025-07-07,448.06,3.14,504.09,84.8
7,2,1,2025-07-07,751.93,4.91,840.43,83.41
8,5,1,2025-07-07,1518.41,2.04,962.32,92.66
1,4,2,2025-07-07,545.6,0.15,464.53,10.84
2,3,2,2025-07-07,940.53,0.93,1011.83,12.84
3,2,2,2025-07-07,640.18,0.6,718.67,12.29
4,3,2,2025-07-07,2017.74,1.88,2139.28,12.77
5,1,2,2025-07-07,1136.36,1.18,1303.96,12.08
6,1,2,2025-07-07,533.9,0.48,620.59,11.06
7,1,2,2025-07-07,906.78,0.83,1022.98,11.06
8,5,2,2025-07-07,1604.41,0.26,1061.61,11.04
1,4,3,2025-07-07,301.98,1.51,264.6,192.87
2,4,3,2025-07-07,1100.84,4.61,945.2,162.0
3,2,3,2025-07-07,468.68,6.32,525.79,173.98
4,5,3,2025-07-07,2192.72,5.44,1409.83,162.53
5,4,3,2025-07-07,911.61,4.46,762.69,192.32
6,1,3,2025-07-07,306.9,4.67,365.13,188.27
7,2,3,2025-07-07,1050.84,14.59,1160.33,172.65
8,5,3,2025-07-07,1845.78,4.53,1189.41,159.58
1,4,4,2025-07-07,718.15,1.17,628.78,65.3
2,3,4,2025-07-07,1088.01,5.38,1128.88,63.81
3,1,4,2025-07-07,940.4,5.45,1076.44,64.99
4,5,4,2025-07-07,2024.82,1.64,1288.85,54.61
5,2,4,2025-07-07,1344.16,6.91,1502.8,61.89
6,2,4,2025-07-07,726.81,3.81,811.49,63.7
7,4,4,2025-07-07,646.39,1.0,541.99,62.9
8,5,4,2025-07-07,1413.78,1.31,938.2,62.93
1,4,5,2025-07-07,603.79,6.01,527.54,382.68
2,4,5,2025-07-07,619.85,5.55,538.54,367.3
3,1,5,2025-07-07,1143.41,32.92,1323.61,333.79
4,5,5,2025-07-07,1730.47,9.85,1114.53,375.13
5,1,5,2025-07-07,1064.88,31.95,1209.31,340.15
6,2,5,2025-07-07,606.34,17.74,690.03,383.63
7,4,5,2025-07-07,808.12,6.64,699.1,338.07
8,5,5,2025-07-07,1303.11,6.88,854.66,363.14
1,1,1,2025-07-08,465.63,2.69,537.05,64.95
2,4,1,2025-07-08,750.15,1.26,627.53,70.7
3,1,1,2025-07-08,859.98,5.04,981.02,70.58
4,5,1,2025-07-08,1797.91,1.95,1192.8,70.69
5,2,1,2025-07-08,864.3,5.06,946.23,70.57
6,4,1,2025-07-08,457.33,0.78,387.68,66.99
7,1,1,2025-07-08,779.31,4.77,905.02,72.2
8,5,1,2025-07-08,1477.79,1.7,954.9,73.18
1,2,2,2025-07-08,553.26,0.54,625.21,11.75
2,3,2,2025-07-08,950.26,0.94,983.8,13.08
3,2,2,2025-07-08,625.87,0.67,699.26,13.07
4,5,2,2025-07-08,2115.22,0.37,1335.46,11.31
5,4,2,2025-07-08,1148.76,0.33,953.7,11.25
6,4,2,2025-07-08,530.71,0.17,444.77,12.11
7,2,2,2025-07-08,947.7,0.93,1023.61,12.71
8,3,2,2025-07-08,1709.9,1.38,1768.75,11.19
1,2,3,2025-07-08,298.42,4.19,339.09,179.79
2,4,3,2025-07-08,1059.45,4.71,918.73,186.76
3,2,3,2025-07-08,457.59,6.85,502.64,183.74
4,3,3,2025-07-08,2257.32,26.48,2375.73,157.95
5,2,3,2025-07-08,943.61,13.06,1048.39,173.34
6,4,3,2025-07-08,301.25,1.49,259.12,189.8
7,1,3,2025-07-08,1090.22,15.19,1234.59,170.86
8,3,3,2025-07-08,1732.93,22.07,1832.05,174.1
1,4,4,2025-07-08,721.51,1.32,621.22,71.77
2,2,4,2025-07-08,1092.97,6.16,1203.09,71.04
3,1,4,2025-07-08,885.1,6.01,988.95,77.69
4,3,4,2025-07-08,2000.41,11.8,2144.7,76.71
5,2,4,2025-07-08,1250.48,6.73,1338.36,67.77
6,1,4,2025-07-08,753.52,4.94,876.86,75.21
7,2,4,2025-07-08,646.19,4.05,698.7,78.25
8,3,4,2025-07-08,1313.28,7.59,1376.59,75.06
1,2,5,2025-07-08,646.64,14.39,722.08,284.31
2,3,5,2025-07-08,674.55,15.22,711.89,301.48
3,5,5,2025-07-08,1093.64,4.44,728.28,271.89
4,3,5,2025-07-08,1749.62,42.08,1813.31,311.23
5,4,5,2025-07-08,1097.06,8.15,925.04,290.16
6,4,5,2025-07-08,620.16,4.25,521.99,280.68
7,1,5,2025-07-08,854.32,22.94,1015.49,303.76
8,3,5,2025-07-08,1190.49,30.26,1218.19,323.6
1,4,1,2025-07-09,488.21,1.1,423.78,87.41
2,2,1,2025-07-09,714.48,4.96,798.41,90.76
3,1,1,2025-07-09,873.61,6.79,983.49,95.85
4,5,1,2025-07-09,1828.0,2.4,1211.7,83.57
5,1,1,2025-07-09,936.92,7.17,1068.95,86.04
6,1,1,2025-07-09,492.49,3.39,570.5,80.21
7,2,1,2025-07-09,733.14,5.26,791.98,93.77
8,5,1,2025-07-09,1407.73,1.68,935.65,82.59
1,4,2,2025-07-09,545.9,0.11,475.81,7.96
2,2,2,2025-07-09,933.16,0.56,1054.12,7.81
3,1,2,2025-07-09,632.39,0.49,722.31,8.87
4,3,2,2025-07-09,2113.09,1.22,2168.82,7.69
5,4,2,2025-07-09,1096.24,0.23,954.77,7.99
6,2,2,2025-07-09,529.06,0.34,596.56,8.08
7,2,2,2025-07-09,944.63,0.69,1063.2,8.99
8,3,2,2025-07-09,1612.2,1.08,1675.37,8.8
1,4,3,2025-07-09,309.9,1.28,259.34,172.64
2,2,3,2025-07-09,1087.75,14.47,1172.33,166.02
3,2,3,2025-07-09,465.84,6.96,502.01,180.15
4,5,3,2025-07-09,2130.63,5.58,1401.37,172.2
5,4,3,2025-07-09,976.93,4.28,852.08,182.79
6,4,3,2025-07-09,286.23,1.16,245.69,161.27
7,4,3,2025-07-09,1073.81,4.98,903.46,188.78
8,5,3,2025-07-09,1779.78,4.81,1180.51,183.28
1,2,4,2025-07-09,720.9,4.04,812.07,68.47
2,3,4,2025-07-09,1074.89,5.57,1112.77,71.75
3,2,4,2025-07-09,919.07,4.98,982.97,65.03
4,5,4,2025-07-09,1968.65,2.11,1287.82,69.61
5,1,4,2025-07-09,1282.87,7.55,1507.91,69.2
6,4,4,2025-07-09,738.48,1.18,625.93,66.36
7,2,4,2025-07-09,637.0,3.83,701.39,75.43
8,5,4,2025-07-09,1319.15,1.39,846.76,72.67
1,4,5,2025-07-09,596.28,4.97,520.27,335.27
2,4,5,2025-07-09,655.64,6.18,559.3,377.54
3,1,5,2025-07-09,1094.46,29.52,1249.71,324.28
4,5,5,2025-07-09,1716.97,9.05,1122.71,340.06
5,4,5,2025-07-09,1041.19,10.41,906.49,383.58
6,1,5,2025-07-09,616.06,17.55,705.62,329.28
7,2,5,2025-07-09,863.51,23.65,945.98,354.59
8,3,5,2025-07-09,1230.44,28.73,1291.33,321.98
1,2,1,2025-07-10,458.88,3.08,499.7,88.09
2,2,1,2025-07-10,749.61,5.53,834.48,92.32
3,2,1,2025-07-10,887.44,6.62,995.75,89.29
4,3,1,2025-07-10,1885.78,10.75,2029.16,79.13
5,4,1,2025-07-10,928.72,1.74,783.6,76.68
6,4,1,2025-07-10,457.81,0.91,400.62,80.61
7,2,1,2025-07-10,781.77,5.84,857.0,89.22
8,3,1,2025-07-10,1407.01,9.8,1476.8,89.1
1,2,2,2025-07-10,535.4,0.52,593.06,11.78
2,2,2,2025-07-10,960.55,1.06,1026.95,13.72
3,2,2,2025-07-10,636.07,0.58,698.7,11.78
4,5,2,2025-07-10,2134.2,0.43,1409.45,13.4
5,1,2,2025-07-10,1164.46,1.31,1317.03,13.14
6,4,2,2025-07-10,533.72,0.16,458.7,11.76
7,1,2,2025-07-10,985.18,1.11,1134.72,13.37
8,5,2,2025-07-10,1674.13,0.28,1079.67,11.71
1,4,3,2025-07-10,290.91,0.87,253.36,124.85
2,2,3,2025-07-10,1002.09,10.24,1111.13,133.78
3,1,3,2025-07-10,458.37,5.68,542.81,142.72
4,5,3,2025-07-10,2143.46,4.32,1352.46,138.73
5,4,3,2025-07-10,987.0,3.44,841.0,137.53
6,4,3,2025-07-10,314.83,0.98,263.95,124.43
7,2,3,2025-07-10,1027.25,12.21,1148.76,148.33
8,5,3,2025-07-10,1849.13,3.64,1230.31,134.5
1,1,4,2025-07-10,737.22,3.64,858.66,59.31
2,2,4,2025-07-10,1028.36,5.02,1117.76,61.66
3,2,4,2025-07-10,868.4,4.26,975.9,62.52
4,5,4,2025-07-10,1942.8,1.78,1283.26,59.49
5,2,4,2025-07-10,1312.91,5.94,1452.98,58.02
6,4,4,2025-07-10,707.56,0.97,600.93,54.01
7,2,4,2025-07-10,635.22,2.97,700.51,59.58
8,3,4,2025-07-10,1323.8,6.29,1399.8,64.09
1,4,5,2025-07-10,627.23,5.42,530.46,360.11
2,3,5,2025-07-10,643.72,17.97,670.74,383.84
3,1,5,2025-07-10,1164.56,39.34,1304.55,394.17
4,5,5,2025-07-10,1660.61,10.01,1076.53,406.3
5,4,5,2025-07-10,1004.21,10.26,858.74,402.0
6,1,5,2025-07-10,624.75,20.39,735.0,394.05
7,4,5,2025-07-10,890.36,8.33,762.62,383.24
8,3,5,2025-07-10,1210.72,30.69,1254.03,339.07
1,4,1,2025-07-11,472.73,0.89,406.63,71.62
2,2,1,2025-07-11,698.67,4.3,778.9,73.78
3,5,1,2025-07-11,941.73,1.03,628.31,75.01
4,5,1,2025-07-11,1818.15,2.06,1209.86,73.35
5,4,1,2025-07-11,924.8,1.82,794.54,77.52
6,2,1,2025-07-11,485.31,2.86,540.34,74.48
7,1,1,2025-07-11,779.0,4.98,876.91,72.63
8,5,1,2025-07-11,1469.89,1.64,963.86,74.76
1,4,2,2025-07-11,527.25,0.12,439.24,8.61
2,2,2,2025-07-11,967.03,0.59,1054.57,7.26
3,2,2,2025-07-11,638.58,0.36,687.81,7.37
4,5,2,2025-07-11,2038.33,0.23,1314.52,7.81
5,1,2,2025-07-11,1121.2,0.69,1295.01,7.22
6,4,2,2025-07-11,531.77,0.11,447.74,8.57
7,2,2,2025-07-11,962.1,0.56,1080.76,7.46
8,5,2,2025-07-11,1575.69,0.17,1005.04,7.23
1,1,3,2025-07-11,309.99,4.16,367.61,158.01
2,3,3,2025-07-11,1040.63,12.6,1093.67,166.67
3,5,3,2025-07-11,458.63,0.93,293.69,137.93
4,3,3,2025-07-11,2090.34,22.63,2235.82,137.72
5,4,3,2025-07-11,994.7,3.95,823.3,158.83
6,1,3,2025-07-11,288.81,3.33,332.98,138.96
7,4,3,2025-07-11,1079.24,4.47,933.36,164.34
8,5,3,2025-07-11,1821.26,3.88,1182.73,137.12
1,4,4,2025-07-11,696.97,1.1,609.21,63.85
2,3,4,2025-07-11,1020.13,5.16,1052.12,67.44
3,2,4,2025-07-11,939.8,4.22,1048.77,56.24
4,5,4,2025-07-11,1876.58,1.53,1227.1,56.66
5,1,4,2025-07-11,1351.63,7.55,1559.84,68.37
6,2,4,2025-07-11,704.7,3.62,774.03,66.19
7,2,4,2025-07-11,682.39,3.34,730.71,59.15
8,3,4,2025-07-11,1293.66,5.48,1383.37,57.74
1,1,5,2025-07-11,614.65,17.58,691.44,339.86
2,2,5,2025-07-11,630.58,15.87,691.1,317.38
3,5,5,2025-07-11,1095.05,5.83,706.51,364.19
4,5,5,2025-07-11,1640.46,8.14,1039.78,343.02
5,1,5,2025-07-11,1040.04,33.8,1174.88,373.1
6,4,5,2025-07-11,608.47,4.93,515.21,311.93
7,4,5,2025-07-11,879.36,8.59,752.7,374.89
8,3,5,2025-07-11,1240.78,28.89,1272.71,311.59
1,1,1,2025-07-12,492.16,1.33,578.24,31.61
2,3,1,2025-07-12,746.6,2.03,806.48,35.17
3,2,1,2025-07-12,926.95,2.47,1035.93,32.33
4,3,1,2025-07-12,1760.59,4.77,1824.79,37.0
5,4,1,2025-07-12,918.08,0.9,776.86,37.71
6,2,1,2025-07-12,484.93,1.46,523.85,37.22
7,1,1,2025-07-12,765.47,2.05,863.59,32.6
8,5,1,2025-07-12,1437.28,0.74,958.48,34.68
1,2,2,2025-07-12,552.92,0.13,591.26,3.08
2,2,2,2025-07-12,1014.91,0.24,1130.51,3.13
3,5,2,2025-07-12,620.27,0.03,405.78,3.21
4,3,2,2025-07-12,2005.81,0.49,2071.29,3.2
5,2,2,2025-07-12,1115.85,0.25,1242.83,2.88
6,2,2,2025-07-12,550.79,0.13,589.65,2.85
7,4,2,2025-07-12,980.37,0.08,846.89,3.28
8,5,2,2025-07-12,1605.99,0.08,1053.11,3.3
1,1,3,2025-07-12,308.59,1.09,350.44,39.7
2,2,3,2025-07-12,1009.19,3.4,1135.47,41.23
3,1,3,2025-07-12,452.33,1.81,532.06,45.59
4,5,3,2025-07-12,2110.36,1.48,1361.64,45.26
5,4,3,2025-07-12,912.8,0.97,754.65,42.94
6,4,3,2025-07-12,287.83,0.34,247.82,47.99
7,4,3,2025-07-12,1022.59,1.13,846.47,46.33
8,5,3,2025-07-12,1839.8,1.32,1215.85,47.46
1,4,4,2025-07-12,739.37,0.49,612.59,26.11
2,4,4,2025-07-12,1019.75,0.75,867.01,30.01
3,5,4,2025-07-12,909.19,0.41,574.95,29.6
4,5,4,2025-07-12,1989.82,0.86,1331.81,29.52
5,2,4,2025-07-12,1342.64,3.22,1450.88,30.51
6,2,4,2025-07-12,717.63,1.71,812.95,28.75
7,2,4,2025-07-12,617.94,1.27,660.13,26.51
8,5,4,2025-07-12,1339.93,0.59,868.52,28.69
1,4,5,2025-07-12,630.02,1.74,524.49,116.09
2,4,5,2025-07-12,660.25,2.24,547.59,131.73
3,5,5,2025-07-12,1142.65,2.18,726.46,133.55
4,3,5,2025-07-12,1689.12,14.42,1784.24,112.18
5,4,5,2025-07-12,997.87,3.19,826.22,125.95
6,1,5,2025-07-12,650.67,6.82,734.83,124.55
7,1,5,2025-07-12,836.8,9.63,974.92,133.13
8,5,5,2025-07-12,1245.62,2.32,788.51,124.33
1,2,1,2025-07-14,478.04,3.97,527.17,101.84
2,2,1,2025-07-14,691.57,5.57,774.29,99.21
3,5,1,2025-07-14,936.79,1.32,609.17,98.59
4,3,1,2025-07-14,1875.11,15.54,1993.08,112.05
5,4,1,2025-07-14,916.73,2.66,763.71,112.64
6,2,1,2025-07-14,487.17,4.15,527.59,110.81
7,2,1,2025-07-14,730.51,6.72,825.73,111.34
8,5,1,2025-07-14,1493.08,2.47,977.54,107.31
1,2,2,2025-07-14,515.42,0.49,565.97,12.37
2,3,2,2025-07-14,1017.17,0.98,1066.42,12.93
3,2,2,2025-07-14,622.56,0.64,684.55,12.5
4,5,2,2025-07-14,2001.24,0.39,1300.81,12.25
5,4,2,2025-07-14,1119.96,0.38,959.1,13.27
6,4,2,2025-07-14,564.04,0.18,480.6,12.76
7,2,2,2025-07-14,939.23,0.94,1009.99,12.57
8,5,2,2025-07-14,1591.36,0.26,1015.84,11.23
1,4,3,2025-07-14,296.4,1.05,247.34,140.34
2,3,3,2025-07-14,1082.53,10.6,1132.57,136.14
3,5,3,2025-07-14,453.38,0.92,287.33,139.06
4,3,3,2025-07-14,2143.97,24.13,2190.43,149.23
5,4,3,2025-07-14,939.86,3.31,810.71,136.75
6,2,3,2025-07-14,296.22,3.43,321.05,139.79
7,4,3,2025-07-14,1015.52,3.54,878.58,136.85
8,5,3,2025-07-14,1755.64,3.74,1146.06,147.72
1,2,4,2025-07-14,726.54,3.8,811.74,67.34
2,2,4,2025-07-14,1044.97,5.34,1124.49,66.12
3,5,4,2025-07-14,874.89,0.84,566.73,64.42
4,3,4,2025-07-14,2007.18,9.73,2136.18,66.08
5,2,4,2025-07-14,1283.56,7.14,1397.1,68.56
6,2,4,2025-07-14,733.88,3.82,824.71,65.13
7,1,4,2025-07-14,647.31,3.51,752.71,61.34
8,3,4,2025-07-14,1323.24,6.14,1390.27,62.84
1,4,5,2025-07-14,593.74,4.84,493.03,325.93
2,4,5,2025-07-14,626.65,5.2,539.22,343.43
3,5,5,2025-07-14,1096.48,5.4,723.36,332.04
4,5,5,2025-07-14,1691.62,7.67,1126.63,304.73
5,2,5,2025-07-14,1018.19,25.73,1115.26,318.81
6,2,5,2025-07-14,649.54,17.38,710.6,333.25
7,2,5,2025-07-14,856.17,21.09,949.58,299.7
8,5,5,2025-07-14,1220.75,5.45,774.59,289.27
1,2,1,2025-07-15,453.36,2.58,498.68,69.39
2,4,1,2025-07-15,697.89,1.17,580.01,66.49
3,1,1,2025-07-15,864.61,4.92,997.87,69.92
4,5,1,2025-07-15,1870.59,2.15,1195.47,75.67
5,1,1,2025-07-15,923.64,5.91,1054.77,74.62
6,2,1,2025-07-15,456.38,2.44,506.8,66.89
7,1,1,2025-07-15,719.19,4.23,812.47,72.59
8,5,1,2025-07-15,1431.07,1.3,957.25,63.36
1,2,2,2025-07-15,528.46,0.53,577.41,12.22
2,3,2,2025-07-15,1012.55,0.81,1057.94,10.88
3,1,2,2025-07-15,589.2,0.51,666.75,10.53
4,5,2,2025-07-15,2110.07,0.37,1342.32,11.53
5,1,2,2025-07-15,1158.01,1.03,1298.54,10.13
6,2,2,2025-07-15,526.29,0.44,574.97,10.79
7,1,2,2025-07-15,989.74,1.05,1161.1,11.93
8,5,2,2025-07-15,1645.43,0.26,1064.27,10.24
1,1,3,2025-07-15,312.79,3.44,351.47,123.25
2,4,3,2025-07-15,1102.0,3.25,928.5,119.13
3,1,3,2025-07-15,439.19,4.62,496.81,129.06
4,3,3,2025-07-15,2126.4,20.05,2220.49,125.89
5,2,3,2025-07-15,951.39,9.93,1032.46,132.57
6,1,3,2025-07-15,300.86,3.36,339.71,133.77
7,1,3,2025-07-15,1068.28,10.83,1252.38,121.02
8,3,3,2025-07-15,1803.22,18.35,1942.59,134.41
1,2,4,2025-07-15,749.14,5.53,827.6,88.97
2,3,4,2025-07-15,1065.41,6.21,1117.68,78.73
3,1,4,2025-07-15,905.92,6.64,1061.84,89.09
4,3,4,2025-07-15,1885.69,13.33,1997.9,90.98
5,1,4,2025-07-15,1319.55,9.02,1528.24,79.78
6,4,4,2025-07-15,692.13,1.3,574.25,78.93
7,4,4,2025-07-15,680.0,1.5,581.39,88.91
8,3,4,2025-07-15,1360.87,8.08,1414.42,81.91
1,1,5,2025-07-15,645.16,18.57,724.86,328.04
2,3,5,2025-07-15,637.13,12.76,687.99,279.66
3,5,5,2025-07-15,1127.31,5.06,734.67,295.93
4,5,5,2025-07-15,1683.55,8.0,1108.76,315.45
5,1,5,2025-07-15,1046.15,30.07,1188.79,334.86
6,2,5,2025-07-15,617.34,16.42,701.07,318.14
7,2,5,2025-07-15,834.03,19.88,899.88,293.83
8,5,5,2025-07-15,1211.42,5.0,796.46,286.23
1,1,1,2025-07-16,451.12,3.07,508.46,81.54
2,2,1,2025-07-16,709.87,5.43,766.46,95.25
3,1,1,2025-07-16,881.08,7.04,1043.1,90.15
4,3,1,2025-07-16,1784.8,12.8,1847.05,93.42
5,1,1,2025-07-16,939.84,6.81,1065.18,88.96
6,1,1,2025-07-16,446.97,3.07,525.36,82.93
7,2,1,2025-07-16,724.42,5.19,775.8,90.03
8,5,1,2025-07-16,1446.24,1.8,947.26,80.97
1,4,2,2025-07-16,523.69,0.11,449.49,8.03
2,4,2,2025-07-16,979.36,0.19,842.92,7.61
3,2,2,2025-07-16,607.75,0.4,684.49,8.0
4,5,2,2025-07-16,2047.29,0.2,1342.78,6.78
5,1,2,2025-07-16,1183.75,0.75,1340.26,7.81
6,1,2,2025-07-16,550.74,0.36,617.22,7.87
7,4,2,2025-07-16,966.46,0.19,839.44,7.76
8,3,2,2025-07-16,1614.3,0.92,1679.29,7.26
1,1,3,2025-07-16,297.97,3.72,349.57,153.45
2,4,3,2025-07-16,1101.32,4.36,919.31,163.17
3,2,3,2025-07-16,461.36,6.58,501.29,174.73
4,5,3,2025-07-16,2243.85,5.17,1486.11,151.21
5,1,3,2025-07-16,978.03,12.93,1118.64,160.56
6,1,3,2025-07-16,314.11,4.51,362.31,164.25
7,4,3,2025-07-16,1042.28,3.92,899.74,144.86
8,3,3,2025-07-16,1759.36,21.19,1893.77,165.03
1,2,4,2025-07-16,739.68,3.59,819.3,60.56
2,4,4,2025-07-16,1022.2,1.78,878.89,68.1
3,5,4,2025-07-16,871.84,0.74,558.52,58.64
4,5,4,2025-07-16,1992.88,1.91,1333.33,62.03
5,4,4,2025-07-16,1235.43,1.87,1054.32,63.74
6,2,4,2025-07-16,724.78,3.87,811.98,66.03
7,2,4,2025-07-16,630.36,3.09,690.59,62.04
8,5,4,2025-07-16,1299.41,1.15,820.2,58.5
1,2,5,2025-07-16,645.54,17.64,727.65,337.76
2,4,5,2025-07-16,635.67,5.5,532.04,337.8
3,2,5,2025-07-16,1159.51,30.24,1305.72,336.24
4,3,5,2025-07-16,1735.36,47.97,1809.45,364.46
5,1,5,2025-07-16,1058.59,30.01,1192.71,327.31
6,4,5,2025-07-16,632.65,5.67,537.87,376.57
7,2,5,2025-07-16,836.62,25.22,941.24,359.59
8,5,5,2025-07-16,1216.17,6.82,769.39,365.42
1,2,1,2025-07-17,481.0,2.7,529.77,70.3
2,2,1,2025-07-17,694.13,3.88,773.58,70.44
3,5,1,2025-07-17,925.82,1.07,585.59,73.47
4,3,1,2025-07-17,1920.95,10.98,2033.92,78.8
5,4,1,2025-07-17,865.08,1.6,752.99,74.21
6,4,1,2025-07-17,484.85,0.93,406.05,76.25
7,2,1,2025-07-17,763.11,4.9,831.21,77.55
8,3,1,2025-07-17,1515.86,8.08,1586.72,68.35
1,2,2,2025-07-17,564.19,0.41,620.63,8.86
2,2,2,2025-07-17,937.89,0.67,1013.56,8.65
3,1,2,2025-07-17,644.66,0.54,726.44,9.89
4,3,2,2025-07-17,1958.54,1.34,2091.29,8.88
5,4,2,2025-07-17,1194.69,0.26,999.41,9.31
6,4,2,2025-07-17,518.16,0.12,438.33,9.54
7,4,2,2025-07-17,992.92,0.24,865.21,9.39
8,3,2,2025-07-17,1578.67,0.95,1633.1,8.38
1,4,3,2025-07-17,287.62,1.12,252.69,156.07
2,2,3,2025-07-17,1042.08,14.5,1157.95,173.4
3,5,3,2025-07-17,436.12,1.16,286.38,180.58
4,5,3,2025-07-17,2279.61,6.1,1449.78,183.83
5,1,3,2025-07-17,929.11,14.18,1054.91,176.63
6,4,3,2025-07-17,291.15,1.15,247.47,164.99
7,1,3,2025-07-17,1088.93,16.51,1246.56,182.14
8,3,3,2025-07-17,1712.16,20.49,1770.74,164.54
1,2,4,2025-07-17,708.04,4.45,762.54,78.05
2,4,4,2025-07-17,1047.1,2.06,900.36,81.48
3,5,4,2025-07-17,875.88,1.06,582.14,81.25
4,5,4,2025-07-17,1877.94,1.9,1241.67,68.23
5,4,4,2025-07-17,1302.96,2.65,1112.09,78.33
6,4,4,2025-07-17,723.91,1.46,627.89,77.6
7,2,4,2025-07-17,645.03,4.19,725.94,77.9
8,3,4,2025-07-17,1350.01,7.16,1442.91,73.88
1,4,5,2025-07-17,622.3,6.36,535.87,405.86
2,4,5,2025-07-17,658.83,6.05,562.22,375.84
3,1,5,2025-07-17,1124.11,34.69,1284.86,372.31
4,5,5,2025-07-17,1773.0,10.91,1171.41,428.08
5,2,5,2025-07-17,1084.47,31.77,1201.09,380.89
6,4,5,2025-07-17,590.9,6.56,502.84,440.44
7,2,5,2025-07-17,869.37,25.78,977.35,366.11
8,5,5,2025-07-17,1297.05,8.33,851.73,427.78
1,4,1,2025-07-18,451.48,1.15,378.53,100.75
2,3,1,2025-07-18,735.86,4.78,788.67,83.27
3,5,1,2025-07-18,872.21,1.1,553.2,86.99
4,5,1,2025-07-18,1804.06,2.63,1160.15,99.99
5,2,1,2025-07-18,935.68,6.5,1044.92,82.82
6,4,1,2025-07-18,450.01,1.0,386.83,89.19
7,1,1,2025-07-18,716.64,5.95,832.7,99.11
8,5,1,2025-07-18,1487.09,2.07,992.54,95.04
1,1,2,2025-07-18,537.31,0.39,621.48,8.57
2,3,2,2025-07-18,975.69,0.6,1026.13,8.19
3,5,2,2025-07-18,646.48,0.07,426.05,7.35
4,3,2,2025-07-18,2103.77,1.07,2246.09,7.14
5,4,2,2025-07-18,1169.1,0.24,1009.07,8.55
6,2,2,2025-07-18,539.7,0.39,603.82,8.62
7,2,2,2025-07-18,940.74,0.61,1034.39,8.17
8,3,2,2025-07-18,1714.76,1.01,1749.04,7.53
1,4,3,2025-07-18,314.57,1.34,262.01,171.64
2,3,3,2025-07-18,1024.5,13.03,1053.18,162.18
3,2,3,2025-07-18,441.03,6.53,492.89,185.07
4,5,3,2025-07-18,2193.4,4.91,1393.91,156.79
5,2,3,2025-07-18,946.79,11.32,1032.28,153.36
6,1,3,2025-07-18,305.79,4.43,359.17,175.3
7,2,3,2025-07-18,1023.15,13.21,1122.06,163.35
8,5,3,2025-07-18,1828.31,4.57,1202.17,161.6
1,1,4,2025-07-18,730.01,3.87,826.5,60.52
2,2,4,2025-07-18,1081.79,5.73,1207.89,65.63
3,5,4,2025-07-18,906.61,0.89,577.68,63.23
4,5,4,2025-07-18,1856.85,1.91,1238.46,71.12
5,4,4,2025-07-18,1259.91,1.91,1102.11,61.0
6,1,4,2025-07-18,693.78,3.5,791.74,60.87
7,2,4,2025-07-18,670.51,3.37,723.44,61.05
8,5,4,2025-07-18,1362.78,1.46,860.8,71.68
1,2,5,2025-07-18,604.01,16.99,677.55,359.92
2,2,5,2025-07-18,640.52,17.43,699.58,334.08
3,5,5,2025-07-18,1130.52,5.56,753.44,333.98
4,3,5,2025-07-18,1649.94,38.1,1694.87,312.98
5,1,5,2025-07-18,1009.42,32.59,1175.01,365.19
6,1,5,2025-07-18,612.51,17.33,704.32,341.43
7,4,5,2025-07-18,824.83,7.35,688.31,361.64
8,3,5,2025-07-18,1309.72,31.25,1408.65,329.15
1,2,1,2025-07-19,477.24,1.13,521.04,28.94
2,2,1,2025-07-19,724.36,1.56,793.48,27.47
3,1,1,2025-07-19,929.93,1.97,1080.5,24.49
4,5,1,2025-07-19,1807.47,0.69,1145.76,24.66
5,2,1,2025-07-19,931.59,1.86,1041.22,25.66
6,2,1,2025-07-19,471.66,0.94,525.95,24.73
7,4,1,2025-07-19,740.16,0.48,633.58,26.74
8,5,1,2025-07-19,1517.79,0.55,968.65,24.88
1,4,2,2025-07-19,533.0,0.03,441.0,2.55
2,2,2,2025-07-19,1024.0,0.23,1151.84,2.83
3,1,2,2025-07-19,620.49,0.12,726.69,2.45
4,5,2,2025-07-19,1956.84,0.08,1240.52,2.7
5,4,2,2025-07-19,1193.99,0.08,997.36,2.77
6,2,2,2025-07-19,555.57,0.13,605.96,2.87
7,2,2,2025-07-19,969.36,0.21,1050.53,2.69
8,5,2,2025-07-19,1660.81,0.06,1049.35,2.57
1,2,3,2025-07-19,293.47,1.16,321.16,49.54
2,4,3,2025-07-19,1089.25,1.59,928.91,59.02
3,1,3,2025-07-19,470.71,2.22,537.6,56.27
4,3,3,2025-07-19,2199.3,9.4,2353.55,55.42
5,4,3,2025-07-19,935.91,1.28,810.51,56.05
6,1,3,2025-07-19,302.48,1.24,355.7,50.48
7,1,3,2025-07-19,1046.62,5.06,1238.84,58.32
8,3,3,2025-07-19,1818.55,6.92,1859.6,49.44
1,4,4,2025-07-19,745.52,0.47,638.93,26.02
2,3,4,2025-07-19,1046.72,1.83,1129.12,24.19
3,2,4,2025-07-19,915.16,1.86,1005.57,26.4
4,3,4,2025-07-19,1876.75,3.22,1927.28,23.96
5,1,4,2025-07-19,1319.38,2.64,1535.1,23.16
6,4,4,2025-07-19,705.39,0.45,615.42,25.33
7,2,4,2025-07-19,679.1,1.44,750.59,26.62
8,3,4,2025-07-19,1375.07,2.3,1474.48,23.22
1,4,5,2025-07-19,645.44,2.62,544.49,158.55
2,3,5,2025-07-19,656.79,7.97,696.38,164.13
3,2,5,2025-07-19,1176.8,15.31,1313.84,168.11
4,3,5,2025-07-19,1698.81,21.8,1824.34,168.06
5,1,5,2025-07-19,1043.64,12.43,1227.16,144.05
6,4,5,2025-07-19,606.35,2.08,530.94,141.46
7,2,5,2025-07-19,880.81,11.9,947.59,169.31
8,5,5,2025-07-19,1302.27,2.78,855.83,149.19
1,1,1,2025-07-21,459.57,3.78,525.45,98.43
2,2,1,2025-07-21,695.76,4.93,787.32,88.53
3,1,1,2025-07-21,886.52,7.59,1039.34,98.69
4,3,1,2025-07-21,1764.5,12.41,1868.86,95.74
5,4,1,2025-07-21,887.09,2.22,776.41,96.07
6,1,1,2025-07-21,467.29,3.88,537.97,98.58
7,2,1,2025-07-21,726.19,5.31,788.55,93.02
8,3,1,2025-07-21,1496.39,11.14,1594.04,99.73
1,1,2,2025-07-21,551.63,0.33,631.35,7.34
2,4,2,2025-07-21,987.69,0.17,820.43,6.7
3,1,2,2025-07-21,597.55,0.33,673.45,6.58
4,5,2,2025-07-21,1987.21,0.22,1330.23,7.5
5,4,2,2025-07-21,1136.82,0.23,959.56,7.86
6,2,2,2025-07-21,524.7,0.3,572.28,7.31
7,1,2,2025-07-21,913.08,0.5,1053.92,6.62
8,3,2,2025-07-21,1578.31,0.82,1688.11,7.24
1,2,3,2025-07-21,286.55,3.99,316.43,168.51
2,2,3,2025-07-21,1008.57,12.26,1090.62,152.31
3,2,3,2025-07-21,469.86,6.49,504.79,172.44
4,3,3,2025-07-21,2240.56,28.51,2336.3,162.96
5,4,3,2025-07-21,981.3,4.2,831.06,170.95
6,4,3,2025-07-21,285.56,1.2,239.28,168.01
7,4,3,2025-07-21,1066.3,4.53,931.83,163.74
8,3,3,2025-07-21,1804.04,24.92,1878.61,175.83
1,1,4,2025-07-21,726.93,3.7,832.36,60.9
2,2,4,2025-07-21,1011.3,4.65,1133.79,55.76
3,5,4,2025-07-21,901.45,0.78,584.9,58.78
4,5,4,2025-07-21,2006.46,1.56,1266.46,53.63
5,4,4,2025-07-21,1303.35,1.75,1075.23,53.95
6,4,4,2025-07-21,704.38,0.94,587.27,54.07
7,4,4,2025-07-21,635.68,1.07,526.15,64.49
8,5,4,2025-07-21,1349.14,1.19,876.47,57.42
1,2,5,2025-07-21,631.33,16.44,701.55,310.22
2,4,5,2025-07-21,666.45,4.9,573.0,308.01
3,2,5,2025-07-21,1112.74,26.86,1211.99,304.45
4,5,5,2025-07-21,1636.75,7.31,1055.4,299.95
5,4,5,2025-07-21,1093.18,8.55,905.91,307.01
6,1,5,2025-07-21,629.38,16.63,745.5,305.88
7,4,5,2025-07-21,888.63,6.71,739.87,305.16
8,5,5,2025-07-21,1220.1,5.4,812.51,300.94
1,4,1,2025-07-22,489.0,0.79,426.67,62.58
2,4,1,2025-07-22,738.16,1.19,610.39,66.26
3,5,1,2025-07-22,935.5,1.0,605.55,68.74
4,5,1,2025-07-22,1856.09,1.89,1240.01,67.2
5,1,1,2025-07-22,859.91,5.33,987.23,69.9
6,1,1,2025-07-22,492.48,2.61,565.35,65.07
7,1,1,2025-07-22,761.48,4.4,866.89,67.25
8,5,1,2025-07-22,1446.04,1.3,944.53,62.12
1,1,2,2025-07-22,536.28,0.37,620.43,8.04
2,2,2,2025-07-22,1021.78,0.64,1153.49,8.03
3,5,2,2025-07-22,589.9,0.07,383.08,8.34
4,3,2,2025-07-22,2027.24,1.17,2121.92,7.71
5,2,2,2025-07-22,1182.93,0.74,1316.71,7.89
6,4,2,2025-07-22,520.54,0.1,449.89,7.68
7,1,2,2025-07-22,965.98,0.73,1141.17,9.19
8,5,2,2025-07-22,1695.59,0.2,1128.04,7.79
1,1,3,2025-07-22,314.67,4.06,353.41,155.83
2,3,3,2025-07-22,1045.57,13.24,1118.5,167.6
3,1,3,2025-07-22,444.03,5.75,507.59,155.41
4,5,3,2025-07-22,2173.74,4.94,1432.84,150.89
5,1,3,2025-07-22,985.67,13.55,1138.03,161.83
6,2,3,2025-07-22,304.6,3.88,327.26,152.21
7,2,3,2025-07-22,1005.18,14.2,1116.79,181.13
8,5,3,2025-07-22,1827.76,4.25,1184.24,154.85
1,4,4,2025-07-22,703.22,1.6,611.35,90.12
2,4,4,2025-07-22,1081.78,2.29,920.13,88.89
3,1,4,2025-07-22,893.36,5.61,1020.7,75.66
4,5,4,2025-07-22,2006.0,2.38,1342.95,79.38
5,2,4,2025-07-22,1330.32,8.45,1463.16,76.57
6,2,4,2025-07-22,748.21,4.73,820.83,79.98
7,4,4,2025-07-22,664.83,1.54,556.94,89.05
8,5,4,2025-07-22,1341.45,1.88,893.0,89.87
1,4,5,2025-07-22,619.37,5.12,523.69,348.17
2,3,5,2025-07-22,671.67,17.35,693.92,358.04
3,5,5,2025-07-22,1175.81,6.01,765.86,348.65
4,5,5,2025-07-22,1765.0,9.6,1165.05,371.87
5,4,5,2025-07-22,1050.33,9.39,906.88,360.43
6,4,5,2025-07-22,624.46,5.01,524.01,332.3
7,1,5,2025-07-22,856.48,27.66,1012.95,368.78
8,3,5,2025-07-22,1202.83,31.55,1263.68,367.18
1,1,1,2025-07-23,456.45,3.77,510.5,95.67
2,4,1,2025-07-23,703.66,1.61,593.46,87.65
3,2,1,2025-07-23,938.13,6.45,1053.21,87.15
4,5,1,2025-07-23,1777.94,2.58,1147.9,95.33
5,1,1,2025-07-23,881.7,6.5,998.59,86.01
6,1,1,2025-07-23,488.42,3.67,556.3,85.73
7,2,1,2025-07-23,761.47,5.47,847.0,87.3
8,5,1,2025-07-23,1486.52,1.89,965.23,85.69
1,2,2,2025-07-23,533.78,0.46,583.54,10.86
2,4,2,2025-07-23,965.57,0.22,841.9,9.13
3,5,2,2025-07-23,597.66,0.09,384.36,9.99
4,3,2,2025-07-23,1961.97,1.42,2075.4,9.85
5,4,2,2025-07-23,1149.44,0.27,976.38,9.38
6,1,2,2025-07-23,538.27,0.43,606.74,9.72
7,2,2,2025-07-23,909.82,0.76,973.33,10.53
8,3,2,2025-07-23,1665.66,1.31,1720.94,10.2
1,4,3,2025-07-23,297.95,1.14,252.71,160.78
2,3,3,2025-07-23,1012.17,12.1,1045.28,152.39
3,1,3,2025-07-23,438.56,5.87,498.64,164.33
4,3,3,2025-07-23,2109.57,26.76,2259.32,161.11
5,1,3,2025-07-23,925.47,10.56,1092.95,140.14
6,4,3,2025-07-23,292.89,1.01,250.1,140.19
7,2,3,2025-07-23,1033.53,12.65,1152.01,154.97
8,5,3,2025-07-23,1737.63,3.89,1115.21,151.7
1,2,4,2025-07-23,727.82,3.99,811.35,69.59
2,4,4,2025-07-23,1019.67,1.49,870.93,58.53
3,5,4,2025-07-23,872.97,0.86,553.81,64.02
4,3,4,2025-07-23,1916.49,10.52,2063.0,70.0
5,2,4,2025-07-23,1361.54,6.94,1526.04,60.77
6,4,4,2025-07-23,735.27,1.22,634.68,64.96
7,2,4,2025-07-23,660.68,3.14,745.87,58.47
8,5,4,2025-07-23,1410.01,1.26,896.12,62.55
1,4,5,2025-07-23,635.5,5.53,556.44,338.82
2,3,5,2025-07-23,625.88,16.2,652.81,330.65
3,2,5,2025-07-23,1140.9,30.96,1250.63,336.09
4,5,5,2025-07-23,1638.36,7.51,1042.27,309.95
5,4,5,2025-07-23,1045.55,8.01,909.25,304.34
6,1,5,2025-07-23,594.61,16.15,707.92,331.7
7,2,5,2025-07-23,876.62,21.11,984.39,314.98
8,5,5,2025-07-23,1294.51,6.51,860.41,323.28
1,1,1,2025-07-24,471.88,3.5,557.29,90.26
2,2,1,2025-07-24,739.86,5.56,818.39,92.73
3,5,1,2025-07-24,879.66,1.15,561.01,84.86
4,5,1,2025-07-24,1908.37,2.59,1217.38,91.35
5,1,1,2025-07-24,863.45,6.15,1001.87,84.59
6,1,1,2025-07-24,474.78,3.81,547.87,95.94
7,2,1,2025-07-24,726.65,4.53,787.75,81.0
8,3,1,2025-07-24,1515.89,8.58,1591.95,78.96
1,2,2,2025-07-24,564.0,0.49,612.47,10.89
2,4,2,2025-07-24,957.82,0.23,803.63,9.96
3,2,2,2025-07-24,600.76,0.53,652.24,11.65
4,3,2,2025-07-24,2103.29,1.72,2257.22,11.21
5,1,2,2025-07-24,1151.78,1.14,1355.04,11.45
6,4,2,2025-07-24,555.73,0.13,458.39,9.67
7,1,2,2025-07-24,910.67,0.85,1046.42,11.56
8,3,2,2025-07-24,1606.38,1.27,1731.2,10.32
1,1,3,2025-07-24,307.69,4.43,349.88,167.03
2,3,3,2025-07-24,1034.73,12.23,1083.98,159.27
3,2,3,2025-07-24,443.56,6.37,484.34,182.37
4,3,3,2025-07-24,2153.38,28.46,2247.88,182.05
5,2,3,2025-07-24,912.55,12.84,988.72,180.5
6,4,3,2025-07-24,307.35,1.16,261.9,154.93
7,1,3,2025-07-24,1084.89,16.6,1282.34,182.86
8,3,3,2025-07-24,1747.38,21.6,1851.39,159.19
1,4,4,2025-07-24,687.64,1.03,593.42,59.24
2,4,4,2025-07-24,1065.12,1.58,894.32,61.44
3,2,4,2025-07-24,897.58,4.47,991.85,59.98
4,3,4,2025-07-24,1970.09,9.15,2063.03,64.92
5,1,4,2025-07-24,1324.53,6.92,1509.89,58.63
6,1,4,2025-07-24,724.85,4.07,842.79,67.26
7,1,4,2025-07-24,679.18,3.73,793.1,67.44
8,5,4,2025-07-24,1409.46,1.22,934.83,59.62
1,4,5,2025-07-24,613.28,6.63,527.77,425.06
2,2,5,2025-07-24,617.75,18.98,679.5,393.93
3,1,5,2025-07-24,1137.61,37.1,1286.24,395.09
4,5,5,2025-07-24,1715.0,9.74,1134.54,392.02
5,4,5,2025-07-24,998.28,9.5,834.44,375.81
6,2,5,2025-07-24,613.67,19.88,678.02,412.42
7,1,5,2025-07-24,879.51,32.06,1013.1,413.0
8,5,5,2025-07-24,1271.08,7.32,814.48,379.94
1,4,1,2025-07-25,481.78,0.89,412.3,77.33
2,2,1,2025-07-25,731.92,4.74,798.33,77.22
3,5,1,2025-07-25,932.44,1.18,604.62,84.33
4,5,1,2025-07-25,1809.98,2.15,1175.51,79.81
5,4,1,2025-07-25,914.23,2.08,765.74,89.55
6,2,1,2025-07-25,484.26,3.17,540.39,84.21
7,2,1,2025-07-25,739.03,5.26,809.64,86.69
8,5,1,2025-07-25,1513.55,1.93,999.01,86.4
1,4,2,2025-07-25,523.84,0.16,437.45,12.48
2,2,2,2025-07-25,1011.13,1.05,1127.68,13.54
3,2,2,2025-07-25,613.54,0.68,687.89,13.97
4,5,2,2025-07-25,2134.69,0.44,1347.05,13.25
5,4,2,2025-07-25,1198.48,0.43,1001.64,14.63
6,4,2,2025-07-25,530.0,0.17,457.0,12.64
7,4,2,2025-07-25,926.85,0.28,771.84,12.53
8,3,2,2025-07-25,1621.3,1.69,1700.46,14.13
1,4,3,2025-07-25,304.02,1.06,261.77,143.92
2,2,3,2025-07-25,1048.39,10.86,1139.77,132.44
3,2,3,2025-07-25,441.31,4.39,485.97,122.85
4,3,3,2025-07-25,2138.55,20.87,2254.85,134.42
5,1,3,2025-07-25,904.03,10.78,1057.41,142.3
6,2,3,2025-07-25,311.77,3.51,337.58,139.39
7,4,3,2025-07-25,1036.27,3.36,890.66,123.64
8,5,3,2025-07-25,1812.2,3.98,1145.25,145.5
1,2,4,2025-07-25,732.73,3.8,792.08,62.84
2,2,4,2025-07-25,1094.22,5.52,1215.81,60.41
3,5,4,2025-07-25,881.47,0.8,577.58,60.79
4,3,4,2025-07-25,2037.92,8.86,2115.17,60.05
5,2,4,2025-07-25,1362.47,6.34,1504.95,59.31
6,2,4,2025-07-25,750.91,3.96,829.94,64.69
7,2,4,2025-07-25,631.17,2.91,702.54,59.69
8,5,4,2025-07-25,1404.73,1.14,917.75,54.92
1,2,5,2025-07-25,637.8,19.73,718.2,383.93
2,3,5,2025-07-25,642.22,19.01,690.93,409.14
3,1,5,2025-07-25,1130.15,37.84,1284.61,407.87
4,5,5,2025-07-25,1737.03,11.39,1153.31,419.36
5,4,5,2025-07-25,1072.22,9.93,924.47,387.54
6,2,5,2025-07-25,599.96,20.11,654.65,411.49
7,2,5,2025-07-25,881.9,29.86,951.7,426.86
8,5,5,2025-07-25,1200.02,7.73,794.0,425.16
1,1,1,2025-07-26,472.2,1.33,540.02,32.01
2,4,1,2025-07-26,742.59,0.54,632.19,28.54
3,5,1,2025-07-26,941.02,0.45,599.72,31.79
4,5,1,2025-07-26,1869.25,0.93,1233.72,32.04
5,4,1,2025-07-26,939.16,0.73,804.41,30.72
6,1,1,2025-07-26,470.95,1.18,539.24,28.78
7,1,1,2025-07-26,729.72,1.66,842.61,28.04
8,3,1,2025-07-26,1478.33,2.94,1529.01,27.66
1,1,2,2025-07-26,519.55,0.16,596.41,3.77
2,4,2,2025-07-26,937.68,0.08,817.07,3.44
3,2,2,2025-07-26,648.86,0.2,719.43,3.79
4,3,2,2025-07-26,1966.17,0.55,2117.83,3.84
5,1,2,2025-07-26,1101.33,0.33,1256.47,3.5
6,1,2,2025-07-26,513.32,0.15,585.54,3.46
7,1,2,2025-07-26,909.45,0.28,1039.32,3.49
8,3,2,2025-07-26,1679.52,0.43,1769.17,3.56
1,1,3,2025-07-26,290.04,1.1,335.08,45.78
2,3,3,2025-07-26,1048.31,3.45,1109.27,45.67
3,5,3,2025-07-26,428.32,0.34,281.46,53.86
4,5,3,2025-07-26,2196.91,1.66,1445.21,48.54
5,1,3,2025-07-26,903.24,3.35,1044.37,45.38
6,4,3,2025-07-26,287.38,0.37,249.71,49.98
7,1,3,2025-07-26,1083.69,4.25,1232.51,47.07
8,3,3,2025-07-26,1756.29,6.49,1889.92,47.52
1,2,4,2025-07-26,692.19,1.37,771.68,25.2
2,3,4,2025-07-26,1043.21,1.68,1103.89,21.49
3,5,4,2025-07-26,917.1,0.31,583.4,23.06
4,3,4,2025-07-26,2029.19,3.62,2146.66,24.88
5,4,4,2025-07-26,1363.86,0.79,1185.19,24.3
6,4,4,2025-07-26,698.55,0.42,580.2,23.87
7,1,4,2025-07-26,628.4,1.24,702.33,22.72
8,3,4,2025-07-26,1306.52,2.38,1342.35,24.2
1,4,5,2025-07-26,635.76,1.77,530.25,111.92
2,2,5,2025-07-26,660.11,5.54,715.11,108.49
3,1,5,2025-07-26,1142.72,12.01,1289.19,120.93
4,3,5,2025-07-26,1643.47,14.64,1685.52,116.68
5,1,5,2025-07-26,1039.59,10.15,1192.15,119.53
6,2,5,2025-07-26,638.27,6.34,688.1,125.18
7,4,5,2025-07-26,808.1,2.29,688.1,115.1
8,5,5,2025-07-26,1281.75,2.2,809.62,117.78
1,1,1,2025-07-28,448.42,3.17,522.48,86.78
2,3,1,2025-07-28,699.03,4.7,742.56,91.63
3,2,1,2025-07-28,926.27,5.81,1036.85,78.3
4,3,1,2025-07-28,1880.48,10.73,1953.91,77.44
5,4,1,2025-07-28,878.35,1.82,743.35,82.44
6,2,1,2025-07-28,467.49,3.03,507.42,80.95
7,2,1,2025-07-28,758.25,4.49,842.7,77.82
8,3,1,2025-07-28,1521.95,9.95,1614.27,88.1
1,1,2,2025-07-28,531.35,0.5,619.18,11.27
2,2,2,2025-07-28,939.25,0.91,1030.49,12.16
3,5,2,2025-07-28,649.88,0.11,423.72,10.67
4,3,2,2025-07-28,1971.65,1.8,2024.44,11.68
5,2,2,2025-07-28,1104.91,1.0,1193.16,11.82
6,1,2,2025-07-28,536.07,0.48,599.26,10.56
7,4,2,2025-07-28,959.17,0.25,792.95,10.94
8,5,2,2025-07-28,1578.1,0.28,1046.26,11.64
1,2,3,2025-07-28,309.06,4.47,345.41,181.31
2,3,3,2025-07-28,1054.28,15.48,1113.32,188.96
3,5,3,2025-07-28,452.53,1.3,288.01,189.41
4,5,3,2025-07-28,2272.48,5.95,1436.04,171.89
5,4,3,2025-07-28,930.79,4.38,794.63,180.12
6,4,3,2025-07-28,300.64,1.38,250.79,176.39
7,2,3,2025-07-28,1083.7,14.43,1215.1,167.98
8,5,3,2025-07-28,1793.65,4.4,1192.14,170.79
1,1,4,2025-07-28,703.29,2.84,808.6,49.77
2,4,4,2025-07-28,1013.59,1.17,853.19,46.68
3,2,4,2025-07-28,933.3,3.88,1004.32,50.46
4,3,4,2025-07-28,1982.27,7.45,2142.5,51.36
5,1,4,2025-07-28,1274.69,5.32,1463.02,50.85
6,1,4,2025-07-28,707.23,2.76,819.61,47.65
7,2,4,2025-07-28,658.85,2.67,715.2,52.27
8,5,4,2025-07-28,1388.32,1.03,885.08,49.39
1,2,5,2025-07-28,648.35,19.85,703.91,368.8
2,4,5,2025-07-28,664.61,6.47,572.24,374.65
3,1,5,2025-07-28,1173.0,35.5,1362.19,342.55
4,5,5,2025-07-28,1728.22,8.86,1127.3,338.26
5,2,5,2025-07-28,1027.55,27.31,1131.03,344.78
6,4,5,2025-07-28,623.55,5.55,542.26,347.17
7,2,5,2025-07-28,818.62,21.42,916.88,341.45
8,5,5,2025-07-28,1270.19,6.93,810.64,353.38
1,1,1,2025-07-29,462.17,4.0,524.27,104.6
2,3,1,2025-07-29,748.44,5.9,765.96,103.8
3,1,1,2025-07-29,891.99,6.64,999.7,89.59
4,5,1,2025-07-29,1885.36,2.47,1239.97,88.42
5,2,1,2025-07-29,934.4,7.57,1052.06,104.68
6,1,1,2025-07-29,465.35,4.01,533.78,101.14
7,1,1,2025-07-29,727.12,5.72,825.59,94.65
8,5,1,2025-07-29,1493.39,2.05,980.11,88.12
1,2,2,2025-07-29,523.98,0.45,562.1,10.27
2,2,2,2025-07-29,976.78,0.72,1061.21,9.11
3,5,2,2025-07-29,609.61,0.09,403.75,9.83
4,5,2,2025-07-29,1984.32,0.29,1269.56,9.8
5,1,2,2025-07-29,1195.91,0.9,1344.29,8.75
6,2,2,2025-07-29,527.75,0.41,594.64,9.55
7,4,2,2025-07-29,939.3,0.21,798.53,8.95
8,5,2,2025-07-29,1596.13,0.22,1019.76,9.45
1,4,3,2025-07-29,303.55,0.99,261.33,131.51
2,2,3,2025-07-29,1035.31,10.36,1127.7,130.83
3,1,3,2025-07-29,439.25,5.08,515.77,133.94
4,3,3,2025-07-29,2278.46,20.94,2453.55,121.69
5,1,3,2025-07-29,907.13,10.6,1048.42,133.36
6,2,3,2025-07-29,294.73,2.59,329.84,114.76
7,1,3,2025-07-29,1012.23,10.1,1196.98,119.84
8,5,3,2025-07-29,1806.31,3.59,1205.86,126.59
1,2,4,2025-07-29,698.8,4.39,749.71,76.03
2,3,4,2025-07-29,1063.85,5.97,1134.12,75.46
3,2,4,2025-07-29,865.28,5.4,958.07,75.68
4,5,4,2025-07-29,1899.76,2.31,1205.87,82.7
5,1,4,2025-07-29,1338.87,10.1,1539.94,88.55
6,4,4,2025-07-29,729.28,1.42,604.81,81.69
7,2,4,2025-07-29,645.96,3.98,694.69,81.09
8,3,4,2025-07-29,1325.49,8.09,1357.56,77.56
1,1,5,2025-07-29,589.1,11.82,697.18,247.03
2,3,5,2025-07-29,628.23,13.45,659.11,282.06
3,5,5,2025-07-29,1203.12,4.63,768.24,267.02
4,5,5,2025-07-29,1766.06,6.69,1152.73,247.55
5,1,5,2025-07-29,1036.55,24.78,1214.22,278.01
6,4,5,2025-07-29,626.48,4.37,534.81,266.9
7,2,5,2025-07-29,821.43,18.82,895.03,282.22
8,5,5,2025-07-29,1292.27,4.62,848.57,240.91
1,1,1,2025-07-30,486.08,2.75,560.89,65.23
2,3,1,2025-07-30,688.88,3.99,709.74,76.55
3,5,1,2025-07-30,938.39,0.96,623.8,67.36
4,5,1,2025-07-30,1842.04,1.86,1193.19,67.39
5,2,1,2025-07-30,918.21,5.07,994.42,71.37
6,2,1,2025-07-30,461.28,2.56,517.95,69.54
7,4,1,2025-07-30,752.6,1.39,637.79,74.49
8,5,1,2025-07-30,1422.72,1.46,930.01,71.61
1,4,2,2025-07-30,527.72,0.15,435.32,12.22
2,3,2,2025-07-30,1011.1,0.81,1044.97,11.17
3,2,2,2025-07-30,635.01,0.65,709.86,12.7
4,5,2,2025-07-30,2074.39,0.4,1309.2,12.91
5,4,2,2025-07-30,1140.7,0.33,993.38,11.48
6,2,2,2025-07-30,513.92,0.5,575.52,11.78
7,1,2,2025-07-30,907.91,0.88,1023.26,11.81
8,3,2,2025-07-30,1630.15,1.51,1671.09,12.61
1,1,3,2025-07-30,311.29,3.88,361.56,150.03
2,2,3,2025-07-30,1050.18,15.08,1138.69,177.64
3,2,3,2025-07-30,444.31,5.74,494.61,156.7
4,5,3,2025-07-30,2260.03,6.04,1455.12,170.55
5,2,3,2025-07-30,971.16,12.6,1061.2,159.32
6,2,3,2025-07-30,298.76,3.8,325.4,153.04
7,4,3,2025-07-30,1081.38,4.43,901.36,157.22
8,3,3,2025-07-30,1740.68,24.03,1856.31,176.36
1,2,4,2025-07-30,714.19,3.88,765.17,65.63
2,4,4,2025-07-30,1049.14,1.52,873.93,59.83
3,2,4,2025-07-30,908.01,4.47,985.94,63.67
4,5,4,2025-07-30,1916.41,1.71,1238.34,57.81
5,2,4,2025-07-30,1323.22,6.97,1466.42,63.05
6,1,4,2025-07-30,688.34,3.43,781.32,58.58
7,2,4,2025-07-30,617.56,3.18,673.58,62.75
8,3,4,2025-07-30,1409.58,6.22,1501.96,59.31
1,2,5,2025-07-30,644.11,16.91,705.26,321.81
2,4,5,2025-07-30,682.06,6.08,581.95,352.78
3,5,5,2025-07-30,1120.98,5.23,711.71,317.7
4,3,5,2025-07-30,1737.91,44.39,1780.06,357.69
5,2,5,2025-07-30,1012.28,26.35,1101.32,333.84
6,2,5,2025-07-30,593.73,16.27,656.72,342.65
7,2,5,2025-07-30,819.73,20.67,897.03,318.96
8,3,5,2025-07-30,1269.88,32.16,1305.02,353.86
1,4,1,2025-07-31,449.6,0.87,380.1,74.39
2,2,1,2025-07-31,698.57,4.98,756.98,86.45
3,5,1,2025-07-31,928.37,1.04,609.35,77.75
4,3,1,2025-07-31,1835.13,11.76,1946.83,86.06
5,4,1,2025-07-31,856.43,1.72,716.5,82.83
6,4,1,2025-07-31,471.89,1.02,391.34,84.88
7,4,1,2025-07-31,730.52,1.49,629.9,79.75
8,5,1,2025-07-31,1449.81,1.74,928.16,80.44
1,2,2,2025-07-31,531.47,0.49,579.73,11.66
2,3,2,2025-07-31,963.42,0.81,1035.96,11.51
3,5,2,2025-07-31,595.87,0.1,381.57,10.33
4,5,2,2025-07-31,2105.66,0.34,1331.83,11.16
5,2,2,2025-07-31,1164.29,1.0,1260.48,10.85
6,1,2,2025-07-31,542.02,0.5,630.61,11.18
7,1,2,2025-07-31,964.52,0.92,1121.23,11.5
8,3,2,2025-07-31,1618.87,1.31,1725.09,11.02
1,1,3,2025-07-31,298.94,3.57,344.1,144.17
2,3,3,2025-07-31,998.99,11.74,1039.12,153.39
3,1,3,2025-07-31,461.09,6.02,531.32,148.95
4,3,3,2025-07-31,2113.62,28.04,2282.18,168.8
5,4,3,2025-07-31,995.99,3.95,829.36,162.54
6,4,3,2025-07-31,311.36,1.3,258.89,167.41
7,4,3,2025-07-31,1027.1,3.87,873.11,153.29
8,3,3,2025-07-31,1772.08,20.59,1889.16,160.43
1,2,4,2025-07-31,720.52,4.11,774.87,71.53
2,3,4,2025-07-31,1054.85,6.08,1126.08,76.56
3,5,4,2025-07-31,935.46,1.13,616.48,77.39
4,5,4,2025-07-31,2014.38,2.14,1323.83,73.85
5,2,4,2025-07-31,1316.24,7.46,1455.93,69.42
6,2,4,2025-07-31,744.21,4.65,843.96,74.38
7,2,4,2025-07-31,633.84,3.62,701.56,73.29
8,3,4,2025-07-31,1317.31,7.94,1414.98,83.12
1,4,5,2025-07-31,621.63,5.45,523.44,355.28
2,2,5,2025-07-31,668.69,18.97,738.94,355.75
3,5,5,2025-07-31,1132.36,5.71,729.17,323.24
4,5,5,2025-07-31,1774.61,10.05,1173.31,373.28
5,2,5,2025-07-31,1048.96,32.81,1186.02,374.0
6,4,5,2025-07-31,596.95,5.06,519.36,355.85
7,2,5,2025-07-31,864.11,25.37,927.63,352.86
8,5,5,2025-07-31,1217.66,6.7,801.93,369.9
1,1,1,2025-08-01,465.94,3.25,544.78,83.88
2,4,1,2025-08-01,728.5,1.76,615.71,94.19
3,2,1,2025-08-01,886.5,5.88,967.03,85.69
4,3,1,2025-08-01,1890.25,13.34,1950.09,92.58
5,1,1,2025-08-01,923.43,7.32,1088.52,93.35
6,2,1,2025-08-01,489.76,3.87,537.31,96.99
7,2,1,2025-08-01,751.58,5.27,839.77,88.97
8,3,1,2025-08-01,1477.92,9.5,1544.89,86.42
1,2,2,2025-08-01,535.39,0.41,606.01,9.26
2,4,2,2025-08-01,954.47,0.21,799.25,9.17
3,5,2,2025-08-01,589.88,0.07,374.72,8.55
4,5,2,2025-08-01,1971.4,0.26,1288.15,9.12
5,2,2,2025-08-01,1205.68,0.74,1316.1,7.91
6,1,2,2025-08-01,540.58,0.38,605.63,8.22
7,1,2,2025-08-01,910.24,0.62,1072.22,7.84
8,5,2,2025-08-01,1707.03,0.23,1126.92,9.1
1,2,3,2025-08-01,302.39,2.95,335.39,121.43
2,4,3,2025-08-01,1063.38,3.59,882.41,131.93
3,2,3,2025-08-01,469.34,3.97,521.42,109.54
4,5,3,2025-08-01,2245.9,4.11,1503.41,117.48
5,1,3,2025-08-01,974.88,10.83,1117.39,127.69
6,1,3,2025-08-01,292.05,3.13,333.0,130.75
7,4,3,2025-08-01,1093.76,3.33,924.59,126.55
8,3,3,2025-08-01,1845.57,15.77,1981.1,110.31
1,1,4,2025-08-01,717.6,4.55,827.38,78.35
2,4,4,2025-08-01,1033.82,1.97,894.59,80.32
3,1,4,2025-08-01,872.34,5.42,1002.3,74.29
4,5,4,2025-08-01,1948.11,2.18,1250.7,73.69
5,4,4,2025-08-01,1302.71,2.48,1094.51,80.14
6,1,4,2025-08-01,744.34,4.84,869.51,78.77
7,2,4,2025-08-01,630.71,3.47,705.69,71.34
8,3,4,2025-08-01,1378.28,7.66,1437.58,72.65
1,4,5,2025-08-01,638.22,5.82,554.73,356.86
2,3,5,2025-08-01,622.76,18.56,644.03,389.98
3,1,5,2025-08-01,1188.5,40.0,1365.62,388.69
4,5,5,2025-08-01,1700.95,11.3,1118.88,423.0
5,4,5,2025-08-01,1032.66,11.29,900.91,417.87
6,4,5,2025-08-01,595.38,5.72,517.26,397.62
7,2,5,2025-08-01,848.68,27.55,921.51,393.54
8,5,5,2025-08-01,1240.49,6.95,819.26,377.37
1,4,1,2025-08-02,460.77,0.36,385.95,32.4
2,3,1,2025-08-02,752.52,1.89,782.72,33.45
3,1,1,2025-08-02,873.09,2.7,1017.57,35.92
4,5,1,2025-08-02,1940.26,0.89,1250.85,31.4
5,2,1,2025-08-02,911.96,2.43,1013.16,32.56
6,1,1,2025-08-02,479.89,1.43,558.58,36.31
7,4,1,2025-08-02,737.25,0.61,631.88,34.31
8,3,1,2025-08-02,1495.43,4.24,1528.59,36.93
1,2,2,2025-08-02,540.07,0.12,578.67,2.73
2,4,2,2025-08-02,1015.1,0.06,880.94,2.64
3,5,2,2025-08-02,607.11,0.02,391.22,2.72
4,3,2,2025-08-02,2051.57,0.47,2206.77,2.92
5,1,2,2025-08-02,1130.22,0.25,1299.52,2.58
6,2,2,2025-08-02,544.01,0.11,595.14,2.56
7,2,2,2025-08-02,944.34,0.21,1063.88,2.88
8,3,2,2025-08-02,1725.7,0.37,1799.7,2.81
1,4,3,2025-08-02,304.67,0.51,260.49,65.85
2,2,3,2025-08-02,1090.88,6.12,1205.19,69.69
3,2,3,2025-08-02,453.62,2.26,506.99,61.26
4,5,3,2025-08-02,2252.88,2.08,1491.88,61.55
5,2,3,2025-08-02,984.53,4.78,1110.84,58.45
6,4,3,2025-08-02,310.33,0.47,268.67,61.85
7,1,3,2025-08-02,1071.74,5.67,1223.48,64.91
8,5,3,2025-08-02,1839.65,1.85,1170.46,66.98
1,1,4,2025-08-02,724.63,1.59,846.83,25.22
2,4,4,2025-08-02,1076.94,0.61,894.55,23.91
3,2,4,2025-08-02,862.83,1.65,942.72,25.15
4,5,4,2025-08-02,1983.41,0.73,1288.8,24.04
5,1,4,2025-08-02,1364.38,2.66,1535.42,24.18
6,1,4,2025-08-02,750.7,1.64,866.16,25.52
7,1,4,2025-08-02,627.77,1.38,719.08,25.74
8,5,4,2025-08-02,1340.36,0.45,846.14,23.11
1,4,5,2025-08-02,616.52,1.92,516.36,127.51
2,3,5,2025-08-02,641.0,6.34,658.22,132.51
3,5,5,2025-08-02,1172.6,2.3,755.0,128.9
4,5,5,2025-08-02,1757.63,3.78,1142.57,142.17
5,1,5,2025-08-02,1030.85,11.34,1194.23,130.06
6,1,5,2025-08-02,613.33,6.89,725.93,138.96
7,2,5,2025-08-02,830.5,8.75,916.78,130.98
8,3,5,2025-08-02,1277.34,11.42,1380.12,121.0
1,2,1,2025-08-04,471.59,3.27,510.77,89.75
2,2,1,2025-08-04,693.84,5.38,779.88,100.22
3,2,1,2025-08-04,866.5,6.51,954.66,93.96
4,3,1,2025-08-04,1884.49,14.11,1956.65,99.7
5,1,1,2025-08-04,925.16,7.82,1072.02,96.21
6,2,1,2025-08-04,482.62,3.27,545.15,88.86
7,4,1,2025-08-04,716.67,1.81,599.39,106.11
8,5,1,2025-08-04,1414.86,2.12,905.43,97.29
1,2,2,2025-08-04,552.34,0.52,616.93,11.3
2,2,2,2025-08-04,1011.39,0.94,1119.63,12.13
3,1,2,2025-08-04,602.06,0.6,695.64,11.99
4,5,2,2025-08-04,1961.38,0.32,1310.08,11.15
5,2,2,2025-08-04,1126.29,1.16,1220.71,12.83
6,4,2,2025-08-04,522.46,0.15,456.62,12.12
7,4,2,2025-08-04,964.84,0.26,810.37,11.1
8,3,2,2025-08-04,1662.84,1.38,1700.32,11.02
1,1,3,2025-08-04,294.41,4.6,347.3,181.49
2,2,3,2025-08-04,1074.01,15.3,1165.35,173.41
3,5,3,2025-08-04,459.44,1.37,297.78,189.95
4,5,3,2025-08-04,2097.98,6.12,1392.79,188.24
5,4,3,2025-08-04,957.34,4.44,794.17,176.78
6,1,3,2025-08-04,308.43,4.88,350.88,195.53
7,4,3,2025-08-04,1083.4,4.8,920.2,182.29
8,5,3,2025-08-04,1830.44,4.94,1162.33,188.97
1,1,4,2025-08-04,713.34,4.38,829.29,70.48
2,4,4,2025-08-04,1062.97,2.07,877.49,78.38
3,2,4,2025-08-04,922.69,5.12,985.54,71.7
4,3,4,2025-08-04,1920.41,10.03,1996.06,72.71
5,1,4,2025-08-04,1264.02,8.35,1451.97,81.15
6,2,4,2025-08-04,688.07,4.09,773.26,74.66
7,2,4,2025-08-04,622.15,3.56,700.5,70.11
8,3,4,2025-08-04,1385.54,8.07,1425.59,81.26
1,2,5,2025-08-04,608.81,17.45,673.97,375.87
2,2,5,2025-08-04,632.98,19.97,680.27,406.17
3,2,5,2025-08-04,1148.71,35.18,1278.66,379.24
4,5,5,2025-08-04,1744.14,10.33,1127.65,378.48
5,2,5,2025-08-04,1076.32,31.53,1181.33,377.96
6,4,5,2025-08-04,641.17,5.93,543.54,378.82
7,4,5,2025-08-04,870.83,7.94,754.98,366.62
8,5,5,2025-08-04,1242.93,7.02,818.75,365.41
1,4,1,2025-08-05,471.5,1.1,406.84,94.99
2,4,1,2025-08-05,744.74,1.72,641.61,88.42
3,5,1,2025-08-05,887.88,1.11,588.65,79.77
4,5,1,2025-08-05,1893.63,2.39,1211.59,86.21
5,2,1,2025-08-05,861.71,5.8,944.3,85.93
6,1,1,2025-08-05,477.0,3.18,561.55,79.01
7,4,1,2025-08-05,713.19,1.53,615.49,88.51
8,3,1,2025-08-05,1502.12,9.16,1597.22,81.83
1,1,2,2025-08-05,554.01,0.48,620.09,9.76
2,4,2,2025-08-05,960.32,0.25,801.8,10.62
3,1,2,2025-08-05,641.95,0.59,727.04,10.69
4,5,2,2025-08-05,1975.87,0.31,1271.97,10.67
5,2,2,2025-08-05,1191.81,1.06,1338.9,10.88
6,4,2,2025-08-05,520.21,0.12,450.85,9.5
7,1,2,2025-08-05,978.89,0.97,1142.0,11.06
8,3,2,2025-08-05,1644.06,1.24,1751.99,9.88
1,2,3,2025-08-05,308.19,3.86,349.07,153.72
2,3,3,2025-08-05,1058.4,11.89,1111.54,146.28
3,5,3,2025-08-05,463.74,1.17,304.8,160.72
4,3,3,2025-08-05,2136.01,24.24,2214.56,149.04
5,4,3,2025-08-05,974.46,3.84,825.21,154.81
6,1,3,2025-08-05,302.12,4.23,355.55,158.22
7,1,3,2025-08-05,1016.28,12.63,1189.61,149.49
8,3,3,2025-08-05,1877.97,20.82,2003.44,153.32
1,1,4,2025-08-05,746.43,4.84,843.06,73.7
2,2,4,2025-08-05,1069.45,5.82,1206.19,66.51
3,2,4,2025-08-05,879.71,4.59,970.71,68.15
4,3,4,2025-08-05,1914.57,11.27,2061.29,75.57
5,1,4,2025-08-05,1268.97,7.07,1446.68,63.05
6,1,4,2025-08-05,686.02,4.26,773.28,75.66
7,2,4,2025-08-05,629.9,3.78,673.25,72.35
8,5,4,2025-08-05,1360.74,1.57,877.5,73.57
1,1,5,2025-08-05,615.45,15.93,708.69,301.92
2,2,5,2025-08-05,623.5,13.54,683.26,265.11
3,5,5,2025-08-05,1140.55,5.17,744.8,305.19
4,5,5,2025-08-05,1664.67,7.15,1076.42,292.34
5,4,5,2025-08-05,1068.91,8.47,893.23,303.68
6,1,5,2025-08-05,624.75,16.28,708.13,305.22
7,4,5,2025-08-05,874.77,6.34,765.27,293.18
8,3,5,2025-08-05,1236.62,23.5,1263.31,261.13
1,4,1,2025-08-06,460.3,0.82,397.57,71.69
2,2,1,2025-08-06,721.02,4.29,803.48,71.26
3,2,1,2025-08-06,883.04,5.24,959.53,71.81
4,5,1,2025-08-06,1809.54,1.88,1198.31,72.31
5,1,1,2025-08-06,877.87,5.9,1040.67,81.32
6,1,1,2025-08-06,457.25,2.88,532.7,72.53
7,2,1,2025-08-06,743.4,4.91,842.46,83.16
8,3,1,2025-08-06,1453.5,8.22,1487.76,76.76
1,1,2,2025-08-06,541.8,0.46,639.13,9.78
2,3,2,2025-08-06,945.92,0.76,1009.05,10.93
3,1,2,2025-08-06,628.3,0.54,704.45,10.15
4,5,2,2025-08-06,2097.38,0.34,1382.97,10.68
5,1,2,2025-08-06,1113.51,0.89,1274.42,9.9
6,1,2,2025-08-06,547.41,0.47,623.43,10.01
7,4,2,2025-08-06,981.28,0.27,845.13,10.38
8,3,2,2025-08-06,1716.25,1.3,1793.12,9.67
1,4,3,2025-08-06,299.75,1.02,255.44,138.24
2,2,3,2025-08-06,1086.58,10.6,1185.81,127.36
3,1,3,2025-08-06,468.5,5.42,549.23,130.83
4,3,3,2025-08-06,2166.24,24.15,2209.62,143.67
5,1,3,2025-08-06,978.52,11.15,1124.56,140.92
6,1,3,2025-08-06,303.5,3.33,354.02,133.6
7,1,3,2025-08-06,1101.5,13.51,1294.33,140.83
8,5,3,2025-08-06,1790.01,3.44,1194.33,130.24
1,4,4,2025-08-06,698.34,1.31,585.43,72.84
2,4,4,2025-08-06,1077.34,2.11,892.49,76.54
3,5,4,2025-08-06,937.72,1.21,602.44,84.57
4,3,4,2025-08-06,1883.04,11.46,2032.41,83.85
5,4,4,2025-08-06,1244.39,2.51,1058.97,83.31
6,4,4,2025-08-06,709.5,1.28,599.76,72.66
7,1,4,2025-08-06,625.31,4.42,717.09,83.77
8,5,4,2025-08-06,1412.76,1.83,917.54,84.33
1,1,5,2025-08-06,650.18,21.94,756.88,387.37
2,2,5,2025-08-06,675.18,20.68,761.38,400.7
3,5,5,2025-08-06,1178.8,7.36,753.37,406.55
4,5,5,2025-08-06,1717.06,11.77,1101.28,444.04
5,1,5,2025-08-06,1050.61,34.07,1243.02,399.56
6,4,5,2025-08-06,641.07,6.6,540.24,416.28
7,4,5,2025-08-06,857.14,8.83,734.48,398.25
8,5,5,2025-08-06,1279.67,7.05,810.35,377.62
1,2,1,2025-08-07,476.61,2.96,522.35,79.31
2,2,1,2025-08-07,743.72,4.31,810.05,75.88
3,1,1,2025-08-07,884.94,5.28,1045.22,67.93
4,5,1,2025-08-07,1879.75,1.94,1208.7,72.06
5,4,1,2025-08-07,866.27,1.52,719.42,70.22
6,4,1,2025-08-07,448.94,0.78,383.83,70.85
7,1,1,2025-08-07,755.1,4.95,868.48,77.38
8,5,1,2025-08-07,1501.35,1.47,962.0,67.22
1,2,2,2025-08-07,541.51,0.4,610.61,9.1
2,4,2,2025-08-07,969.82,0.21,809.98,8.73
3,2,2,2025-08-07,637.41,0.43,720.0,8.6
4,5,2,2025-08-07,1975.2,0.25,1304.54,8.26
5,2,2,2025-08-07,1122.78,0.71,1238.35,7.84
6,1,2,2025-08-07,536.56,0.39,604.33,8.6
7,1,2,2025-08-07,977.6,0.73,1109.64,8.74
8,5,2,2025-08-07,1603.13,0.19,1035.96,8.01
1,1,3,2025-08-07,296.88,3.57,352.9,143.83
2,3,3,2025-08-07,1011.4,11.12,1050.03,147.75
3,5,3,2025-08-07,469.59,0.93,304.67,128.63
4,5,3,2025-08-07,2193.37,4.02,1406.04,124.61
5,4,3,2025-08-07,955.08,3.01,807.27,129.49
6,2,3,2025-08-07,289.7,3.52,315.08,145.35
7,4,3,2025-08-07,1020.62,3.32,893.47,128.42
8,3,3,2025-08-07,1817.89,17.58,1950.08,126.41
1,1,4,2025-08-07,721.58,4.89,814.88,81.0
2,4,4,2025-08-07,1085.35,2.3,943.46,86.5
3,1,4,2025-08-07,862.57,6.1,1012.95,82.32
4,5,4,2025-08-07,1941.28,2.31,1239.71,77.65
5,4,4,2025-08-07,1293.44,2.52,1105.9,79.81
6,4,4,2025-08-07,686.87,1.51,569.39,88.17
7,2,4,2025-08-07,641.2,4.57,699.32,85.09
8,5,4,2025-08-07,1410.18,1.59,932.47,76.11
1,1,5,2025-08-07,630.13,21.46,722.71,410.9
2,2,5,2025-08-07,676.55,21.51,758.7,381.92
3,1,5,2025-08-07,1198.59,40.82,1365.92,391.07
4,3,5,2025-08-07,1734.98,52.61,1817.88,389.36
5,4,5,2025-08-07,1026.68,9.4,886.83,367.36
6,1,5,2025-08-07,638.92,22.85,752.81,420.6
7,2,5,2025-08-07,863.75,29.05,950.34,413.12
8,3,5,2025-08-07,1235.9,35.01,1294.58,390.09
1,2,1,2025-08-08,482.37,3.07,542.95,81.54
2,3,1,2025-08-08,755.76,5.38,815.15,95.64
3,1,1,2025-08-08,939.68,7.1,1094.27,86.25
4,3,1,2025-08-08,1859.85,11.74,1993.52,81.98
5,1,1,2025-08-08,931.45,7.44,1094.66,92.83
6,4,1,2025-08-08,463.75,1.03,405.7,90.9
7,4,1,2025-08-08,717.3,1.62,611.56,94.97
8,3,1,2025-08-08,1481.76,9.99,1582.71,85.59
1,2,2,2025-08-08,523.44,0.4,586.08,9.97
2,2,2,2025-08-08,975.66,0.71,1061.79,9.4
3,5,2,2025-08-08,614.02,0.09,390.15,9.55
4,5,2,2025-08-08,1999.83,0.31,1282.09,9.96
5,2,2,2025-08-08,1092.76,0.78,1168.68,8.72
6,2,2,2025-08-08,532.96,0.36,599.07,8.69
7,1,2,2025-08-08,907.34,0.76,1014.77,9.41
8,5,2,2025-08-08,1593.72,0.23,1015.86,9.39
1,4,3,2025-08-08,300.1,1.17,253.31,152.32
2,3,3,2025-08-08,1094.51,11.85,1156.84,147.92
3,2,3,2025-08-08,453.41,5.18,511.3,147.87
4,3,3,2025-08-08,2265.33,24.89,2407.13,145.08
5,2,3,2025-08-08,941.25,11.11,1023.08,150.22
6,4,3,2025-08-08,313.19,1.14,272.74,141.32
7,4,3,2025-08-08,1100.23,4.1,961.91,145.79
8,5,3,2025-08-08,1873.76,4.44,1205.89,152.65
1,4,4,2025-08-08,737.63,1.15,630.87,61.29
2,3,4,2025-08-08,1070.29,5.09,1112.58,65.94
3,5,4,2025-08-08,891.12,0.89,572.32,69.54
4,3,4,2025-08-08,1989.12,9.8,2046.31,62.79
5,2,4,2025-08-08,1359.03,6.41,1468.76,60.18
6,1,4,2025-08-08,713.45,3.92,813.96,64.64
7,2,4,2025-08-08,667.97,3.05,720.23,59.41
8,5,4,2025-08-08,1360.21,1.43,863.46,68.73
1,2,5,2025-08-08,602.21,18.98,681.93,414.33
2,3,5,2025-08-08,629.1,17.98,673.3,394.5
3,1,5,2025-08-08,1171.57,35.78,1319.21,357.63
4,5,5,2025-08-08,1693.52,9.27,1125.94,351.93
5,2,5,2025-08-08,1001.14,31.25,1135.53,397.69
6,2,5,2025-08-08,628.7,21.12,688.58,416.9
7,2,5,2025-08-08,892.13,25.82,975.6,362.34
8,3,5,2025-08-08,1290.77,35.78,1390.93,370.79
1,1,1,2025-08-09,492.61,1.21,570.95,29.7
2,3,1,2025-08-09,733.95,1.69,780.34,30.11
3,1,1,2025-08-09,914.68,2.48,1035.68,30.61
4,3,1,2025-08-09,1887.29,4.95,1933.68,35.09
5,1,1,2025-08-09,868.93,2.43,1018.51,34.44
6,2,1,2025-08-09,464.54,1.25,504.8,32.25
7,1,1,2025-08-09,736.82,2.07,830.3,34.21
8,3,1,2025-08-09,1477.78,3.58,1526.03,32.09
1,1,2,2025-08-09,550.87,0.15,631.04,3.31
2,2,2,2025-08-09,976.7,0.24,1099.51,3.14
3,1,2,2025-08-09,649.51,0.18,744.87,3.05
4,3,2,2025-08-09,1971.23,0.45,2114.19,2.96
5,4,2,2025-08-09,1156.91,0.08,975.86,2.91
6,2,2,2025-08-09,518.95,0.12,587.76,2.81
7,2,2,2025-08-09,965.73,0.24,1091.92,3.33
8,3,2,2025-08-09,1670.28,0.37,1757.15,2.96
1,2,3,2025-08-09,293.68,1.34,332.02,58.84
2,4,3,2025-08-09,1058.67,1.84,905.24,68.05
3,5,3,2025-08-09,435.3,0.45,285.0,69.1
4,5,3,2025-08-09,2144.23,1.92,1406.52,62.71
5,2,3,2025-08-09,965.72,4.3,1082.08,58.03
6,4,3,2025-08-09,311.18,0.51,258.26,62.91
7,4,3,2025-08-09,1018.58,1.7,857.74,68.39
8,3,3,2025-08-09,1860.32,8.54,1926.63,59.42
1,2,4,2025-08-09,742.12,1.5,824.89,24.83
2,4,4,2025-08-09,1101.83,0.67,919.75,25.29
3,2,4,2025-08-09,892.52,1.65,974.77,23.57
4,5,4,2025-08-09,1881.5,0.79,1242.95,26.71
5,1,4,2025-08-09,1254.65,2.63,1468.32,23.84
6,2,4,2025-08-09,686.82,1.4,778.0,26.59
7,1,4,2025-08-09,635.04,1.39,740.28,26.66
8,3,4,2025-08-09,1365.58,2.53,1463.38,25.86
1,4,5,2025-08-09,643.54,2.54,557.12,161.93
2,3,5,2025-08-09,653.5,8.4,697.21,165.26
3,5,5,2025-08-09,1193.9,3.1,777.75,166.68
4,5,5,2025-08-09,1743.19,3.98,1100.98,160.15
5,1,5,2025-08-09,1031.48,14.01,1214.66,158.27
6,2,5,2025-08-09,641.87,8.73,709.9,169.8
7,2,5,2025-08-09,808.87,9.78,865.99,148.06
8,3,5,2025-08-09,1256.61,15.81,1352.25,164.53
1,2,1,2025-08-11,464.2,3.99,525.88,110.58
2,4,1,2025-08-11,735.89,1.99,629.78,104.67
3,1,1,2025-08-11,912.13,8.83,1081.77,110.84
4,3,1,2025-08-11,1833.52,13.45,1870.95,99.75
5,1,1,2025-08-11,941.47,7.74,1108.52,92.85
6,2,1,2025-08-11,491.75,4.37,530.54,108.16
7,1,1,2025-08-11,723.68,6.62,836.79,105.24
8,3,1,2025-08-11,1435.0,10.13,1535.62,94.55
1,4,2,2025-08-11,540.5,0.13,461.84,9.11
2,4,2,2025-08-11,1001.99,0.24,846.08,9.18
3,5,2,2025-08-11,598.22,0.07,396.91,8.54
4,5,2,2025-08-11,2023.24,0.29,1332.16,9.84
5,1,2,2025-08-11,1179.79,0.88,1386.22,8.8
6,4,2,2025-08-11,547.11,0.11,467.2,8.48
7,2,2,2025-08-11,983.19,0.71,1086.13,8.65
8,5,2,2025-08-11,1615.47,0.2,1021.09,8.28
1,2,3,2025-08-11,289.33,4.18,327.42,173.02
2,2,3,2025-08-11,1080.9,12.77,1171.11,153.35
3,2,3,2025-08-11,472.33,7.15,536.55,181.94
4,5,3,2025-08-11,2174.82,4.81,1380.49,152.15
5,1,3,2025-08-11,966.1,14.22,1141.91,167.87
6,2,3,2025-08-11,299.7,3.79,331.51,159.66
7,1,3,2025-08-11,1069.72,15.64,1213.48,177.37
8,3,3,2025-08-11,1803.25,22.1,1943.41,161.26
1,1,4,2025-08-11,732.62,3.78,846.51,60.48
2,4,4,2025-08-11,1010.62,1.43,853.45,56.81
3,2,4,2025-08-11,910.19,4.21,1007.72,56.88
4,3,4,2025-08-11,2038.12,8.87,2107.23,60.02
5,4,4,2025-08-11,1265.67,2.04,1058.94,64.52
6,2,4,2025-08-11,692.84,3.25,772.08,57.22
7,2,4,2025-08-11,680.24,3.39,751.69,62.44
8,3,4,2025-08-11,1304.23,6.78,1398.89,66.42
1,1,5,2025-08-11,644.43,17.7,744.71,311.91
2,4,5,2025-08-11,680.76,5.82,576.58,339.71
3,1,5,2025-08-11,1107.85,32.59,1261.69,337.37
4,5,5,2025-08-11,1652.95,8.09,1050.31,335.86
5,4,5,2025-08-11,1027.1,8.06,888.42,327.71
6,1,5,2025-08-11,647.89,19.16,750.7,361.49
7,4,5,2025-08-11,871.12,8.51,749.59,377.4
8,5,5,2025-08-11,1240.25,6.56,806.81,344.26
1,4,1,2025-08-12,476.33,1.02,395.76,83.76
2,4,1,2025-08-12,746.82,1.44,635.76,76.48
3,1,1,2025-08-12,921.75,6.46,1030.34,85.27
4,3,1,2025-08-12,1876.35,11.34,2004.76,78.9
5,2,1,2025-08-12,912.99,5.7,1031.19,74.78
6,1,1,2025-08-12,452.76,2.81,525.2,75.15
7,1,1,2025-08-12,732.28,4.95,841.88,77.52
8,3,1,2025-08-12,1443.62,8.16,1501.92,75.8
1,1,2,2025-08-12,566.74,0.42,666.61,8.7
2,2,2,2025-08-12,940.14,0.67,1022.4,9.17
3,1,2,2025-08-12,603.09,0.42,697.08,8.23
4,5,2,2025-08-12,2093.36,0.27,1361.18,8.5
5,2,2,2025-08-12,1112.78,0.81,1245.88,8.92
6,2,2,2025-08-12,537.95,0.4,605.5,9.11
7,4,2,2025-08-12,925.93,0.21,778.19,8.71
8,5,2,2025-08-12,1576.74,0.2,1038.6,8.24
1,1,3,2025-08-12,305.47,3.67,345.2,143.77
2,4,3,2025-08-12,1003.23,4.42,844.38,168.76
3,1,3,2025-08-12,465.85,6.47,536.82,160.21
4,5,3,2025-08-12,2180.53,5.6,1420.51,168.65
5,1,3,2025-08-12,951.88,13.11,1092.29,161.72
6,4,3,2025-08-12,297.43,1.28,259.79,166.57
7,2,3,2025-08-12,1062.43,12.69,1203.87,147.24
8,3,3,2025-08-12,1836.77,19.74,1910.94,140.29
1,2,4,2025-08-12,696.45,4.01,772.9,73.29
2,2,4,2025-08-12,1062.47,5.66,1174.43,66.67
3,1,4,2025-08-12,891.09,4.98,1030.64,63.12
4,5,4,2025-08-12,1909.45,2.19,1269.73,73.38
5,4,4,2025-08-12,1295.42,1.99,1110.0,61.63
6,1,4,2025-08-12,742.33,4.27,857.1,71.16
7,4,4,2025-08-12,625.52,1.07,524.45,71.08
8,5,4,2025-08-12,1372.65,1.4,882.98,68.49
1,2,5,2025-08-12,619.28,18.13,700.49,380.85
2,2,5,2025-08-12,654.23,18.42,732.25,366.73
3,5,5,2025-08-12,1206.45,6.12,762.71,338.01
4,5,5,2025-08-12,1722.3,9.57,1148.61,363.4
5,2,5,2025-08-12,1013.95,29.41,1146.04,350.03
6,2,5,2025-08-12,643.35,20.3,707.46,390.93
7,2,5,2025-08-12,867.32,23.56,958.8,346.58
8,3,5,2025-08-12,1306.23,35.39,1382.29,362.82
1,1,1,2025-08-13,481.42,3.27,566.71,78.82
2,3,1,2025-08-13,698.81,4.84,754.29,94.0
3,2,1,2025-08-13,888.58,6.06,975.11,85.44
4,5,1,2025-08-13,1924.59,2.54,1274.0,91.31
5,2,1,2025-08-13,902.88,5.93,1003.99,86.04
6,1,1,2025-08-13,460.58,3.46,517.75,88.89
7,1,1,2025-08-13,747.77,5.53,870.56,85.96
8,3,1,2025-08-13,1503.28,9.07,1539.94,78.23
1,4,2,2025-08-13,566.53,0.15,474.82,10.89
2,3,2,2025-08-13,969.52,0.8,1034.17,11.13
3,5,2,2025-08-13,605.92,0.09,403.75,9.94
4,3,2,2025-08-13,2041.69,1.66,2178.37,11.22
5,2,2,2025-08-13,1137.36,1.0,1272.43,10.69
6,4,2,2025-08-13,515.72,0.13,435.47,9.95
7,4,2,2025-08-13,937.81,0.23,798.75,9.93
8,5,2,2025-08-13,1648.29,0.24,1101.64,10.3
1,1,3,2025-08-13,307.38,3.01,358.93,118.91
2,4,3,2025-08-13,1060.02,3.35,889.44,122.38
3,5,3,2025-08-13,446.18,0.83,285.21,119.31
4,5,3,2025-08-13,2109.4,3.78,1380.66,117.72
5,4,3,2025-08-13,940.96,2.83,804.33,125.15
6,1,3,2025-08-13,310.82,3.24,363.21,124.8
7,2,3,2025-08-13,1020.91,9.63,1112.11,123.67
8,5,3,2025-08-13,1780.78,3.28,1124.67,126.54
1,4,4,2025-08-13,712.36,0.89,592.01,48.9
2,2,4,2025-08-13,1035.16,3.7,1135.44,45.77
3,2,4,2025-08-13,933.31,4.21,1048.62,54.65
4,3,4,2025-08-13,2022.36,8.1,2071.81,53.39
5,4,4,2025-08-13,1320.02,1.81,1101.93,52.65
6,4,4,2025-08-13,736.52,1.01,631.39,52.49
7,4,4,2025-08-13,644.52,0.87,552.51,54.31
8,3,4,2025-08-13,1385.83,5.34,1459.48,50.96
1,2,5,2025-08-13,617.57,19.44,675.45,400.17
2,4,5,2025-08-13,655.51,6.63,576.76,405.81
3,5,5,2025-08-13,1160.1,6.92,761.02,393.1
4,3,5,2025-08-13,1670.36,48.61,1791.86,400.69
5,2,5,2025-08-13,998.49,31.95,1083.98,397.08
6,4,5,2025-08-13,640.17,5.59,547.35,362.84
7,1,5,2025-08-13,847.53,25.15,953.47,366.66
8,5,5,2025-08-13,1282.23,7.75,828.88,411.51
1,2,1,2025-08-14,450.43,2.66,483.4,73.17
2,3,1,2025-08-14,696.44,4.17,741.84,80.9
3,2,1,2025-08-14,926.68,6.13,1030.45,82.92
4,5,1,2025-08-14,1819.66,2.12,1196.94,80.5
5,2,1,2025-08-14,934.46,6.02,1028.21,81.94
6,1,1,2025-08-14,487.37,3.42,571.06,85.21
7,1,1,2025-08-14,770.08,5.41,869.38,79.67
8,3,1,2025-08-14,1493.12,8.28,1601.85,76.66
1,4,2,2025-08-14,546.07,0.16,455.72,11.39
2,4,2,2025-08-14,994.59,0.31,840.96,11.88
3,5,2,2025-08-14,608.21,0.12,390.12,12.96
4,5,2,2025-08-14,2013.3,0.36,1310.28,12.26
5,1,2,2025-08-14,1179.69,1.29,1360.93,13.42
6,2,2,2025-08-14,552.2,0.5,623.39,11.26
7,2,2,2025-08-14,932.53,1.0,1053.13,12.97
8,3,2,2025-08-14,1690.78,1.46,1723.45,11.98
1,4,3,2025-08-14,285.32,0.98,244.4,132.07
2,4,3,2025-08-14,1083.99,3.96,948.37,146.3
3,2,3,2025-08-14,449.98,4.7,497.39,134.36
4,5,3,2025-08-14,2172.92,5.24,1396.01,156.38
5,2,3,2025-08-14,925.51,10.05,1016.17,138.46
6,2,3,2025-08-14,307.31,3.44,348.85,144.01
7,4,3,2025-08-14,1091.39,3.83,952.81,136.37
8,5,3,2025-08-14,1875.58,3.71,1251.05,137.03
1,2,4,2025-08-14,684.04,4.53,755.61,84.56
2,4,4,2025-08-14,1049.87,2.21,883.6,85.81
3,1,4,2025-08-14,865.38,6.2,1004.19,85.83
4,5,4,2025-08-14,1944.78,2.62,1263.02,94.11
5,4,4,2025-08-14,1308.28,2.62,1103.05,83.58
6,4,4,2025-08-14,719.05,1.6,607.38,84.87
7,4,4,2025-08-14,652.12,1.5,542.23,93.93
8,3,4,2025-08-14,1341.78,9.07,1387.05,85.98
1,2,5,2025-08-14,611.62,18.52,677.99,373.12
2,4,5,2025-08-14,646.78,5.8,558.63,350.17
3,2,5,2025-08-14,1196.36,37.34,1300.09,391.95
4,5,5,2025-08-14,1778.06,9.54,1164.84,347.58
5,2,5,2025-08-14,1004.27,29.92,1096.69,360.07
6,2,5,2025-08-14,618.69,17.94,673.75,363.16
7,4,5,2025-08-14,820.91,6.96,701.12,338.65
8,5,5,2025-08-14,1233.65,6.98,821.47,394.16
1,4,1,2025-08-15,450.33,0.94,383.89,83.3
2,3,1,2025-08-15,710.88,4.56,762.88,84.03
3,1,1,2025-08-15,866.41,5.75,1005.63,77.34
4,3,1,2025-08-15,1927.36,10.94,1998.61,79.59
5,4,1,2025-08-15,865.2,1.66,730.05,78.05
6,1,1,2025-08-15,461.66,3.3,524.8,83.61
7,1,1,2025-08-15,734.28,4.84,864.09,76.32
8,3,1,2025-08-15,1519.7,8.58,1638.39,77.36
1,1,2,2025-08-15,554.84,0.47,626.78,10.07
2,2,2,2025-08-15,1016.92,0.79,1106.21,9.31
3,5,2,2025-08-15,630.57,0.08,417.56,8.64
4,3,2,2025-08-15,2097.2,1.38,2136.1,8.84
5,2,2,2025-08-15,1156.92,0.92,1270.48,10.07
6,4,2,2025-08-15,559.42,0.13,474.9,8.89
7,1,2,2025-08-15,946.68,0.82,1094.56,10.4
8,5,2,2025-08-15,1642.68,0.25,1082.2,9.72
1,2,3,2025-08-15,310.37,3.99,346.4,159.59
2,3,3,2025-08-15,1050.34,12.15,1072.03,156.79
3,1,3,2025-08-15,458.38,6.37,534.14,155.7
4,5,3,2025-08-15,2244.94,5.39,1469.82,165.72
5,4,3,2025-08-15,996.51,4.07,827.11,171.33
6,2,3,2025-08-15,303.36,4.19,328.46,169.29
7,2,3,2025-08-15,1013.01,13.01,1108.46,163.0
8,3,3,2025-08-15,1769.86,19.85,1843.31,156.09
1,2,4,2025-08-15,692.72,2.72,766.39,49.98
2,4,4,2025-08-15,1096.79,1.34,940.37,49.82
3,5,4,2025-08-15,863.15,0.72,573.08,54.22
4,5,4,2025-08-15,1983.27,1.67,1274.31,55.26
5,2,4,2025-08-15,1277.81,4.81,1410.4,48.54
6,1,4,2025-08-15,710.25,3.14,823.63,52.84
7,1,4,2025-08-15,645.93,2.64,737.63,47.55
8,5,4,2025-08-15,1382.5,1.13,915.0,55.18
1,1,5,2025-08-15,614.34,15.77,722.14,311.83
2,4,5,2025-08-15,624.44,4.72,531.65,310.1
3,1,5,2025-08-15,1187.71,31.09,1371.13,297.1
4,5,5,2025-08-15,1653.15,8.23,1093.97,321.59
5,1,5,2025-08-15,1027.82,30.49,1172.64,346.41
6,1,5,2025-08-15,618.33,15.78,731.44,315.9
7,4,5,2025-08-15,823.84,6.2,697.17,287.72
8,3,5,2025-08-15,1191.67,29.21,1254.6,320.96
1,2,1,2025-08-16,483.08,1.29,529.3,32.13
2,2,1,2025-08-16,698.32,1.64,764.5,29.88
3,2,1,2025-08-16,897.73,2.23,991.63,29.74
4,5,1,2025-08-16,1902.66,0.94,1224.09,31.96
5,1,1,2025-08-16,927.98,2.38,1076.42,29.42
6,2,1,2025-08-16,469.13,1.16,501.27,31.5
7,1,1,2025-08-16,725.91,2.01,836.84,31.68
8,3,1,2025-08-16,1381.24,3.13,1435.41,30.77
1,2,2,2025-08-16,521.17,0.12,582.13,2.94
2,3,2,2025-08-16,992.67,0.2,1029.08,2.76
3,1,2,2025-08-16,590.02,0.14,690.33,2.91
4,5,2,2025-08-16,2066.37,0.09,1345.01,2.8
5,1,2,2025-08-16,1141.73,0.29,1300.68,3.15
6,2,2,2025-08-16,547.0,0.14,607.08,3.32
7,1,2,2025-08-16,969.44,0.25,1084.46,3.0
8,3,2,2025-08-16,1711.33,0.38,1746.67,2.92
1,4,3,2025-08-16,301.61,0.45,249.49,58.85
2,4,3,2025-08-16,1062.91,1.55,893.64,57.58
3,2,3,2025-08-16,455.57,2.27,509.0,61.32
4,3,3,2025-08-16,2292.47,10.47,2365.97,59.96
5,1,3,2025-08-16,940.83,5.25,1070.01,63.29
6,2,3,2025-08-16,308.14,1.63,330.3,68.73
7,4,3,2025-08-16,1020.7,1.61,882.3,61.54
8,3,3,2025-08-16,1756.91,8.93,1857.87,65.31
1,4,4,2025-08-16,713.3,0.44,589.59,24.47
2,2,4,2025-08-16,1074.11,1.87,1210.64,22.39
3,5,4,2025-08-16,904.39,0.32,602.18,22.45
4,5,4,2025-08-16,1949.18,0.63,1252.01,21.95
5,4,4,2025-08-16,1309.8,0.71,1117.82,21.68
6,4,4,2025-08-16,752.06,0.42,620.78,22.16
7,4,4,2025-08-16,650.07,0.35,549.63,21.71
8,3,4,2025-08-16,1312.59,2.17,1382.2,21.25
1,2,5,2025-08-16,626.37,7.14,684.97,141.83
2,2,5,2025-08-16,642.27,7.08,703.07,132.14
3,1,5,2025-08-16,1135.01,12.07,1294.99,129.57
4,5,5,2025-08-16,1633.36,3.35,1059.46,135.31
5,1,5,2025-08-16,1078.38,12.0,1270.45,127.66
6,2,5,2025-08-16,646.53,7.6,731.67,144.91
7,2,5,2025-08-16,831.31,7.9,919.33,124.24
8,5,5,2025-08-16,1202.47,2.71,763.22,147.98
1,2,1,2025-08-18,482.88,2.56,544.47,66.71
2,2,1,2025-08-18,711.55,4.31,799.29,79.04
3,2,1,2025-08-18,895.3,5.52,1006.28,78.36
4,5,1,2025-08-18,1899.22,2.0,1218.91,70.71
5,2,1,2025-08-18,916.4,5.39,1014.87,72.6
6,2,1,2025-08-18,481.21,2.81,522.37,69.49
7,4,1,2025-08-18,762.99,1.46,662.19,73.67
8,5,1,2025-08-18,1458.37,1.51,967.05,69.03
1,1,2,2025-08-18,514.13,0.44,580.45,10.02
2,2,2,2025-08-18,989.23,0.94,1076.03,11.61
3,1,2,2025-08-18,639.64,0.57,749.03,11.05
4,5,2,2025-08-18,2082.78,0.31,1381.88,9.88
5,2,2,2025-08-18,1092.89,0.89,1179.95,9.98
6,1,2,2025-08-18,528.25,0.46,592.53,10.31
7,1,2,2025-08-18,916.12,0.93,1074.61,11.64
8,3,2,2025-08-18,1655.5,1.5,1723.8,11.63
1,1,3,2025-08-18,310.27,3.63,367.73,139.55
2,4,3,2025-08-18,1035.51,3.3,855.12,127.61
3,2,3,2025-08-18,468.12,4.93,528.99,137.57
4,3,3,2025-08-18,2243.37,22.78,2307.58,135.79
5,1,3,2025-08-18,922.02,9.93,1071.79,124.62
6,1,3,2025-08-18,299.66,3.9,341.17,149.47
7,2,3,2025-08-18,1046.84,11.11,1179.2,136.14
8,3,3,2025-08-18,1790.79,19.86,1858.27,148.91
1,4,4,2025-08-18,708.17,0.9,588.75,50.87
2,4,4,2025-08-18,1086.17,1.46,920.7,53.47
3,5,4,2025-08-18,896.2,0.67,599.45,48.71
4,5,4,2025-08-18,1904.85,1.53,1216.26,51.92
5,2,4,2025-08-18,1280.06,5.41,1439.63,54.71
6,4,4,2025-08-18,738.02,0.92,635.6,49.82
7,4,4,2025-08-18,680.16,0.79,569.13,45.77
8,5,4,2025-08-18,1403.67,1.07,895.54,52.29
1,1,5,2025-08-18,593.69,18.88,698.56,366.36
2,2,5,2025-08-18,648.94,20.64,709.76,403.88
3,1,5,2025-08-18,1156.28,37.99,1302.63,398.9
4,5,5,2025-08-18,1750.23,11.16,1112.46,409.25
5,1,5,2025-08-18,1008.57,33.44,1130.37,388.5
6,1,5,2025-08-18,615.25,21.65,728.2,399.19
7,1,5,2025-08-18,850.06,31.28,989.4,422.87
8,5,5,2025-08-18,1306.88,7.0,865.69,362.28
1,4,1,2025-08-19,488.52,1.1,405.83,89.67
2,3,1,2025-08-19,701.72,5.13,741.28,94.02
3,1,1,2025-08-19,856.93,6.25,986.51,86.38
4,3,1,2025-08-19,1801.1,11.16,1880.35,86.43
5,1,1,2025-08-19,891.94,7.13,1004.94,97.21
6,2,1,2025-08-19,472.45,3.3,533.92,90.41
7,2,1,2025-08-19,720.36,5.66,776.59,93.54
8,5,1,2025-08-19,1516.94,1.91,971.39,81.45
1,1,2,2025-08-19,564.6,0.38,641.17,8.33
2,2,2,2025-08-19,962.66,0.7,1064.23,8.96
3,5,2,2025-08-19,590.1,0.07,384.15,8.34
4,3,2,2025-08-19,2063.19,1.44,2125.36,9.2
5,2,2,2025-08-19,1153.56,0.81,1305.61,8.85
6,1,2,2025-08-19,535.61,0.37,631.94,8.27
7,4,2,2025-08-19,991.12,0.2,865.46,8.3
8,5,2,2025-08-19,1730.13,0.22,1121.49,8.2
1,2,3,2025-08-19,307.63,3.49,330.01,146.26
2,2,3,2025-08-19,1000.25,10.85,1117.51,131.1
3,2,3,2025-08-19,435.47,5.3,484.52,152.53
4,5,3,2025-08-19,2198.34,4.68,1442.94,144.39
5,4,3,2025-08-19,952.23,3.46,794.59,144.99
6,1,3,2025-08-19,290.05,3.23,331.78,136.18
7,1,3,2025-08-19,1013.53,12.73,1141.83,152.2
8,5,3,2025-08-19,1830.71,3.8,1173.33,134.63
1,1,4,2025-08-19,705.36,4.82,814.58,79.01
2,3,4,2025-08-19,1048.88,6.34,1111.46,82.26
3,5,4,2025-08-19,903.33,1.08,579.48,80.79
4,3,4,2025-08-19,1863.7,11.73,1966.39,81.2
5,4,4,2025-08-19,1362.7,2.66,1152.75,80.27
6,4,4,2025-08-19,744.18,1.39,627.79,72.46
7,4,4,2025-08-19,659.72,1.27,575.47,78.67
8,3,4,2025-08-19,1355.35,7.18,1444.51,74.27
1,4,5,2025-08-19,617.82,5.03,535.07,323.36
2,2,5,2025-08-19,646.35,17.36,696.53,331.45
3,1,5,2025-08-19,1180.58,40.14,1321.69,391.86
4,3,5,2025-08-19,1650.61,41.77,1754.49,328.97
5,4,5,2025-08-19,1041.66,8.02,877.99,322.43
6,1,5,2025-08-19,594.62,17.91,705.59,365.23
7,1,5,2025-08-19,835.28,23.83,945.13,321.63
8,3,5,2025-08-19,1288.68,34.31,1332.76,348.47
1,2,1,2025-08-20,481.43,2.84,541.15,74.62
2,2,1,2025-08-20,700.64,4.32,790.28,78.63
3,1,1,2025-08-20,872.13,5.37,1015.33,72.64
4,3,1,2025-08-20,1868.88,11.27,2012.76,81.9
5,2,1,2025-08-20,859.16,5.89,953.78,84.8
6,2,1,2025-08-20,447.86,2.75,479.0,73.7
7,2,1,2025-08-20,743.48,4.88,825.47,79.62
8,3,1,2025-08-20,1493.87,9.79,1557.12,88.6
1,2,2,2025-08-20,556.19,0.48,597.59,11.2
2,4,2,2025-08-20,1023.63,0.27,892.54,10.99
3,5,2,2025-08-20,637.57,0.12,403.41,11.52
4,5,2,2025-08-20,2014.44,0.34,1315.83,11.63
5,1,2,2025-08-20,1134.63,1.12,1272.17,11.68
6,2,2,2025-08-20,544.32,0.48,593.03,11.5
7,1,2,2025-08-20,914.71,0.93,1079.2,11.8
8,5,2,2025-08-20,1682.03,0.3,1086.42,12.23
1,1,3,2025-08-20,294.48,4.3,343.17,164.87
2,4,3,2025-08-20,1059.95,4.54,914.72,173.16
3,1,3,2025-08-20,431.94,6.55,512.59,181.69
4,3,3,2025-08-20,2104.67,23.86,2165.97,154.84
5,4,3,2025-08-20,979.07,3.86,823.75,159.8
6,2,3,2025-08-20,298.19,3.69,323.82,151.91
7,1,3,2025-08-20,1094.42,15.88,1276.75,165.05
8,3,3,2025-08-20,1813.21,24.93,1894.5,180.07
1,2,4,2025-08-20,706.34,3.7,779.68,64.46
2,3,4,2025-08-20,1075.23,4.2,1156.14,53.34
3,5,4,2025-08-20,943.24,0.77,627.53,54.35
4,3,4,2025-08-20,1942.49,8.18,2086.32,57.86
5,1,4,2025-08-20,1248.46,5.65,1412.4,54.77
6,1,4,2025-08-20,731.86,3.82,821.52,59.46
7,1,4,2025-08-20,619.42,2.9,716.73,56.17
8,5,4,2025-08-20,1411.43,1.17,893.75,58.28
1,1,5,2025-08-20,630.27,21.23,747.35,380.0
2,3,5,2025-08-20,673.13,19.35,719.47,374.96
3,2,5,2025-08-20,1156.09,37.11,1243.43,387.61
4,5,5,2025-08-20,1762.91,9.07,1125.34,334.11
5,4,5,2025-08-20,1071.77,10.51,900.52,379.31
6,2,5,2025-08-20,608.66,16.39,670.7,340.21
7,2,5,2025-08-20,884.81,24.33,1003.74,357.0
8,3,5,2025-08-20,1268.03,37.82,1305.32,383.01
1,1,1,2025-08-21,483.94,3.45,554.2,83.66
2,2,1,2025-08-21,721.33,5.4,787.22,92.61
3,5,1,2025-08-21,918.15,1.17,612.35,86.9
4,5,1,2025-08-21,1829.82,2.24,1189.52,78.97
5,2,1,2025-08-21,878.14,5.84,943.54,79.68
6,2,1,2025-08-21,481.85,3.22,515.3,81.07
7,1,1,2025-08-21,770.93,5.61,866.11,87.45
8,3,1,2025-08-21,1446.49,10.29,1559.08,93.46
1,4,2,2025-08-21,549.41,0.13,475.19,9.25
2,4,2,2025-08-21,941.31,0.23,802.27,9.33
3,5,2,2025-08-21,591.82,0.08,392.48,8.97
4,5,2,2025-08-21,2040.34,0.26,1350.2,8.78
5,4,2,2025-08-21,1118.65,0.22,960.83,8.12
6,4,2,2025-08-21,559.37,0.12,470.01,8.6
7,2,2,2025-08-21,925.34,0.62,1047.64,8.58
8,5,2,2025-08-21,1608.52,0.23,1020.11,9.47
1,2,3,2025-08-21,300.06,4.0,329.11,161.19
2,2,3,2025-08-21,1005.53,14.45,1127.77,176.06
3,2,3,2025-08-21,429.7,6.44,466.53,181.86
4,3,3,2025-08-21,2108.17,27.57,2231.45,174.04
5,4,3,2025-08-21,956.87,3.98,826.27,164.09
6,2,3,2025-08-21,290.07,3.56,323.75,149.95
7,2,3,2025-08-21,1000.91,13.42,1079.82,160.85
8,3,3,2025-08-21,1805.51,21.45,1885.84,164.06
1,1,4,2025-08-21,712.56,3.38,825.29,53.83
2,2,4,2025-08-21,1027.74,4.7,1103.33,56.35
3,2,4,2025-08-21,932.57,3.94,1040.17,51.88
4,5,4,2025-08-21,1887.11,1.64,1255.86,57.06
5,1,4,2025-08-21,1301.37,6.52,1511.29,57.57
6,2,4,2025-08-21,720.17,3.18,776.13,53.78
7,4,4,2025-08-21,670.91,0.96,574.24,56.75
8,3,4,2025-08-21,1387.6,6.22,1497.44,61.56
1,1,5,2025-08-21,609.42,13.89,683.14,278.22
2,4,5,2025-08-21,663.55,4.52,581.17,263.05
3,2,5,2025-08-21,1106.68,23.0,1192.11,260.86
4,5,5,2025-08-21,1630.63,6.31,1071.24,266.68
5,2,5,2025-08-21,1017.31,21.67,1103.92,262.35
6,2,5,2025-08-21,642.5,13.8,717.13,261.14
7,2,5,2025-08-21,868.91,17.07,931.81,251.76
8,3,5,2025-08-21,1299.55,25.56,1367.86,265.66
1,1,1,2025-08-22,475.53,3.59,533.18,92.02
2,4,1,2025-08-22,707.71,1.64,614.82,91.12
3,2,1,2025-08-22,875.36,6.86,987.5,96.58
4,5,1,2025-08-22,1823.9,2.68,1185.52,96.19
5,4,1,2025-08-22,927.07,2.11,779.07,93.63
6,1,1,2025-08-22,469.46,3.51,529.56,89.21
7,4,1,2025-08-22,766.62,1.66,663.44,82.72
8,3,1,2025-08-22,1396.01,8.52,1431.77,83.6
1,4,2,2025-08-22,560.96,0.17,464.05,11.83
2,2,2,2025-08-22,977.59,0.99,1086.87,12.13
3,1,2,2025-08-22,642.84,0.7,759.59,12.69
4,5,2,2025-08-22,2093.35,0.42,1331.32,13.91
5,4,2,2025-08-22,1107.0,0.33,914.7,12.23
6,2,2,2025-08-22,555.41,0.57,618.57,13.0
7,2,2,2025-08-22,908.13,1.02,1003.62,13.63
8,3,2,2025-08-22,1663.99,1.68,1696.16,13.8
1,4,3,2025-08-22,314.25,1.32,268.78,169.47
2,3,3,2025-08-22,1062.39,12.89,1091.03,154.81
3,5,3,2025-08-22,452.43,1.07,295.29,155.37
4,3,3,2025-08-22,2188.2,27.11,2240.54,163.13
5,2,3,2025-08-22,982.53,12.91,1085.44,160.76
6,1,3,2025-08-22,301.21,4.08,358.41,157.27
7,2,3,2025-08-22,1090.73,15.56,1172.61,177.58
8,3,3,2025-08-22,1790.17,23.42,1869.63,173.13
1,2,4,2025-08-22,744.65,2.8,837.18,49.29
2,2,4,2025-08-22,999.13,4.62,1087.9,55.44
3,5,4,2025-08-22,901.69,0.77,588.25,54.83
4,3,4,2025-08-22,1982.59,7.66,2089.18,54.06
5,1,4,2025-08-22,1308.4,5.98,1489.23,53.72
6,1,4,2025-08-22,736.5,3.23,852.25,51.56
7,4,4,2025-08-22,667.14,0.93,575.56,55.93
8,3,4,2025-08-22,1345.21,5.63,1395.63,56.24
1,2,5,2025-08-22,643.82,18.19,722.6,362.78
2,3,5,2025-08-22,667.67,16.57,720.95,333.69
3,1,5,2025-08-22,1166.63,34.65,1367.3,352.91
4,3,5,2025-08-22,1630.4,44.47,1737.89,346.8
5,4,5,2025-08-22,1007.3,8.29,850.09,314.75
6,4,5,2025-08-22,602.65,5.24,522.04,348.29
7,1,5,2025-08-22,829.23,21.93,964.4,311.52
8,5,5,2025-08-22,1188.55,6.63,780.88,372.42
1,1,1,2025-08-23,447.79,1.08,504.08,28.22
2,2,1,2025-08-23,748.52,1.83,824.55,29.38
3,1,1,2025-08-23,897.91,2.46,1053.32,32.57
4,5,1,2025-08-23,1937.65,0.84,1264.1,29.45
5,2,1,2025-08-23,876.95,2.15,954.62,29.83
6,2,1,2025-08-23,490.92,1.3,543.81,32.74
7,2,1,2025-08-23,766.24,1.83,865.45,28.96
8,3,1,2025-08-23,1396.26,3.58,1502.17,32.62
1,4,2,2025-08-23,552.33,0.06,478.32,4.15
2,4,2,2025-08-23,933.22,0.09,802.87,3.83
3,1,2,2025-08-23,646.06,0.23,754.32,4.08
4,5,2,2025-08-23,2058.12,0.14,1318.78,4.29
5,2,2,2025-08-23,1142.58,0.4,1294.36,4.42
6,4,2,2025-08-23,551.84,0.06,467.61,4.28
7,2,2,2025-08-23,997.13,0.29,1067.63,3.67
8,5,2,2025-08-23,1716.69,0.12,1144.21,4.43
1,4,3,2025-08-23,294.77,0.45,243.64,58.81
2,2,3,2025-08-23,1002.59,5.02,1123.32,61.7
3,5,3,2025-08-23,460.63,0.4,308.43,61.11
4,3,3,2025-08-23,2139.3,9.12,2220.3,56.13
5,1,3,2025-08-23,935.67,4.6,1085.15,60.52
6,1,3,2025-08-23,302.13,1.66,343.44,63.04
7,2,3,2025-08-23,1035.23,4.66,1108.57,59.22
8,3,3,2025-08-23,1870.1,7.35,1953.81,53.54
1,2,4,2025-08-23,702.14,1.36,759.22,24.06
2,4,4,2025-08-23,1099.12,0.7,926.68,25.74
3,1,4,2025-08-23,880.38,1.97,991.0,26.16
4,5,4,2025-08-23,1929.78,0.65,1221.41,22.47
5,1,4,2025-08-23,1303.94,2.82,1521.29,25.19
6,1,4,2025-08-23,755.12,1.46,848.16,22.36
7,2,4,2025-08-23,640.44,1.27,707.17,25.12
8,3,4,2025-08-23,1332.2,2.23,1377.24,23.42
1,2,5,2025-08-23,647.29,5.88,728.22,109.77
2,3,5,2025-08-23,634.19,5.52,666.28,114.05
3,2,5,2025-08-23,1191.03,11.77,1341.22,121.58
4,3,5,2025-08-23,1721.39,15.48,1838.66,115.36
5,1,5,2025-08-23,1071.06,9.31,1230.87,102.71
6,1,5,2025-08-23,611.46,6.06,705.05,121.42
7,2,5,2025-08-23,831.14,7.36,929.84,113.2
8,3,5,2025-08-23,1218.91,10.2,1284.17,106.86
1,1,1,2025-08-25,470.4,3.49,553.55,84.1
2,2,1,2025-08-25,746.2,4.78,833.84,81.87
3,5,1,2025-08-25,880.11,1.07,583.44,79.64
4,3,1,2025-08-25,1902.01,11.52,2055.34,79.07
5,1,1,2025-08-25,919.58,6.14,1088.37,76.02
6,4,1,2025-08-25,493.15,0.84,423.8,72.09
7,2,1,2025-08-25,737.98,4.98,832.06,83.91
8,3,1,2025-08-25,1505.39,9.21,1605.11,84.46
1,4,2,2025-08-25,553.04,0.14,456.58,10.14
2,3,2,2025-08-25,1004.69,0.73,1066.01,9.52
3,2,2,2025-08-25,614.92,0.45,693.77,9.09
4,5,2,2025-08-25,2056.38,0.28,1308.47,9.22
5,1,2,2025-08-25,1157.23,1.0,1324.82,10.24
6,4,2,2025-08-25,543.87,0.12,461.19,9.19
7,2,2,2025-08-25,968.45,0.69,1072.47,9.37
8,3,2,2025-08-25,1666.73,1.25,1785.73,10.32
1,1,3,2025-08-25,295.28,3.29,333.21,129.74
2,3,3,2025-08-25,1088.29,10.7,1110.71,125.68
3,2,3,2025-08-25,446.42,4.73,481.22,134.76
4,5,3,2025-08-25,2276.06,4.36,1506.52,124.17
5,4,3,2025-08-25,958.67,3.27,815.17,130.07
6,4,3,2025-08-25,294.09,0.88,257.95,120.18
7,1,3,2025-08-25,1026.03,10.6,1206.03,122.14
8,3,3,2025-08-25,1734.26,16.64,1769.53,122.38
1,1,4,2025-08-25,709.92,4.81,806.71,81.72
2,4,4,2025-08-25,1084.73,2.1,924.75,76.61
3,2,4,2025-08-25,928.1,5.09,1029.64,69.3
4,5,4,2025-08-25,1902.88,2.41,1241.04,80.88
5,2,4,2025-08-25,1278.76,7.53,1405.19,72.36
6,4,4,2025-08-25,713.52,1.24,598.74,70.94
7,1,4,2025-08-25,617.71,4.17,732.66,80.85
8,5,4,2025-08-25,1411.02,1.7,898.95,78.99
1,4,5,2025-08-25,618.15,5.81,537.08,368.45
2,3,5,2025-08-25,642.79,17.07,680.76,353.72
3,1,5,2025-08-25,1201.38,39.69,1414.43,370.45
4,3,5,2025-08-25,1740.01,48.84,1820.13,377.03
5,1,5,2025-08-25,1040.52,32.26,1167.14,360.81
6,4,5,2025-08-25,600.62,5.56,507.47,363.81
7,4,5,2025-08-25,822.16,8.22,715.64,396.04
8,5,5,2025-08-25,1212.07,6.19,789.13,356.17
1,2,1,2025-08-26,484.19,3.33,533.45,88.44
2,3,1,2025-08-26,733.01,4.58,752.31,85.28
3,2,1,2025-08-26,905.78,5.7,978.89,81.84
4,5,1,2025-08-26,1865.16,2.34,1210.71,81.07
5,1,1,2025-08-26,885.88,6.02,1012.93,83.84
6,1,1,2025-08-26,462.89,3.62,532.8,91.68
7,4,1,2025-08-26,723.14,1.5,597.64,81.64
8,3,1,2025-08-26,1406.02,10.18,1506.05,94.21
1,4,2,2025-08-26,513.99,0.13,431.71,9.53
2,2,2,2025-08-26,1012.46,0.84,1092.14,9.99
3,2,2,2025-08-26,627.66,0.44,698.68,9.31
4,5,2,2025-08-26,2133.56,0.32,1403.04,10.35
5,4,2,2025-08-26,1189.91,0.29,996.17,9.96
6,1,2,2025-08-26,542.29,0.49,638.94,10.23
7,2,2,2025-08-26,943.79,0.73,1068.01,9.84
8,3,2,2025-08-26,1572.04,1.09,1681.8,9.49
1,4,3,2025-08-26,314.44,1.45,266.87,182.17
2,3,3,2025-08-26,1068.9,13.35,1104.95,170.68
3,2,3,2025-08-26,464.72,6.05,512.47,167.74
4,5,3,2025-08-26,2285.06,5.6,1463.31,166.82
5,4,3,2025-08-26,948.04,3.8,820.57,159.41
6,1,3,2025-08-26,307.05,4.09,348.07,149.57
7,2,3,2025-08-26,1047.36,13.26,1188.09,153.77
8,3,3,2025-08-26,1856.52,22.31,2003.51,162.54
1,2,4,2025-08-26,709.38,4.16,786.11,73.78
2,3,4,2025-08-26,1088.0,6.53,1162.01,81.65
3,5,4,2025-08-26,877.15,1.02,572.62,78.66
4,5,4,2025-08-26,2001.15,2.46,1319.48,79.0
5,4,4,2025-08-26,1303.44,2.85,1080.61,84.46
6,1,4,2025-08-26,745.56,5.46,858.76,86.61
7,2,4,2025-08-26,634.21,4.2,703.44,83.77
8,3,4,2025-08-26,1322.27,7.92,1418.92,78.3
1,1,5,2025-08-26,626.0,20.69,719.18,371.77
2,2,5,2025-08-26,671.77,18.24,741.97,331.28
3,1,5,2025-08-26,1169.06,29.82,1309.39,315.24
4,3,5,2025-08-26,1734.74,41.88,1831.91,312.31
5,1,5,2025-08-26,1059.99,32.28,1237.23,367.49
6,2,5,2025-08-26,592.49,17.68,653.43,375.91
7,1,5,2025-08-26,832.24,24.71,950.64,339.17
8,3,5,2025-08-26,1260.3,33.18,1339.56,337.4
1,1,1,2025-08-27,487.97,2.69,557.54,64.88
2,3,1,2025-08-27,744.72,3.63,769.43,67.8
3,1,1,2025-08-27,917.5,5.17,1086.76,64.93
4,5,1,2025-08-27,1808.42,1.65,1172.37,58.3
5,2,1,2025-08-27,940.64,5.21,1004.79,65.9
6,1,1,2025-08-27,479.67,2.77,568.15,64.64
7,1,1,2025-08-27,746.49,3.77,875.22,58.87
8,3,1,2025-08-27,1389.6,6.63,1473.81,66.94
1,2,2,2025-08-27,543.55,0.37,608.73,8.84
2,4,2,2025-08-27,991.42,0.22,865.49,8.38
3,5,2,2025-08-27,644.58,0.07,408.4,8.13
4,5,2,2025-08-27,2016.1,0.29,1344.06,9.62
5,1,2,2025-08-27,1112.17,0.91,1315.63,9.27
6,2,2,2025-08-27,526.48,0.36,571.47,9.08
7,2,2,2025-08-27,910.43,0.71,973.39,9.59
8,3,2,2025-08-27,1725.38,1.08,1791.72,8.71
1,1,3,2025-08-27,312.68,4.99,358.08,186.31
2,4,3,2025-08-27,1040.18,4.79,880.7,190.7
3,1,3,2025-08-27,463.45,7.17,548.91,186.13
4,5,3,2025-08-27,2309.27,6.28,1533.43,182.7
5,2,3,2025-08-27,989.21,14.87,1067.32,191.13
6,2,3,2025-08-27,295.5,4.36,323.41,190.95
7,2,3,2025-08-27,1077.0,15.63,1198.22,174.82
8,5,3,2025-08-27,1846.24,5.37,1189.48,188.9
1,2,4,2025-08-27,747.35,3.94,836.52,68.31
2,2,4,2025-08-27,1080.8,5.44,1210.18,62.59
3,2,4,2025-08-27,860.0,4.67,922.68,71.26
4,5,4,2025-08-27,1983.38,2.05,1288.85,69.93
5,4,4,2025-08-27,1257.15,2.06,1091.57,65.09
6,2,4,2025-08-27,747.91,3.8,803.2,62.1
7,2,4,2025-08-27,676.4,3.25,765.86,62.32
8,5,4,2025-08-27,1385.88,1.42,908.22,68.44
1,4,5,2025-08-27,622.41,6.02,518.15,373.98
2,2,5,2025-08-27,632.28,19.1,719.72,371.76
3,1,5,2025-08-27,1139.73,33.5,1353.76,341.77
4,3,5,2025-08-27,1664.86,42.32,1758.19,341.96
5,4,5,2025-08-27,1009.72,8.78,835.4,334.42
6,2,5,2025-08-27,629.89,16.85,677.45,329.29
7,4,5,2025-08-27,814.11,6.92,697.94,342.68
8,3,5,2025-08-27,1271.46,33.21,1361.46,339.87
1,2,1,2025-08-28,465.82,2.87,505.64,80.54
2,3,1,2025-08-28,740.41,4.46,778.01,84.34
3,1,1,2025-08-28,862.23,6.8,1008.04,93.25
4,3,1,2025-08-28,1888.92,11.86,2031.76,88.1
5,2,1,2025-08-28,904.82,5.8,988.3,81.84
6,2,1,2025-08-28,467.03,3.26,514.18,87.97
7,1,1,2025-08-28,745.01,5.63,863.17,87.24
8,3,1,2025-08-28,1493.27,9.4,1549.87,81.8
1,1,2,2025-08-28,526.98,0.32,616.86,7.1
2,2,2,2025-08-28,966.51,0.58,1054.54,7.8
3,2,2,2025-08-28,622.15,0.39,682.96,7.4
4,5,2,2025-08-28,2108.45,0.23,1376.8,7.17
5,1,2,2025-08-28,1171.5,0.72,1372.24,7.16
6,2,2,2025-08-28,550.16,0.37,608.57,8.08
7,4,2,2025-08-28,996.45,0.19,855.75,7.94
8,3,2,2025-08-28,1623.97,0.91,1708.53,7.73
1,2,3,2025-08-28,287.88,3.77,309.63,162.52
2,3,3,2025-08-28,1049.04,15.04,1126.51,185.69
3,5,3,2025-08-28,435.08,1.08,287.5,163.7
4,5,3,2025-08-28,2103.7,6.4,1378.35,194.46
5,4,3,2025-08-28,912.53,3.77,771.33,166.44
6,1,3,2025-08-28,298.07,4.7,342.96,176.88
7,2,3,2025-08-28,1054.38,15.42,1140.35,176.28
8,3,3,2025-08-28,1733.9,23.84,1808.76,174.95
1,2,4,2025-08-28,697.54,3.51,751.8,65.76
2,3,4,2025-08-28,1089.17,5.79,1178.25,68.81
3,1,4,2025-08-28,889.85,5.16,1027.77,67.52
4,5,4,2025-08-28,2012.28,2.37,1336.86,75.36
5,2,4,2025-08-28,1353.48,8.18,1462.85,75.29
6,2,4,2025-08-28,748.23,4.67,830.78,74.41
7,2,4,2025-08-28,642.82,3.68,728.8,71.37
8,3,4,2025-08-28,1397.47,8.03,1444.43,74.41
1,1,5,2025-08-28,635.9,21.16,745.1,409.45
2,3,5,2025-08-28,671.88,21.4,711.38,446.99
3,5,5,2025-08-28,1190.55,8.16,771.08,439.63
4,3,5,2025-08-28,1694.95,53.07,1760.82,439.21
5,4,5,2025-08-28,1100.14,12.65,952.58,440.21
6,1,5,2025-08-28,592.58,20.66,692.96,426.02
7,4,5,2025-08-28,809.51,9.21,686.29,458.5
8,3,5,2025-08-28,1188.05,39.7,1283.76,466.66
1,1,1,2025-08-29,488.66,3.42,577.38,81.28
2,3,1,2025-08-29,749.92,4.77,807.32,84.98
3,5,1,2025-08-29,924.73,1.19,594.66,88.74
4,5,1,2025-08-29,1787.08,2.16,1127.42,82.1
5,1,1,2025-08-29,886.0,5.96,1031.74,83.14
6,4,1,2025-08-29,463.45,0.97,384.1,84.83
7,1,1,2025-08-29,737.21,5.02,864.12,83.65
8,5,1,2025-08-29,1475.01,2.1,971.97,96.45
1,1,2,2025-08-29,524.25,0.47,589.28,10.26
2,4,2,2025-08-29,993.24,0.21,856.92,8.77
3,2,2,2025-08-29,595.31,0.42,667.7,8.65
4,5,2,2025-08-29,2000.45,0.33,1318.69,10.38
5,2,2,2025-08-29,1100.29,0.84,1234.96,9.42
6,1,2,2025-08-29,556.32,0.42,644.67,8.9
7,2,2,2025-08-29,955.87,0.8,1048.29,10.31
8,5,2,2025-08-29,1705.67,0.23,1085.51,8.99
1,2,3,2025-08-29,290.35,3.01,330.1,135.89
2,3,3,2025-08-29,1040.84,10.57,1066.79,141.89
3,2,3,2025-08-29,464.82,5.57,503.93,154.49
4,5,3,2025-08-29,2225.44,4.39,1489.76,133.96
5,1,3,2025-08-29,956.41,12.53,1087.67,155.82
6,1,3,2025-08-29,297.92,3.42,347.92,136.0
7,1,3,2025-08-29,1006.32,12.16,1146.08,138.85
8,5,3,2025-08-29,1777.11,3.89,1146.83,142.16
1,4,4,2025-08-29,726.02,1.5,613.36,79.09
2,2,4,2025-08-29,1080.43,6.49,1185.6,78.18
3,5,4,2025-08-29,907.1,1.08,580.87,77.43
4,3,4,2025-08-29,1877.6,8.83,2010.55,64.91
5,1,4,2025-08-29,1340.68,8.54,1566.64,74.76
6,1,4,2025-08-29,731.62,4.49,833.33,70.37
7,4,4,2025-08-29,664.71,1.23,557.4,74.29
8,3,4,2025-08-29,1387.56,7.35,1494.08,68.33
1,2,5,2025-08-29,615.58,13.77,680.35,293.0
2,2,5,2025-08-29,642.77,16.37,709.57,319.53
3,5,5,2025-08-29,1162.19,5.63,757.58,332.59
4,5,5,2025-08-29,1649.88,8.04,1045.93,335.23
5,4,5,2025-08-29,1078.84,8.69,902.58,334.04
6,1,5,2025-08-29,623.98,14.81,742.22,276.3
7,4,5,2025-08-29,821.93,5.94,708.95,302.81
8,5,5,2025-08-29,1199.91,5.64,763.28,316.74
1,4,1,2025-08-30,470.33,0.36,407.93,29.94
2,3,1,2025-08-30,744.44,1.6,804.71,28.64
3,1,1,2025-08-30,900.49,2.39,1038.69,30.08
4,5,1,2025-08-30,1759.59,0.78,1136.97,28.49
5,4,1,2025-08-30,916.28,0.7,763.16,29.34
6,4,1,2025-08-30,448.71,0.33,374.13,30.53
7,4,1,2025-08-30,732.47,0.54,619.92,28.17
8,3,1,2025-08-30,1475.75,3.18,1529.89,29.77
1,4,2,2025-08-30,546.0,0.05,462.54,3.57
2,2,2,2025-08-30,943.08,0.26,1022.76,3.41
3,5,2,2025-08-30,589.27,0.03,391.9,3.41
4,5,2,2025-08-30,2000.27,0.1,1305.93,3.4
5,2,2,2025-08-30,1195.7,0.32,1308.72,3.4
6,2,2,2025-08-30,542.12,0.16,604.83,3.66
7,1,2,2025-08-30,939.25,0.25,1091.19,3.16
8,3,2,2025-08-30,1637.19,0.42,1698.21,3.32
1,2,3,2025-08-30,312.66,1.5,347.38,59.42
2,3,3,2025-08-30,1020.87,4.03,1076.03,52.65
3,5,3,2025-08-30,437.02,0.4,286.84,58.46
4,5,3,2025-08-30,2245.33,2.08,1427.14,62.15
5,4,3,2025-08-30,985.8,1.44,827.7,58.49
6,1,3,2025-08-30,295.01,1.59,349.21,63.48
7,1,3,2025-08-30,1022.17,5.13,1146.43,60.91
8,3,3,2025-08-30,1885.15,7.58,1960.73,53.76
1,1,4,2025-08-30,703.45,1.59,820.1,27.14
2,2,4,2025-08-30,1018.12,2.1,1097.29,24.57
3,1,4,2025-08-30,920.02,1.92,1065.72,24.18
4,5,4,2025-08-30,1937.27,0.69,1222.65,24.15
5,2,4,2025-08-30,1302.71,2.87,1467.42,27.79
6,1,4,2025-08-30,707.91,1.57,808.85,26.37
7,1,4,2025-08-30,656.49,1.55,746.99,27.69
8,5,4,2025-08-30,1328.8,0.51,872.37,24.64
1,2,5,2025-08-30,598.28,5.31,655.41,107.9
2,2,5,2025-08-30,657.16,5.69,722.52,113.22
3,1,5,2025-08-30,1205.51,11.38,1349.66,109.81
4,3,5,2025-08-30,1631.81,14.63,1686.61,122.52
5,1,5,2025-08-30,1043.52,10.45,1194.81,121.07
6,4,5,2025-08-30,621.59,1.93,538.97,122.51
7,4,5,2025-08-30,864.14,2.43,720.21,113.96
8,5,5,2025-08-30,1240.4,2.06,809.98,111.62
1,2,1,2025-09-01,492.7,2.71,538.6,69.73
2,3,1,2025-09-01,730.18,3.97,753.61,69.6
3,5,1,2025-09-01,938.34,1.16,613.31,79.6
4,5,1,2025-09-01,1784.45,1.91,1170.6,72.35
5,1,1,2025-09-01,859.71,5.28,984.32,69.98
6,2,1,2025-09-01,486.7,2.92,545.87,78.54
7,1,1,2025-09-01,733.86,5.07,863.01,80.78
8,3,1,2025-09-01,1384.31,7.23,1483.42,70.43
1,4,2,2025-09-01,560.14,0.1,488.62,7.03
2,2,2,2025-09-01,934.8,0.52,1051.14,6.72
3,2,2,2025-09-01,597.08,0.37,648.92,7.66
4,3,2,2025-09-01,2112.4,1.06,2175.62,6.59
5,4,2,2025-09-01,1107.51,0.21,941.81,7.55
6,2,2,2025-09-01,550.07,0.33,615.1,7.79
7,1,2,2025-09-01,917.5,0.55,1075.53,7.18
8,5,2,2025-09-01,1661.48,0.17,1051.43,6.74
1,4,3,2025-09-01,305.36,1.06,266.32,132.85
2,3,3,2025-09-01,1007.29,10.32,1067.91,140.03
3,2,3,2025-09-01,429.01,4.11,463.25,122.51
4,5,3,2025-09-01,2308.67,4.95,1484.41,146.51
5,4,3,2025-09-01,963.9,3.41,802.74,142.57
6,2,3,2025-09-01,305.21,3.42,333.7,146.68
7,1,3,2025-09-01,1027.37,12.97,1166.43,145.98
8,3,3,2025-09-01,1889.27,17.35,2008.91,122.31
1,2,4,2025-09-01,697.84,3.97,770.65,68.33
2,4,4,2025-09-01,1049.85,1.66,896.13,62.2
3,2,4,2025-09-01,905.74,4.64,1010.43,67.06
4,5,4,2025-09-01,2024.41,1.87,1318.55,59.69
5,1,4,2025-09-01,1334.15,6.84,1525.7,58.24
6,2,4,2025-09-01,736.45,3.46,816.92,57.86
7,1,4,2025-09-01,656.7,3.64,746.67,63.94
8,5,4,2025-09-01,1313.18,1.39,858.74,67.53
1,2,5,2025-09-01,610.39,18.98,692.72,391.57
2,3,5,2025-09-01,662.56,21.31,681.08,413.29
3,2,5,2025-09-01,1200.96,35.62,1346.11,365.73
4,5,5,2025-09-01,1770.3,10.75,1173.06,393.49
5,4,5,2025-09-01,1019.66,10.2,885.45,416.61
6,2,5,2025-09-01,616.94,21.38,665.88,426.43
7,1,5,2025-09-01,858.2,27.89,1020.43,390.44
8,3,5,2025-09-01,1259.87,35.01,1307.48,375.06
1,1,1,2025-09-02,452.55,2.75,516.57,72.52
2,4,1,2025-09-02,717.83,1.55,624.25,82.68
3,1,1,2025-09-02,880.58,5.68,1022.34,79.82
4,5,1,2025-09-02,1861.79,2.19,1235.96,79.44
5,4,1,2025-09-02,921.9,1.74,777.19,74.12
6,2,1,2025-09-02,462.96,2.59,518.33,72.37
7,2,1,2025-09-02,727.84,4.16,819.2,74.7
8,3,1,2025-09-02,1452.05,7.99,1499.41,70.85
1,4,2,2025-09-02,525.92,0.17,440.12,12.49
2,3,2,2025-09-02,983.91,1.05,1055.37,13.67
3,5,2,2025-09-02,590.27,0.12,389.01,12.87
4,3,2,2025-09-02,1979.49,1.82,2115.27,12.07
5,1,2,2025-09-02,1137.75,1.23,1321.13,13.29
6,1,2,2025-09-02,530.24,0.56,611.89,12.32
7,4,2,2025-09-02,923.15,0.31,763.68,12.85
8,3,2,2025-09-02,1628.54,1.36,1696.85,11.72
1,4,3,2025-09-02,306.65,1.12,259.96,139.89
2,2,3,2025-09-02,1016.98,11.33,1134.52,133.53
3,1,3,2025-09-02,433.35,4.68,513.66,131.62
4,5,3,2025-09-02,2223.4,4.23,1406.05,123.94
5,4,3,2025-09-02,961.54,3.58,805.77,144.05
6,4,3,2025-09-02,312.74,1.08,261.52,136.09
7,4,3,2025-09-02,1017.54,3.5,883.39,138.55
8,5,3,2025-09-02,1811.83,3.42,1168.68,125.48
1,2,4,2025-09-02,691.75,4.37,769.72,78.3
2,4,4,2025-09-02,1093.52,2.09,933.92,74.88
3,5,4,2025-09-02,869.9,1.07,549.55,80.27
4,5,4,2025-09-02,2009.14,2.17,1323.9,73.36
5,2,4,2025-09-02,1256.57,8.21,1408.11,82.08
6,4,4,2025-09-02,755.56,1.54,636.39,82.52
7,1,4,2025-09-02,630.05,3.99,723.06,71.14
8,3,4,2025-09-02,1292.12,7.68,1383.35,78.1
1,2,5,2025-09-02,644.6,19.07,709.79,365.62
2,2,5,2025-09-02,673.36,18.1,728.38,331.61
3,1,5,2025-09-02,1184.7,34.99,1369.04,359.23
4,5,5,2025-09-02,1727.7,9.15,1146.51,358.22
5,4,5,2025-09-02,1067.88,9.9,886.32,357.15
6,1,5,2025-09-02,610.76,18.92,695.0,349.08
7,4,5,2025-09-02,812.04,7.05,676.22,349.97
8,3,5,2025-09-02,1228.86,29.52,1324.35,320.48
1,4,1,2025-09-03,456.29,1.06,390.35,93.2
2,4,1,2025-09-03,696.08,1.74,584.86,95.71
3,2,1,2025-09-03,924.72,6.42,1028.88,83.38
4,5,1,2025-09-03,1816.19,2.28,1170.24,81.77
5,4,1,2025-09-03,878.41,2.08,730.99,94.32
6,4,1,2025-09-03,447.74,0.97,386.59,85.98
7,2,1,2025-09-03,777.08,5.4,843.8,85.53
8,3,1,2025-09-03,1463.59,10.06,1520.66,90.25
1,4,2,2025-09-03,544.03,0.2,459.33,14.16
2,4,2,2025-09-03,956.74,0.28,836.06,12.17
3,5,2,2025-09-03,640.38,0.13,420.45,13.63
4,5,2,2025-09-03,2039.85,0.44,1319.15,14.03
5,2,2,2025-09-03,1093.14,1.1,1174.44,12.79
6,4,2,2025-09-03,521.43,0.16,451.03,11.87
7,1,2,2025-09-03,911.02,1.0,1079.09,13.02
8,5,2,2025-09-03,1626.1,0.28,1072.37,11.92
1,2,3,2025-09-03,297.89,3.44,335.29,142.71
2,4,3,2025-09-03,1045.71,3.2,868.11,128.59
3,2,3,2025-09-03,429.96,4.23,460.15,125.79
4,3,3,2025-09-03,2090.22,19.67,2175.17,123.55
5,2,3,2025-09-03,968.47,10.05,1075.87,130.83
6,2,3,2025-09-03,295.88,3.0,319.83,130.74
7,4,3,2025-09-03,1047.54,3.62,867.95,144.35
8,3,3,2025-09-03,1787.98,16.24,1907.09,127.22
1,4,4,2025-09-03,694.94,1.23,584.05,69.83
2,3,4,2025-09-03,1077.38,5.47,1130.94,68.98
3,1,4,2025-09-03,932.74,6.44,1102.63,78.57
4,5,4,2025-09-03,1895.46,2.23,1257.39,78.57
5,1,4,2025-09-03,1276.86,8.74,1439.78,77.66
6,4,4,2025-09-03,684.01,1.26,586.71,73.46
7,2,4,2025-09-03,627.18,3.62,703.22,69.22
8,5,4,2025-09-03,1297.54,1.53,862.03,79.01
1,1,5,2025-09-03,615.77,18.77,700.44,354.95
2,3,5,2025-09-03,621.25,17.75,641.23,389.85
3,5,5,2025-09-03,1189.08,7.17,772.62,394.74
4,5,5,2025-09-03,1729.7,9.24,1111.9,353.58
5,2,5,2025-09-03,1000.89,33.02,1075.63,417.03
6,2,5,2025-09-03,605.81,17.52,656.41,377.87
7,4,5,2025-09-03,880.84,8.07,759.44,384.87
8,5,5,2025-09-03,1255.13,6.93,835.21,369.48
1,4,1,2025-09-04,470.4,0.94,393.69,82.3
2,3,1,2025-09-04,728.76,5.05,767.84,90.22
3,2,1,2025-09-04,944.66,6.0,1040.16,81.35
4,3,1,2025-09-04,1759.76,10.93,1872.24,86.82
5,1,1,2025-09-04,935.94,6.42,1083.11,78.23
6,2,1,2025-09-04,447.25,3.03,500.66,87.36
7,1,1,2025-09-04,741.35,5.68,832.5,88.11
8,5,1,2025-09-04,1432.87,1.86,907.63,86.58
1,1,2,2025-09-04,541.93,0.57,615.66,12.77
2,3,2,2025-09-04,961.24,0.9,1027.34,12.07
3,1,2,2025-09-04,628.72,0.62,715.62,11.69
4,5,2,2025-09-04,2084.87,0.36,1332.19,11.03
5,1,2,2025-09-04,1135.48,1.17,1303.53,11.98
6,4,2,2025-09-04,517.63,0.15,448.78,11.16
7,1,2,2025-09-04,937.13,0.9,1061.11,11.84
8,3,2,2025-09-04,1571.84,1.52,1631.14,12.76
1,4,3,2025-09-04,294.16,0.94,248.8,133.53
2,4,3,2025-09-04,1004.32,3.1,860.6,120.43
3,1,3,2025-09-04,449.75,4.86,530.18,132.64
4,3,3,2025-09-04,2226.89,22.53,2387.58,135.81
5,4,3,2025-09-04,907.66,3.15,769.15,134.19
6,4,3,2025-09-04,286.5,0.96,238.29,128.93
7,2,3,2025-09-04,1029.87,10.28,1129.18,119.97
8,5,3,2025-09-04,1727.28,3.37,1100.06,130.35
1,4,4,2025-09-04,704.04,1.26,612.15,72.21
2,2,4,2025-09-04,1056.0,5.17,1179.28,59.79
3,2,4,2025-09-04,904.89,4.65,981.43,63.1
4,5,4,2025-09-04,1946.98,2.09,1252.45,68.43
5,2,4,2025-09-04,1257.96,6.96,1347.9,72.58
6,1,4,2025-09-04,710.32,4.19,813.46,69.25
7,2,4,2025-09-04,640.09,3.4,716.39,66.77
8,5,4,2025-09-04,1364.95,1.38,875.05,67.76
1,1,5,2025-09-04,626.82,21.57,741.38,391.51
2,2,5,2025-09-04,629.27,19.02,677.01,374.05
3,1,5,2025-09-04,1108.17,38.47,1257.26,412.38
4,3,5,2025-09-04,1782.16,52.1,1897.27,380.22
5,2,5,2025-09-04,1003.26,29.22,1119.57,371.32
6,2,5,2025-09-04,620.38,18.36,680.68,364.2
7,2,5,2025-09-04,829.93,25.88,933.16,399.53
8,3,5,2025-09-04,1217.63,34.68,1268.1,394.88
1,2,1,2025-09-05,468.93,2.94,522.0,76.33
2,3,1,2025-09-05,746.65,3.9,797.04,68.86
3,2,1,2025-09-05,943.44,5.84,1063.94,79.38
4,3,1,2025-09-05,1844.55,9.58,1950.22,67.53
5,1,1,2025-09-05,865.57,5.13,985.5,72.1
6,4,1,2025-09-05,492.59,0.85,413.01,70.62
7,1,1,2025-09-05,719.7,4.24,840.54,70.38
8,5,1,2025-09-05,1424.75,1.59,926.02,73.86
1,1,2,2025-09-05,533.18,0.52,626.42,11.17
2,3,2,2025-09-05,1006.59,0.93,1081.99,12.92
3,5,2,2025-09-05,599.58,0.11,398.18,13.35
4,3,2,2025-09-05,2053.98,1.83,2159.59,11.6
5,4,2,2025-09-05,1113.17,0.33,943.55,11.61
6,2,2,2025-09-05,560.34,0.52,630.15,11.53
7,2,2,2025-09-05,971.28,0.94,1060.03,12.08
8,3,2,2025-09-05,1703.86,1.41,1757.27,11.47
1,4,3,2025-09-05,304.93,1.26,258.47,157.35
2,2,3,2025-09-05,1004.17,11.64,1115.15,140.04
3,2,3,2025-09-05,461.13,5.66,502.89,157.81
4,3,3,2025-09-05,2272.47,27.49,2379.59,154.54
5,2,3,2025-09-05,974.43,12.05,1086.23,153.87
6,2,3,2025-09-05,291.35,3.25,320.9,143.42
7,4,3,2025-09-05,1059.22,3.8,921.05,142.99
8,5,3,2025-09-05,1754.67,3.7,1144.82,134.7
1,1,4,2025-09-05,741.46,5.92,867.96,92.43
2,4,4,2025-09-05,1088.73,2.44,923.5,86.85
3,5,4,2025-09-05,887.74,1.13,587.65,83.39
4,5,4,2025-09-05,1905.12,2.34,1248.22,85.04
5,2,4,2025-09-05,1255.11,7.92,1420.05,82.92
6,4,4,2025-09-05,698.8,1.47,585.97,84.9
7,2,4,2025-09-05,669.5,4.43,747.7,82.26
8,3,4,2025-09-05,1310.81,7.62,1391.85,80.93
1,2,5,2025-09-05,591.75,17.64,666.68,370.0
2,2,5,2025-09-05,656.84,16.96,745.89,337.03
3,5,5,2025-09-05,1190.12,6.07,780.99,332.55
4,3,5,2025-09-05,1679.79,48.88,1792.11,387.37
5,1,5,2025-09-05,1029.64,29.04,1202.4,331.55
6,1,5,2025-09-05,635.51,18.41,740.77,335.79
7,2,5,2025-09-05,839.51,24.01,941.44,341.99
8,3,5,2025-09-05,1227.0,29.77,1300.35,320.87
1,1,1,2025-09-06,453.09,1.16,522.86,29.9
2,4,1,2025-09-06,732.61,0.62,639.55,33.02
3,5,1,2025-09-06,923.37,0.43,583.48,31.14
4,3,1,2025-09-06,1774.48,4.44,1839.2,33.48
5,4,1,2025-09-06,870.7,0.75,719.3,33.87
6,2,1,2025-09-06,470.53,1.15,519.74,31.07
7,4,1,2025-09-06,733.97,0.59,635.45,32.77
8,5,1,2025-09-06,1396.98,0.58,904.48,28.62
1,4,2,2025-09-06,551.39,0.07,460.64,5.19
2,4,2,2025-09-06,1007.57,0.12,867.52,4.46
3,1,2,2025-09-06,631.4,0.26,714.53,4.73
4,5,2,2025-09-06,2090.68,0.14,1356.44,4.3
5,2,2,2025-09-06,1130.39,0.45,1264.9,4.98
6,1,2,2025-09-06,519.33,0.2,580.54,4.37
7,4,2,2025-09-06,983.08,0.12,840.59,4.7
8,3,2,2025-09-06,1584.79,0.52,1675.97,4.4
1,2,3,2025-09-06,294.28,0.85,327.74,37.6
2,2,3,2025-09-06,1011.46,3.24,1132.2,41.63
3,1,3,2025-09-06,441.38,1.69,507.92,43.41
4,5,3,2025-09-06,2205.69,1.45,1436.8,42.14
5,4,3,2025-09-06,979.63,0.9,850.83,37.75
6,1,3,2025-09-06,296.43,0.97,349.08,38.63
7,1,3,2025-09-06,1055.59,3.61,1203.08,42.27
8,3,3,2025-09-06,1878.15,5.52,1921.48,37.7
1,4,4,2025-09-06,731.43,0.53,611.71,29.66
2,4,4,2025-09-06,1015.34,0.77,841.27,29.75
3,5,4,2025-09-06,895.39,0.37,584.47,28.71
4,3,4,2025-09-06,2014.84,4.41,2168.68,30.49
5,2,4,2025-09-06,1285.46,3.3,1391.96,30.97
6,2,4,2025-09-06,686.58,1.67,755.17,31.46
7,1,4,2025-09-06,658.63,1.62,767.47,30.3
8,3,4,2025-09-06,1341.08,3.3,1424.12,33.85
1,2,5,2025-09-06,603.18,7.66,649.78,160.93
2,3,5,2025-09-06,663.67,7.09,680.21,145.04
3,2,5,2025-09-06,1189.45,14.06,1280.13,149.61
4,3,5,2025-09-06,1621.03,19.65,1735.37,158.98
5,2,5,2025-09-06,1008.05,10.8,1116.49,139.15
6,2,5,2025-09-06,601.59,7.94,676.82,158.12
7,1,5,2025-09-06,832.44,9.21,966.82,132.63
8,3,5,2025-09-06,1229.75,13.84,1280.14,151.24
1,1,1,2025-09-08,472.98,3.42,550.22,85.97
2,4,1,2025-09-08,752.83,1.63,629.9,88.51
3,1,1,2025-09-08,907.92,7.19,1014.66,97.83
4,5,1,2025-09-08,1776.36,2.22,1145.48,84.5
5,1,1,2025-09-08,919.2,6.83,1034.11,89.76
6,2,1,2025-09-08,463.55,3.79,502.57,99.49
7,2,1,2025-09-08,770.14,5.98,865.65,98.38
8,5,1,2025-09-08,1433.83,2.08,907.87,95.45
1,4,2,2025-09-08,518.7,0.16,431.48,12.16
2,2,2,2025-09-08,931.21,0.85,1030.61,11.52
3,5,2,2025-09-08,646.74,0.11,429.1,10.65
4,3,2,2025-09-08,2122.09,1.89,2291.03,12.44
5,1,2,2025-09-08,1198.2,1.32,1368.97,12.39
6,2,2,2025-09-08,538.55,0.47,589.02,11.47
7,2,2,2025-09-08,964.01,0.96,1086.47,12.19
8,5,2,2025-09-08,1731.11,0.33,1114.88,12.36
1,4,3,2025-09-08,311.39,0.97,269.8,124.46
2,3,3,2025-09-08,1079.88,8.44,1101.14,108.1
3,5,3,2025-09-08,471.56,0.72,302.13,106.15
4,5,3,2025-09-08,2140.05,3.8,1357.35,115.59
5,2,3,2025-09-08,977.09,9.66,1092.03,121.03
6,1,3,2025-09-08,305.59,3.04,348.51,117.78
7,1,3,2025-09-08,1004.26,9.57,1146.18,111.16
8,3,3,2025-09-08,1718.95,15.93,1858.11,118.84
1,4,4,2025-09-08,725.96,1.24,610.78,70.35
2,3,4,2025-09-08,1011.7,5.3,1047.33,72.45
3,2,4,2025-09-08,911.63,4.98,974.91,66.44
4,3,4,2025-09-08,1903.41,9.54,1970.95,66.71
5,2,4,2025-09-08,1321.45,7.38,1428.05,72.35
6,1,4,2025-09-08,715.66,3.93,820.26,67.52
7,1,4,2025-09-08,628.77,3.59,741.96,68.37
8,3,4,2025-09-08,1307.91,7.49,1348.22,76.76
1,1,5,2025-09-08,622.85,24.03,740.26,460.93
2,3,5,2025-09-08,641.55,20.38,667.76,441.46
3,2,5,2025-09-08,1163.12,38.67,1288.18,413.5
4,3,5,2025-09-08,1690.75,53.68,1816.79,435.88
5,4,5,2025-09-08,1040.14,10.92,901.51,437.33
6,4,5,2025-09-08,599.15,6.59,527.38,433.45
7,2,5,2025-09-08,888.44,26.86,1001.7,395.23
8,5,5,2025-09-08,1223.11,7.4,818.63,407.26
1,2,1,2025-09-09,464.17,2.66,507.74,69.34
2,3,1,2025-09-09,748.73,4.13,766.0,70.62
3,5,1,2025-09-09,862.0,1.01,554.21,74.98
4,3,1,2025-09-09,1823.39,10.68,1924.38,75.2
5,1,1,2025-09-09,901.32,4.77,1027.61,64.54
6,2,1,2025-09-09,482.44,2.42,537.01,64.36
7,1,1,2025-09-09,736.68,4.02,832.0,67.52
8,5,1,2025-09-09,1426.42,1.52,953.45,70.75
1,4,2,2025-09-09,555.75,0.11,463.54,7.92
2,2,2,2025-09-09,1010.31,0.7,1134.79,8.3
3,2,2,2025-09-09,601.08,0.41,676.74,8.62
4,3,2,2025-09-09,2113.93,1.23,2191.67,7.45
5,1,2,2025-09-09,1177.33,0.81,1346.05,8.09
6,1,2,2025-09-09,550.59,0.4,638.85,8.46
7,4,2,2025-09-09,904.15,0.16,750.21,7.11
8,5,2,2025-09-09,1573.28,0.18,1051.61,7.65
1,2,3,2025-09-09,295.45,2.55,325.0,113.4
2,2,3,2025-09-09,1090.91,8.98,1196.38,103.39
3,1,3,2025-09-09,452.35,3.87,527.46,104.66
4,5,3,2025-09-09,2253.92,3.59,1475.21,106.13
5,4,3,2025-09-09,989.4,2.78,825.72,111.62
6,2,3,2025-09-09,291.8,2.58,331.19,113.6
7,1,3,2025-09-09,1048.85,8.98,1217.12,98.94
8,3,3,2025-09-09,1812.78,15.97,1893.82,119.54
1,2,4,2025-09-09,733.19,6.0,796.23,98.12
2,4,4,2025-09-09,1022.03,2.23,864.03,84.07
3,5,4,2025-09-09,932.03,1.17,606.57,83.33
4,5,4,2025-09-09,2010.58,2.77,1326.92,90.45
5,1,4,2025-09-09,1356.24,11.11,1568.59,95.16
6,2,4,2025-09-09,741.06,4.84,833.99,83.51
7,2,4,2025-09-09,666.21,4.83,721.26,88.55
8,3,4,2025-09-09,1354.61,8.71,1425.34,81.85
1,2,5,2025-09-09,600.95,15.22,671.52,321.54
2,4,5,2025-09-09,625.26,5.46,531.49,347.0
3,1,5,2025-09-09,1105.0,36.16,1307.93,386.46
4,3,5,2025-09-09,1619.28,40.0,1701.66,330.67
5,1,5,2025-09-09,1074.46,30.21,1274.21,338.19
6,2,5,2025-09-09,638.2,17.3,722.88,345.61
7,1,5,2025-09-09,812.96,22.1,940.68,323.13
8,3,5,2025-09-09,1238.07,31.3,1265.67,332.52
1,4,1,2025-09-10,487.3,0.82,407.86,66.3
2,2,1,2025-09-10,687.27,3.54,755.51,63.34
3,5,1,2025-09-10,944.59,0.85,611.9,60.77
4,3,1,2025-09-10,1922.16,9.83,1966.7,69.86
5,4,1,2025-09-10,910.87,1.61,764.63,69.31
6,2,1,2025-09-10,484.4,2.4,522.97,61.84
7,1,1,2025-09-10,747.55,3.95,882.51,62.86
8,5,1,2025-09-10,1409.04,1.53,893.11,70.07
1,4,2,2025-09-10,523.54,0.11,443.78,8.79
2,2,2,2025-09-10,1005.79,0.76,1122.7,9.73
3,1,2,2025-09-10,607.94,0.43,710.82,8.62
4,3,2,2025-09-10,2004.32,1.27,2077.63,8.82
5,2,2,2025-09-10,1121.83,0.8,1238.62,8.96
6,2,2,2025-09-10,542.97,0.4,612.63,8.79
7,2,2,2025-09-10,964.15,0.77,1059.88,10.3
8,3,2,2025-09-10,1659.61,1.2,1759.33,9.3
1,1,3,2025-09-10,295.95,3.74,351.05,152.44
2,2,3,2025-09-10,1018.51,12.26,1132.24,151.92
3,1,3,2025-09-10,450.16,5.45,527.43,139.31
4,5,3,2025-09-10,2178.81,4.63,1425.4,141.8
5,1,3,2025-09-10,947.35,12.28,1074.94,149.69
6,4,3,2025-09-10,287.13,1.01,246.53,147.41
7,2,3,2025-09-10,1047.98,11.72,1166.03,139.36
8,5,3,2025-09-10,1819.72,3.98,1171.53,143.84
1,4,4,2025-09-10,724.85,1.3,626.92,68.35
2,2,4,2025-09-10,1098.88,6.01,1220.11,66.48
3,5,4,2025-09-10,863.68,0.79,564.92,61.87
4,3,4,2025-09-10,2013.87,9.35,2070.59,61.82
5,1,4,2025-09-10,1240.56,6.06,1428.35,58.62
6,1,4,2025-09-10,745.91,3.63,878.54,57.59
7,1,4,2025-09-10,632.53,3.13,728.02,57.17
8,3,4,2025-09-10,1291.21,6.1,1318.76,63.75
1,1,5,2025-09-10,606.17,15.7,703.21,294.36
2,2,5,2025-09-10,634.1,14.11,716.69,265.05
3,1,5,2025-09-10,1096.77,25.98,1236.33,271.72
4,5,5,2025-09-10,1667.29,6.28,1105.89,259.26
5,4,5,2025-09-10,1065.39,7.38,906.64,271.41
6,1,5,2025-09-10,638.79,13.43,758.34,248.53
7,1,5,2025-09-10,867.3,20.99,1023.5,293.86
8,5,5,2025-09-10,1267.58,5.26,829.02,279.45
1,4,1,2025-09-11,448.81,0.82,372.32,73.5
2,3,1,2025-09-11,726.74,3.81,781.56,71.86
3,2,1,2025-09-11,938.83,5.25,1048.47,71.75
4,5,1,2025-09-11,1834.55,1.98,1176.58,69.36
5,1,1,2025-09-11,885.84,5.76,1043.42,74.91
6,2,1,2025-09-11,472.95,2.9,516.08,78.47
7,1,1,2025-09-11,743.55,4.9,871.64,76.17
8,3,1,2025-09-11,1441.27,8.16,1550.76,72.78
1,1,2,2025-09-11,553.96,0.62,628.88,13.33
2,3,2,2025-09-11,957.16,0.79,1026.07,11.15
3,2,2,2025-09-11,628.71,0.61,704.66,11.52
4,3,2,2025-09-11,2074.16,2.05,2184.08,13.09
5,1,2,2025-09-11,1197.51,1.35,1415.52,13.02
6,2,2,2025-09-11,551.92,0.5,599.65,11.65
7,1,2,2025-09-11,981.73,1.07,1160.09,12.39
8,5,2,2025-09-11,1602.79,0.29,1037.95,11.77
1,4,3,2025-09-11,313.13,1.22,264.52,157.44
2,2,3,2025-09-11,999.09,12.77,1108.27,154.32
3,5,3,2025-09-11,448.31,1.2,298.54,172.15
4,3,3,2025-09-11,2227.42,23.66,2288.02,147.84
5,2,3,2025-09-11,905.57,12.13,1003.19,162.59
6,1,3,2025-09-11,295.77,3.73,339.87,142.69
7,2,3,2025-09-11,1035.77,12.29,1132.66,151.38
8,3,3,2025-09-11,1809.94,23.77,1921.14,171.89
1,4,4,2025-09-11,737.87,1.07,611.06,58.72
2,3,4,2025-09-11,1101.53,5.38,1165.97,64.92
3,2,4,2025-09-11,865.42,4.35,925.75,66.14
4,5,4,2025-09-11,2033.48,2.1,1359.76,69.48
5,4,4,2025-09-11,1346.99,2.2,1116.56,67.29
6,2,4,2025-09-11,713.22,3.81,775.5,69.17
7,2,4,2025-09-11,641.98,3.35,707.33,64.72
8,5,4,2025-09-11,1311.24,1.4,868.93,68.58
1,4,5,2025-09-11,649.46,5.16,564.35,323.29
2,3,5,2025-09-11,643.06,14.67,668.81,302.44
3,1,5,2025-09-11,1140.56,30.8,1317.52,326.28
4,3,5,2025-09-11,1753.19,43.22,1894.15,322.1
5,4,5,2025-09-11,1039.53,9.14,901.37,349.93
6,4,5,2025-09-11,639.4,4.92,540.07,309.04
7,4,5,2025-09-11,810.58,6.34,678.72,308.55
8,3,5,2025-09-11,1304.71,32.14,1340.79,336.57
1,4,1,2025-09-12,464.85,0.96,404.46,79.71
2,4,1,2025-09-12,688.07,1.2,599.24,68.76
3,1,1,2025-09-12,934.13,6.08,1061.88,75.18
4,3,1,2025-09-12,1884.5,9.26,2038.03,67.58
5,4,1,2025-09-12,884.12,1.76,756.49,78.58
6,1,1,2025-09-12,468.85,2.81,551.44,71.38
7,4,1,2025-09-12,748.88,1.43,642.57,80.16
8,5,1,2025-09-12,1428.03,1.77,925.47,79.06
1,1,2,2025-09-12,547.96,0.51,613.36,10.41
2,2,2,2025-09-12,954.14,0.81,1042.09,10.66
3,2,2,2025-09-12,626.58,0.58,695.31,11.34
4,3,2,2025-09-12,2095.0,1.61,2184.41,9.9
5,1,2,2025-09-12,1146.31,1.06,1304.82,10.88
6,2,2,2025-09-12,544.46,0.41,611.14,9.87
7,2,2,2025-09-12,934.28,0.86,1030.18,11.05
8,5,2,2025-09-12,1716.36,0.27,1117.59,10.05
1,2,3,2025-09-12,310.21,3.37,352.09,134.68
2,2,3,2025-09-12,1068.38,11.11,1179.92,133.05
3,2,3,2025-09-12,465.35,5.22,516.57,138.97
4,3,3,2025-09-12,2204.26,22.24,2324.84,135.55
5,1,3,2025-09-12,996.26,11.1,1129.32,130.6
6,4,3,2025-09-12,286.15,1.03,245.98,142.25
7,4,3,2025-09-12,1027.05,3.34,857.58,130.44
8,3,3,2025-09-12,1791.49,17.38,1907.95,132.38
1,2,4,2025-09-12,724.37,2.97,785.53,50.75
2,4,4,2025-09-12,1014.63,1.46,860.62,55.32
3,1,4,2025-09-12,933.49,4.03,1058.2,52.77
4,3,4,2025-09-12,1899.15,8.38,2047.4,56.11
5,1,4,2025-09-12,1264.69,6.14,1464.59,54.64
6,1,4,2025-09-12,732.67,3.18,836.7,50.25
7,2,4,2025-09-12,648.72,2.65,708.07,50.04
8,3,4,2025-09-12,1308.34,5.69,1402.2,57.31
1,4,5,2025-09-12,627.93,7.08,551.85,455.92
2,4,5,2025-09-12,677.97,7.73,589.38,457.14
3,5,5,2025-09-12,1185.64,7.54,795.7,441.74
4,5,5,2025-09-12,1626.4,9.85,1074.3,407.56
5,4,5,2025-09-12,1077.85,10.78,941.7,417.89
6,1,5,2025-09-12,636.47,22.64,719.99,406.65
7,1,5,2025-09-12,887.27,29.97,1002.23,385.88
8,5,5,2025-09-12,1225.39,7.73,792.64,424.75
1,2,1,2025-09-13,473.15,1.13,512.19,28.93
2,3,1,2025-09-13,703.37,1.64,728.07,31.87
3,5,1,2025-09-13,913.49,0.37,599.38,27.96
4,5,1,2025-09-13,1789.02,0.86,1187.33,31.57
5,4,1,2025-09-13,870.9,0.62,729.6,29.39
6,4,1,2025-09-13,454.19,0.28,390.31,26.34
7,1,1,2025-09-13,774.21,1.93,881.13,28.36
8,5,1,2025-09-13,1469.28,0.63,950.55,28.62
1,1,2,2025-09-13,515.07,0.13,582.36,3.09
2,2,2,2025-09-13,1007.99,0.27,1076.53,3.25
3,2,2,2025-09-13,644.33,0.16,706.93,3.12
4,5,2,2025-09-13,2090.01,0.1,1351.78,3.14
5,1,2,2025-09-13,1167.44,0.31,1376.2,3.16
6,4,2,2025-09-13,553.11,0.04,462.81,3.17
7,2,2,2025-09-13,943.91,0.27,1016.83,3.61
8,3,2,2025-09-13,1658.48,0.39,1730.33,3.21
1,2,3,2025-09-13,287.52,1.19,325.28,50.74
2,4,3,2025-09-13,1085.83,1.43,898.6,51.16
3,2,3,2025-09-13,440.16,1.44,479.03,42.66
4,5,3,2025-09-13,2285.3,1.7,1474.02,48.84
5,1,3,2025-09-13,922.64,3.78,1074.43,48.52
6,2,3,2025-09-13,293.44,1.12,326.42,49.59
7,1,3,2025-09-13,1020.64,4.22,1208.07,49.7
8,5,3,2025-09-13,1831.58,1.26,1158.78,46.64
1,4,4,2025-09-13,751.93,0.39,647.18,20.68
2,4,4,2025-09-13,1091.81,0.49,912.04,18.16
3,2,4,2025-09-13,943.39,1.48,1023.13,19.05
4,3,4,2025-09-13,1919.36,3.05,1970.23,20.53
5,4,4,2025-09-13,1321.89,0.66,1090.21,19.38
6,4,4,2025-09-13,755.26,0.35,652.99,18.05
7,4,4,2025-09-13,635.94,0.34,551.96,20.51
8,3,4,2025-09-13,1382.26,1.85,1466.6,18.72
1,4,5,2025-09-13,594.47,1.53,502.32,105.16
2,4,5,2025-09-13,675.01,1.5,583.39,90.84
3,5,5,2025-09-13,1199.88,1.84,773.58,103.19
4,3,5,2025-09-13,1625.11,12.41,1722.19,100.21
5,1,5,2025-09-13,1007.55,9.34,1178.84,106.67
6,2,5,2025-09-13,602.55,4.58,675.45,96.74
7,1,5,2025-09-13,817.6,6.77,926.05,98.61
8,5,5,2025-09-13,1221.43,1.84,771.5,104.46
1,2,1,2025-09-15,458.45,2.69,494.94,72.79
2,4,1,2025-09-15,738.3,1.35,644.16,74.25
3,2,1,2025-09-15,905.42,5.75,987.37,76.43
4,3,1,2025-09-15,1865.14,11.74,1932.41,86.2
5,4,1,2025-09-15,923.72,1.7,791.56,75.89
6,2,1,2025-09-15,453.18,3.21,507.51,86.92
7,2,1,2025-09-15,765.51,5.49,837.09,87.66
8,3,1,2025-09-15,1506.28,8.74,1571.41,77.38
1,2,2,2025-09-15,552.59,0.65,620.2,14.46
2,2,2,2025-09-15,989.24,1.21,1069.23,14.92
3,1,2,2025-09-15,624.86,0.79,718.96,14.19
4,5,2,2025-09-15,2103.68,0.47,1341.78,14.76
5,4,2,2025-09-15,1200.63,0.41,1010.85,13.21
6,1,2,2025-09-15,552.21,0.71,633.16,15.59
7,1,2,2025-09-15,903.65,1.21,1043.28,15.66
8,5,2,2025-09-15,1671.64,0.38,1088.13,14.88
1,2,3,2025-09-15,307.68,3.48,346.75,138.18
2,3,3,2025-09-15,1033.35,10.43,1098.0,132.39
3,2,3,2025-09-15,456.31,4.3,492.9,121.19
4,3,3,2025-09-15,2296.64,24.62,2392.15,142.82
5,2,3,2025-09-15,980.64,9.69,1104.07,122.53
6,4,3,2025-09-15,288.96,1.01,249.1,134.16
7,1,3,2025-09-15,1002.29,11.68,1182.69,131.87
8,5,3,2025-09-15,1886.56,3.41,1219.58,126.7
1,2,4,2025-09-15,750.21,3.38,810.47,53.6
2,2,4,2025-09-15,1001.85,4.47,1124.11,54.12
3,2,4,2025-09-15,856.17,3.9,946.6,56.15
4,3,4,2025-09-15,2029.74,9.07,2067.91,58.12
5,1,4,2025-09-15,1258.51,6.51,1446.98,59.3
6,1,4,2025-09-15,727.95,3.65,832.59,61.71
7,4,4,2025-09-15,633.92,0.82,554.74,52.17
8,5,4,2025-09-15,1338.54,1.11,896.03,55.5
1,2,5,2025-09-15,632.05,14.98,691.98,306.04
2,3,5,2025-09-15,626.29,15.09,650.98,337.23
3,5,5,2025-09-15,1196.13,5.93,786.61,341.18
4,3,5,2025-09-15,1740.21,40.18,1799.58,296.97
5,1,5,2025-09-15,1032.21,32.59,1159.82,355.92
6,2,5,2025-09-15,607.3,16.52,666.88,344.13
7,4,5,2025-09-15,830.26,7.37,688.32,353.34
8,5,5,2025-09-15,1206.05,6.12,781.2,347.37
1,1,1,2025-09-16,456.48,3.63,536.73,95.36
2,3,1,2025-09-16,754.96,4.79,772.08,88.64
3,2,1,2025-09-16,860.52,6.16,947.06,88.28
4,5,1,2025-09-16,1855.25,2.58,1188.8,95.97
5,4,1,2025-09-16,865.61,1.7,741.19,81.26
6,4,1,2025-09-16,477.55,1.09,414.72,88.58
7,4,1,2025-09-16,715.99,1.41,593.2,82.06
8,5,1,2025-09-16,1488.77,1.93,978.55,85.03
1,4,2,2025-09-16,530.88,0.16,447.68,12.12
2,4,2,2025-09-16,933.09,0.27,788.38,11.16
3,2,2,2025-09-16,642.98,0.59,717.08,11.39
4,5,2,2025-09-16,2104.98,0.42,1395.69,12.83
5,1,2,2025-09-16,1186.61,1.28,1371.63,12.43
6,4,2,2025-09-16,524.74,0.16,440.3,12.58
7,4,2,2025-09-16,983.54,0.27,813.17,11.37
8,3,2,2025-09-16,1615.19,1.48,1734.44,12.61
1,1,3,2025-09-16,292.91,2.65,344.0,110.08
2,2,3,2025-09-16,997.73,8.04,1096.49,96.34
3,2,3,2025-09-16,439.29,3.64,492.34,100.34
4,5,3,2025-09-16,2267.09,3.57,1467.58,109.5
5,4,3,2025-09-16,915.75,2.16,794.04,94.82
6,4,3,2025-09-16,291.07,0.73,248.29,97.13
7,1,3,2025-09-16,1047.34,10.54,1238.83,112.98
8,3,3,2025-09-16,1865.8,15.21,1993.39,104.41
1,4,4,2025-09-16,750.1,1.37,650.16,69.94
2,4,4,2025-09-16,998.87,1.87,846.03,74.58
3,5,4,2025-09-16,862.12,0.82,544.64,64.58
4,5,4,2025-09-16,1989.41,1.93,1279.43,65.49
5,2,4,2025-09-16,1354.94,6.66,1486.24,64.04
6,4,4,2025-09-16,713.14,1.14,621.24,63.74
7,4,4,2025-09-16,674.18,1.33,589.98,76.11
8,5,4,2025-09-16,1299.87,1.36,844.51,66.9
1,4,5,2025-09-16,617.0,5.97,511.94,388.86
2,3,5,2025-09-16,652.22,20.77,685.76,427.41
3,5,5,2025-09-16,1188.12,6.95,762.32,391.26
4,5,5,2025-09-16,1687.71,10.58,1097.4,431.09
5,1,5,2025-09-16,1033.49,35.79,1184.82,409.68
6,4,5,2025-09-16,640.75,7.0,547.56,437.11
7,1,5,2025-09-16,865.34,30.42,1007.91,431.37
8,5,5,2025-09-16,1191.75,8.32,784.34,444.35
1,4,1,2025-09-17,469.08,0.96,403.63,85.58
2,2,1,2025-09-17,747.49,4.73,801.45,77.94
3,2,1,2025-09-17,926.64,6.23,1050.58,85.29
4,3,1,2025-09-17,1872.38,12.56,1982.35,87.46
5,1,1,2025-09-17,867.68,5.29,1023.33,73.2
6,1,1,2025-09-17,462.33,3.08,519.6,81.76
7,4,1,2025-09-17,784.84,1.64,675.25,82.04
8,3,1,2025-09-17,1410.87,9.21,1445.94,84.76
1,1,2,2025-09-17,562.9,0.58,654.6,11.73
2,2,2,2025-09-17,973.57,0.86,1044.51,10.79
3,5,2,2025-09-17,632.13,0.1,419.04,10.49
4,3,2,2025-09-17,1952.98,1.71,2032.46,11.61
5,1,2,2025-09-17,1165.97,1.04,1322.81,10.08
6,4,2,2025-09-17,524.06,0.13,433.8,10.15
7,4,2,2025-09-17,949.88,0.27,830.06,10.93
8,3,2,2025-09-17,1614.42,1.25,1670.89,9.93
1,4,3,2025-09-17,297.73,1.02,254.78,142.96
2,4,3,2025-09-17,1027.97,3.37,874.82,132.23
3,1,3,2025-09-17,454.62,5.26,516.16,137.51
4,5,3,2025-09-17,2204.95,4.47,1445.92,132.33
5,4,3,2025-09-17,983.11,3.37,839.74,134.67
6,4,3,2025-09-17,286.22,0.98,248.66,140.76
7,2,3,2025-09-17,1012.18,11.44,1088.38,145.57
8,3,3,2025-09-17,1770.77,18.16,1911.0,134.44
1,4,4,2025-09-17,749.63,1.06,628.69,57.15
2,3,4,2025-09-17,1081.23,5.08,1152.4,59.84
3,2,4,2025-09-17,937.8,4.28,1012.53,58.02
4,3,4,2025-09-17,1911.65,8.86,2043.79,62.43
5,1,4,2025-09-17,1288.59,5.97,1444.48,54.64
6,1,4,2025-09-17,701.82,3.49,810.41,60.59
7,2,4,2025-09-17,634.44,3.0,712.52,57.87
8,3,4,2025-09-17,1366.96,6.04,1415.18,56.7
1,2,5,2025-09-17,632.97,21.54,697.57,425.93
2,4,5,2025-09-17,647.38,5.9,558.8,374.64
3,1,5,2025-09-17,1113.06,36.44,1305.69,385.38
4,3,5,2025-09-17,1674.53,45.41,1806.11,373.7
5,1,5,2025-09-17,1094.12,34.56,1297.15,379.65
6,4,5,2025-09-17,622.28,5.65,522.06,381.57
7,2,5,2025-09-17,876.09,26.28,979.45,375.5
8,5,5,2025-09-17,1226.43,6.46,780.31,359.69
1,4,1,2025-09-18,477.32,0.71,410.45,62.07
2,3,1,2025-09-18,746.23,3.95,802.44,69.41
3,5,1,2025-09-18,870.25,0.94,557.09,69.53
4,5,1,2025-09-18,1853.66,1.91,1220.46,65.49
5,4,1,2025-09-18,863.91,1.4,751.91,67.91
6,2,1,2025-09-18,479.27,2.81,528.07,74.15
7,2,1,2025-09-18,727.1,4.04,804.97,73.05
8,5,1,2025-09-18,1418.36,1.51,908.64,68.3
1,4,2,2025-09-18,513.11,0.14,448.55,10.56
2,4,2,2025-09-18,989.32,0.26,818.03,10.48
3,2,2,2025-09-18,605.21,0.51,661.41,10.34
4,5,2,2025-09-18,1954.25,0.33,1264.29,11.69
5,2,2,2025-09-18,1107.08,0.96,1214.45,11.06
6,1,2,2025-09-18,541.33,0.55,636.82,12.21
7,2,2,2025-09-18,942.38,0.89,1006.48,12.35
8,3,2,2025-09-18,1627.73,1.41,1670.27,11.35
1,4,3,2025-09-18,308.05,0.92,258.86,125.16
2,2,3,2025-09-18,1032.38,9.72,1140.06,117.26
3,2,3,2025-09-18,466.44,4.94,523.35,130.77
4,3,3,2025-09-18,2101.25,20.05,2201.57,131.26
5,1,3,2025-09-18,996.08,11.09,1141.78,125.93
6,4,3,2025-09-18,290.1,0.88,248.86,116.54
7,2,3,2025-09-18,1096.7,10.3,1190.98,122.17
8,5,3,2025-09-18,1863.22,3.8,1247.66,129.79
1,1,4,2025-09-18,716.06,3.92,805.78,63.21
2,4,4,2025-09-18,1011.58,1.6,870.37,61.13
3,2,4,2025-09-18,931.4,4.87,1019.64,64.32
4,5,4,2025-09-18,1957.4,1.82,1247.3,63.37
5,2,4,2025-09-18,1261.03,6.31,1414.44,60.18
6,2,4,2025-09-18,730.43,3.24,809.35,56.47
7,1,4,2025-09-18,657.11,3.57,776.4,62.41
8,5,4,2025-09-18,1331.54,1.17,883.79,59.49
1,1,5,2025-09-18,644.32,18.85,752.12,352.63
2,4,5,2025-09-18,651.02,5.91,542.21,349.86
3,5,5,2025-09-18,1095.58,5.65,713.6,330.15
4,3,5,2025-09-18,1618.15,43.06,1660.31,351.73
5,4,5,2025-09-18,1058.94,8.96,918.61,353.99
6,4,5,2025-09-18,642.21,5.85,546.5,372.19
7,4,5,2025-09-18,835.36,7.49,699.5,353.26
8,3,5,2025-09-18,1221.85,35.0,1254.25,366.42
1,1,1,2025-09-19,472.93,3.74,549.16,96.79
2,4,1,2025-09-19,704.13,1.72,607.89,99.96
3,2,1,2025-09-19,907.82,5.96,1021.66,85.95
4,5,1,2025-09-19,1791.51,2.76,1157.95,102.38
5,4,1,2025-09-19,903.61,2.01,775.98,85.56
6,1,1,2025-09-19,485.43,4.01,554.54,95.69
7,1,1,2025-09-19,718.53,6.11,813.15,102.23
8,5,1,2025-09-19,1442.22,2.16,944.61,98.11
1,2,2,2025-09-19,531.57,0.49,580.42,11.37
2,4,2,2025-09-19,972.32,0.24,815.07,9.67
3,5,2,2025-09-19,634.19,0.09,416.07,9.62
4,3,2,2025-09-19,1973.68,1.54,2044.26,10.07
5,1,2,2025-09-19,1126.24,1.07,1317.44,11.0
6,4,2,2025-09-19,515.01,0.13,427.75,9.91
7,4,2,2025-09-19,906.28,0.26,753.74,11.53
8,5,2,2025-09-19,1696.38,0.26,1123.14,9.73
1,2,3,2025-09-19,305.67,3.91,338.6,154.48
2,3,3,2025-09-19,1027.83,11.27,1110.25,139.85
3,5,3,2025-09-19,451.41,0.9,294.89,138.33
4,3,3,2025-09-19,2297.84,23.31,2349.85,131.49
5,4,3,2025-09-19,968.13,3.33,822.07,140.74
6,4,3,2025-09-19,308.11,0.96,259.22,131.09
7,1,3,2025-09-19,1002.28,11.0,1141.48,133.2
8,5,3,2025-09-19,1867.61,3.86,1235.0,141.86
1,2,4,2025-09-19,755.47,3.97,853.22,64.14
2,3,4,2025-09-19,1037.21,5.09,1080.4,66.36
3,1,4,2025-09-19,884.87,4.41,1011.24,59.75
4,5,4,2025-09-19,1857.27,1.9,1190.77,66.35
5,4,4,2025-09-19,1297.0,1.82,1127.71,56.76
6,4,4,2025-09-19,718.05,0.99,598.92,57.45
7,2,4,2025-09-19,634.48,3.12,688.11,62.52
8,5,4,2025-09-19,1342.54,1.18,860.73,60.92
1,4,5,2025-09-19,649.5,5.57,547.73,344.79
2,2,5,2025-09-19,662.31,17.51,739.66,346.61
3,2,5,2025-09-19,1116.88,28.84,1239.93,338.29
4,5,5,2025-09-19,1725.29,10.0,1129.86,385.61
5,4,5,2025-09-19,1010.17,9.11,880.91,362.71
6,4,5,2025-09-19,627.24,5.33,525.59,347.64
7,4,5,2025-09-19,887.33,8.04,776.79,372.1
8,3,5,2025-09-19,1223.6,34.21,1315.3,368.56
1,2,1,2025-09-20,480.28,1.1,516.2,30.08
2,4,1,2025-09-20,711.17,0.6,620.76,34.13
3,1,1,2025-09-20,889.11,2.66,1051.87,35.0
4,5,1,2025-09-20,1869.17,0.95,1194.98,32.43
5,2,1,2025-09-20,906.61,2.22,1003.87,31.33
6,4,1,2025-09-20,460.87,0.38,392.4,32.7
7,4,1,2025-09-20,728.42,0.57,624.32,32.87
8,3,1,2025-09-20,1479.09,3.65,1549.59,33.01
1,2,2,2025-09-20,565.25,0.1,623.28,2.28
2,2,2,2025-09-20,938.97,0.18,1011.98,2.42
3,1,2,2025-09-20,645.12,0.13,721.27,2.34
4,3,2,2025-09-20,2123.71,0.34,2295.86,2.22
5,1,2,2025-09-20,1135.11,0.24,1271.11,2.46
6,4,2,2025-09-20,566.73,0.04,494.07,2.38
7,4,2,2025-09-20,937.4,0.06,793.15,2.49
8,5,2,2025-09-20,1629.26,0.06,1038.1,2.54
1,4,3,2025-09-20,287.71,0.3,244.16,41.02
2,2,3,2025-09-20,1008.97,3.73,1100.28,45.41
3,2,3,2025-09-20,432.41,1.68,490.14,47.36
4,5,3,2025-09-20,2218.26,1.36,1430.86,42.26
5,4,3,2025-09-20,907.8,1.05,763.64,47.48
6,2,3,2025-09-20,287.33,0.95,310.43,41.62
7,4,3,2025-09-20,1046.35,1.23,911.69,47.68
8,5,3,2025-09-20,1817.45,1.23,1155.65,45.35
1,4,4,2025-09-20,687.94,0.36,589.62,20.78
2,2,4,2025-09-20,1011.12,1.79,1104.5,23.16
3,5,4,2025-09-20,931.78,0.31,597.56,21.58
4,3,4,2025-09-20,1907.07,3.01,2062.69,21.71
5,4,4,2025-09-20,1283.8,0.75,1082.69,24.11
6,2,4,2025-09-20,689.32,1.16,772.36,21.65
7,4,4,2025-09-20,678.77,0.33,565.02,20.04
8,5,4,2025-09-20,1379.85,0.48,904.57,23.74
1,4,5,2025-09-20,603.12,2.15,512.98,137.38
2,4,5,2025-09-20,630.37,2.18,522.22,138.24
3,5,5,2025-09-20,1178.11,2.59,751.44,146.11
4,3,5,2025-09-20,1722.7,19.83,1863.73,148.71
5,2,5,2025-09-20,1027.67,12.01,1115.45,140.77
6,2,5,2025-09-20,646.51,8.2,729.82,153.86
7,1,5,2025-09-20,872.43,11.85,1034.88,152.78
8,3,5,2025-09-20,1188.03,12.32,1256.63,137.79
1,2,1,2025-09-22,463.6,2.93,497.11,81.61
2,3,1,2025-09-22,686.57,4.01,739.1,77.47
3,5,1,2025-09-22,875.29,1.05,566.05,76.84
4,5,1,2025-09-22,1866.66,2.09,1217.88,72.53
5,1,1,2025-09-22,910.13,6.36,1065.9,83.89
6,4,1,2025-09-22,472.85,0.84,399.11,72.22
7,4,1,2025-09-22,784.43,1.72,683.76,84.65
8,3,1,2025-09-22,1444.32,9.87,1508.85,87.0
1,2,2,2025-09-22,513.05,0.45,556.08,11.64
2,3,2,2025-09-22,933.57,0.77,970.55,11.15
3,5,2,2025-09-22,641.0,0.1,419.1,10.91
4,3,2,2025-09-22,2079.83,1.77,2232.09,10.85
5,2,2,2025-09-22,1192.01,1.15,1284.89,11.81
6,1,2,2025-09-22,528.63,0.45,592.04,10.22
7,1,2,2025-09-22,968.07,0.97,1135.24,11.42
8,5,2,2025-09-22,1705.79,0.27,1100.96,10.35
1,1,3,2025-09-22,295.2,3.21,347.19,125.89
2,3,3,2025-09-22,1100.61,10.07,1180.27,127.77
3,5,3,2025-09-22,445.41,0.82,284.32,127.4
4,5,3,2025-09-22,2239.45,5.13,1436.4,148.92
5,4,3,2025-09-22,975.79,3.59,820.48,141.21
6,1,3,2025-09-22,292.84,3.37,333.16,140.08
7,1,3,2025-09-22,1021.8,11.28,1142.36,127.34
8,3,3,2025-09-22,1744.32,18.58,1796.75,136.03
1,4,4,2025-09-22,732.39,1.56,606.83,87.29
2,4,4,2025-09-22,1085.3,2.57,908.48,92.83
3,1,4,2025-09-22,923.3,7.69,1038.46,93.51
4,5,4,2025-09-22,2047.0,2.58,1349.95,85.81
5,4,4,2025-09-22,1270.72,3.14,1066.99,95.91
6,4,4,2025-09-22,738.26,1.84,626.59,98.9
7,4,4,2025-09-22,678.21,1.4,569.38,86.39
8,3,4,2025-09-22,1282.54,8.83,1338.85,90.96
1,1,5,2025-09-22,612.36,20.83,726.24,383.08
2,4,5,2025-09-22,680.52,7.17,569.97,407.43
3,1,5,2025-09-22,1148.84,45.14,1320.94,449.6
4,3,5,2025-09-22,1664.55,55.8,1759.76,439.59
5,4,5,2025-09-22,1044.8,10.76,904.26,410.07
6,4,5,2025-09-22,607.64,6.61,513.21,450.74
7,1,5,2025-09-22,857.99,29.55,1017.86,386.14
8,3,5,2025-09-22,1212.1,37.64,1277.03,432.07
1,2,1,2025-09-23,454.8,3.11,516.1,86.95
2,3,1,2025-09-23,694.41,5.17,745.95,96.61
3,2,1,2025-09-23,937.74,7.1,1046.18,99.16
4,3,1,2025-09-23,1942.25,12.61,2020.47,89.48
5,1,1,2025-09-23,871.7,7.39,995.83,102.31
6,2,1,2025-09-23,478.24,3.7,529.22,93.64
7,4,1,2025-09-23,765.47,1.97,645.53,100.78
8,5,1,2025-09-23,1437.67,1.96,945.75,86.82
1,1,2,2025-09-23,547.71,0.52,646.0,11.72
2,3,2,2025-09-23,985.18,0.96,1057.15,12.55
3,1,2,2025-09-23,633.37,0.64,732.12,11.69
4,3,2,2025-09-23,2097.43,1.99,2181.33,12.54
5,1,2,2025-09-23,1159.12,1.2,1331.71,12.39
6,4,2,2025-09-23,531.66,0.16,447.81,11.83
7,2,2,2025-09-23,914.77,0.83,987.72,11.06
8,3,2,2025-09-23,1647.04,1.53,1684.89,11.95
1,2,3,2025-09-23,303.09,3.5,332.8,139.85
2,3,3,2025-09-23,1027.44,12.01,1058.82,151.95
3,5,3,2025-09-23,431.91,0.97,289.3,146.96
4,5,3,2025-09-23,2281.28,4.59,1473.03,132.22
5,1,3,2025-09-23,965.63,11.47,1136.42,135.08
6,4,3,2025-09-23,285.02,1.0,245.95,136.05
7,2,3,2025-09-23,1081.8,13.21,1219.67,149.51
8,3,3,2025-09-23,1853.28,20.3,1976.73,152.74
1,2,4,2025-09-23,709.57,3.69,803.66,64.03
2,2,4,2025-09-23,1041.9,5.29,1156.76,64.0
3,1,4,2025-09-23,925.74,5.76,1094.2,70.85
4,5,4,2025-09-23,1963.34,1.76,1253.6,62.62
5,2,4,2025-09-23,1257.17,6.45,1405.14,62.45
6,4,4,2025-09-23,695.22,1.09,599.49,64.29
7,1,4,2025-09-23,626.62,3.26,742.53,64.0
8,5,4,2025-09-23,1399.74,1.48,928.87,67.75
1,1,5,2025-09-23,618.66,20.82,725.11,381.03
2,2,5,2025-09-23,669.17,18.29,747.82,357.26
3,2,5,2025-09-23,1153.85,35.63,1305.3,405.04
4,5,5,2025-09-23,1655.93,10.23,1110.5,430.01
5,1,5,2025-09-23,1101.6,35.58,1263.75,366.73
6,4,5,2025-09-23,616.54,5.96,525.11,388.33
7,4,5,2025-09-23,860.72,8.08,734.96,383.87
8,3,5,2025-09-23,1192.13,39.46,1253.05,431.16
1,1,1,2025-09-24,481.02,4.13,541.36,98.7
2,3,1,2025-09-24,755.97,5.86,771.4,103.19
3,2,1,2025-09-24,909.54,6.34,978.2,90.5
4,5,1,2025-09-24,1814.37,2.49,1164.3,95.96
5,4,1,2025-09-24,861.26,1.94,742.57,85.92
6,2,1,2025-09-24,454.47,3.08,511.11,88.52
7,2,1,2025-09-24,781.31,5.25,863.94,88.16
8,3,1,2025-09-24,1379.86,10.43,1483.65,102.96
1,1,2,2025-09-24,520.02,0.32,610.58,7.69
2,4,2,2025-09-24,1025.84,0.2,865.25,7.72
3,1,2,2025-09-24,602.46,0.42,691.09,8.21
4,5,2,2025-09-24,1955.47,0.25,1266.9,8.29
5,2,2,2025-09-24,1166.96,0.73,1262.79,8.04
6,1,2,2025-09-24,530.94,0.34,602.09,7.63
7,1,2,2025-09-24,990.98,0.72,1109.98,8.39
8,3,2,2025-09-24,1656.58,1.01,1700.05,7.79
1,1,3,2025-09-24,312.22,2.77,359.63,100.59
2,2,3,2025-09-24,1024.39,8.87,1111.98,107.05
3,1,3,2025-09-24,445.18,3.94,507.85,104.92
4,5,3,2025-09-24,2299.83,3.66,1479.18,109.53
5,1,3,2025-09-24,914.04,8.23,1052.37,105.98
6,1,3,2025-09-24,290.61,2.19,340.0,91.87
7,4,3,2025-09-24,1065.53,2.69,919.95,97.97
8,5,3,2025-09-24,1876.75,2.88,1241.83,102.92
1,4,4,2025-09-24,727.9,1.55,629.3,88.58
2,2,4,2025-09-24,1082.82,6.99,1157.33,84.02
3,5,4,2025-09-24,921.18,1.18,583.99,87.54
4,3,4,2025-09-24,2036.56,13.3,2082.66,89.11
5,4,4,2025-09-24,1314.45,2.72,1132.65,85.69
6,4,4,2025-09-24,716.52,1.68,612.95,89.15
7,4,4,2025-09-24,663.05,1.45,565.02,90.61
8,5,4,2025-09-24,1381.45,1.73,920.21,82.78
1,4,5,2025-09-24,598.3,5.01,505.0,330.2
2,3,5,2025-09-24,670.85,15.79,713.7,316.11
3,2,5,2025-09-24,1120.43,32.92,1243.6,369.71
4,5,5,2025-09-24,1757.77,9.72,1170.76,366.81
5,1,5,2025-09-24,1032.6,31.47,1201.99,370.75
6,1,5,2025-09-24,632.33,18.74,717.59,337.85
7,4,5,2025-09-24,843.72,7.21,708.36,338.01
8,5,5,2025-09-24,1244.44,6.05,786.75,340.52
1,4,1,2025-09-25,488.37,0.83,418.42,71.34
2,2,1,2025-09-25,729.58,4.09,821.92,68.82
3,1,1,2025-09-25,921.82,5.33,1065.78,69.03
4,3,1,2025-09-25,1861.46,11.16,1941.86,77.66
5,4,1,2025-09-25,889.86,1.49,771.76,70.03
6,1,1,2025-09-25,474.21,3.39,552.2,82.09
7,2,1,2025-09-25,760.83,4.69,846.95,80.69
8,5,1,2025-09-25,1515.41,1.61,961.07,73.92
1,1,2,2025-09-25,542.95,0.41,606.78,9.12
2,4,2,2025-09-25,948.69,0.26,805.38,10.44
3,2,2,2025-09-25,602.41,0.49,659.48,9.95
4,3,2,2025-09-25,1992.3,1.56,2072.74,10.29
5,2,2,2025-09-25,1137.47,0.95,1245.94,9.93
6,4,2,2025-09-25,531.38,0.12,455.77,9.15
7,2,2,2025-09-25,981.49,0.73,1082.88,9.21
8,3,2,2025-09-25,1636.15,1.25,1737.84,10.37
1,4,3,2025-09-25,307.85,1.19,270.44,157.33
2,3,3,2025-09-25,1091.07,12.87,1118.17,160.24
3,5,3,2025-09-25,461.2,1.11,296.41,155.71
4,5,3,2025-09-25,2104.48,4.03,1342.44,134.26
5,4,3,2025-09-25,973.9,3.83,826.04,150.09
6,1,3,2025-09-25,302.44,4.0,354.75,155.34
7,2,3,2025-09-25,1061.69,12.52,1171.03,148.68
8,3,3,2025-09-25,1752.66,19.87,1835.51,157.57
1,4,4,2025-09-25,744.01,1.2,643.03,61.52
2,3,4,2025-09-25,1043.58,4.73,1129.02,57.68
3,1,4,2025-09-25,880.12,4.64,1035.43,63.06
4,3,4,2025-09-25,1917.32,8.54,2033.69,58.56
5,1,4,2025-09-25,1351.11,6.65,1558.08,60.63
6,4,4,2025-09-25,712.34,1.19,589.96,64.02
7,2,4,2025-09-25,649.72,3.09,709.34,59.85
8,5,4,2025-09-25,1346.22,1.13,890.87,57.63
1,1,5,2025-09-25,644.09,21.63,766.88,388.79
2,3,5,2025-09-25,635.99,19.19,651.85,417.46
3,1,5,2025-09-25,1112.14,36.63,1308.98,405.98
4,3,5,2025-09-25,1650.27,52.89,1696.86,412.66
5,1,5,2025-09-25,1064.07,37.32,1203.25,434.14
6,1,5,2025-09-25,604.94,19.87,679.6,376.39
7,4,5,2025-09-25,859.73,8.8,743.09,415.69
8,5,5,2025-09-25,1201.72,6.93,760.89,401.26
1,2,1,2025-09-26,458.75,2.82,498.81,76.02
2,4,1,2025-09-26,704.8,1.51,596.09,82.48
3,1,1,2025-09-26,894.08,6.0,1008.73,82.09
4,5,1,2025-09-26,1885.12,2.34,1196.77,85.84
5,2,1,2025-09-26,879.17,5.98,941.13,82.11
6,4,1,2025-09-26,464.43,0.94,398.99,83.67
7,2,1,2025-09-26,739.18,4.39,793.97,77.06
8,5,1,2025-09-26,1433.04,1.7,917.99,79.86
1,4,2,2025-09-26,544.11,0.1,464.92,7.96
2,3,2,2025-09-26,965.52,0.69,1015.85,9.07
3,1,2,2025-09-26,603.46,0.41,676.76,8.09
4,5,2,2025-09-26,2009.75,0.25,1284.8,7.97
5,4,2,2025-09-26,1180.85,0.27,1012.47,9.12
6,1,2,2025-09-26,546.51,0.42,626.27,9.02
7,1,2,2025-09-26,976.4,0.68,1115.71,8.38
8,3,2,2025-09-26,1584.77,1.06,1632.12,8.8
1,4,3,2025-09-26,285.48,0.87,238.71,117.18
2,3,3,2025-09-26,1053.91,10.17,1088.17,133.23
3,2,3,2025-09-26,460.1,4.69,516.35,129.76
4,3,3,2025-09-26,2114.5,21.18,2252.91,133.68
5,4,3,2025-09-26,990.98,2.93,837.15,123.48
6,2,3,2025-09-26,311.21,3.17,343.76,125.92
7,1,3,2025-09-26,1071.6,10.47,1227.93,116.45
8,3,3,2025-09-26,1845.98,16.95,1910.44,118.69
1,4,4,2025-09-26,749.99,1.51,630.28,82.05
2,3,4,2025-09-26,999.37,5.72,1043.76,75.72
3,5,4,2025-09-26,934.52,1.03,625.4,75.18
4,5,4,2025-09-26,1970.02,2.06,1262.31,72.36
5,4,4,2025-09-26,1304.04,2.76,1123.19,87.94
6,2,4,2025-09-26,755.15,4.55,851.06,74.93
7,1,4,2025-09-26,639.9,4.5,715.56,86.97
8,3,4,2025-09-26,1365.93,8.86,1451.95,84.73
1,4,5,2025-09-26,615.34,5.36,526.36,353.69
2,4,5,2025-09-26,669.61,6.9,589.6,423.22
3,2,5,2025-09-26,1100.6,33.92,1250.9,399.3
4,5,5,2025-09-26,1674.0,10.32,1070.89,410.83
5,2,5,2025-09-26,1056.31,30.91,1183.59,360.35
6,4,5,2025-09-26,608.07,6.09,529.68,420.99
7,2,5,2025-09-26,826.4,26.37,897.19,417.91
8,5,5,2025-09-26,1290.76,7.05,818.7,356.56
1,4,1,2025-09-27,466.61,0.33,384.96,28.89
2,3,1,2025-09-27,697.69,1.6,750.81,30.66
3,5,1,2025-09-27,911.91,0.43,598.35,31.06
4,5,1,2025-09-27,1916.35,0.83,1213.5,27.51
5,1,1,2025-09-27,942.49,2.23,1074.86,29.04
6,1,1,2025-09-27,485.56,1.22,552.59,30.58
7,2,1,2025-09-27,765.66,1.84,856.17,30.03
8,3,1,2025-09-27,1516.81,3.08,1573.98,27.83
1,2,2,2025-09-27,517.06,0.16,574.99,3.73
2,4,2,2025-09-27,979.55,0.09,811.08,3.49
3,2,2,2025-09-27,590.83,0.17,633.81,3.71
4,5,2,2025-09-27,2010.35,0.12,1332.25,4.01
5,4,2,2025-09-27,1110.33,0.1,926.95,3.65
6,4,2,2025-09-27,530.82,0.05,460.13,3.79
7,2,2,2025-09-27,951.93,0.3,1045.52,3.81
8,5,2,2025-09-27,1630.6,0.08,1047.04,3.53
1,2,3,2025-09-27,307.86,0.95,332.85,40.03
2,3,3,2025-09-27,1066.66,2.91,1130.28,37.72
3,1,3,2025-09-27,446.32,1.59,522.13,40.65
4,5,3,2025-09-27,2129.78,1.28,1382.82,39.53
5,2,3,2025-09-27,919.48,2.92,1022.45,40.76
6,2,3,2025-09-27,285.42,1.02,323.29,44.19
7,4,3,2025-09-27,1023.41,1.07,861.31,41.42
8,5,3,2025-09-27,1828.21,1.14,1201.85,42.92
1,4,4,2025-09-27,702.86,0.29,588.96,17.19
2,3,4,2025-09-27,1035.1,1.61,1094.26,20.39
3,5,4,2025-09-27,931.87,0.25,614.13,17.11
4,5,4,2025-09-27,1927.59,0.58,1278.22,19.69
5,1,4,2025-09-27,1270.43,1.95,1496.69,17.97
6,1,4,2025-09-27,746.36,1.15,877.91,19.03
7,4,4,2025-09-27,651.15,0.31,562.86,18.09
8,3,4,2025-09-27,1285.83,1.97,1363.47,20.18
1,4,5,2025-09-27,603.88,1.76,524.97,119.33
2,3,5,2025-09-27,621.44,6.2,644.35,126.7
3,5,5,2025-09-27,1180.43,2.09,769.15,118.92
4,3,5,2025-09-27,1706.67,15.23,1835.96,122.64
5,2,5,2025-09-27,1096.0,9.81,1202.47,115.77
6,2,5,2025-09-27,595.42,5.75,644.22,120.15
7,4,5,2025-09-27,814.73,2.62,709.54,133.48
8,3,5,2025-09-27,1195.62,10.94,1254.65,123.56
1,1,1,2025-09-29,457.52,3.12,513.29,80.19
2,2,1,2025-09-29,734.31,5.34,812.06,87.43
3,1,1,2025-09-29,890.8,6.1,1002.0,78.4
4,3,1,2025-09-29,1814.98,11.12,1932.22,82.53
5,4,1,2025-09-29,920.07,1.87,800.56,82.03
6,2,1,2025-09-29,454.6,3.04,491.36,83.52
7,2,1,2025-09-29,755.21,4.79,819.54,81.81
8,5,1,2025-09-29,1472.08,1.91,953.92,85.97
1,4,2,2025-09-29,537.62,0.11,460.82,8.26
2,4,2,2025-09-29,996.23,0.21,838.43,8.2
3,5,2,2025-09-29,611.98,0.08,409.69,7.88
4,3,2,2025-09-29,2148.62,1.25,2228.01,7.64
5,1,2,2025-09-29,1118.11,0.77,1268.13,8.34
6,2,2,2025-09-29,538.83,0.4,609.32,9.07
7,2,2,2025-09-29,985.7,0.65,1063.59,8.47
8,3,2,2025-09-29,1659.47,1.1,1736.74,8.99
1,4,3,2025-09-29,314.04,1.02,267.32,136.35
2,4,3,2025-09-29,1042.38,3.6,906.88,142.31
3,1,3,2025-09-29,431.87,5.62,492.37,147.28
4,3,3,2025-09-29,2211.78,22.28,2276.45,129.25
5,2,3,2025-09-29,996.33,12.3,1080.78,147.48
6,4,3,2025-09-29,312.55,1.18,271.87,144.51
7,1,3,2025-09-29,1000.97,11.41,1166.36,128.35
8,5,3,2025-09-29,1768.95,3.75,1156.18,147.5
1,4,4,2025-09-29,727.58,1.57,628.64,83.87
2,3,4,2025-09-29,1001.94,5.58,1021.29,72.05
3,2,4,2025-09-29,902.96,5.84,976.03,81.94
4,3,4,2025-09-29,1865.56,10.9,1939.57,74.73
5,2,4,2025-09-29,1285.49,8.46,1406.15,84.9
6,2,4,2025-09-29,728.36,4.72,824.81,78.64
7,2,4,2025-09-29,650.04,3.91,730.14,74.25
8,5,4,2025-09-29,1379.61,1.75,876.64,84.64
1,4,5,2025-09-29,614.04,6.1,533.98,387.93
2,3,5,2025-09-29,666.99,18.26,698.75,360.19
3,5,5,2025-09-29,1182.7,6.25,774.52,339.58
4,3,5,2025-09-29,1719.72,50.46,1764.96,381.47
5,1,5,2025-09-29,1025.47,28.68,1201.9,338.72
6,4,5,2025-09-29,610.15,5.44,522.73,350.68
7,1,5,2025-09-29,812.58,24.22,937.68,361.22
8,3,5,2025-09-29,1199.3,33.75,1236.68,386.26
1,4,1,2025-09-30,475.41,0.98,416.2,80.51
2,2,1,2025-09-30,691.55,5.26,782.32,92.47
3,5,1,2025-09-30,942.88,1.3,613.03,87.89
4,5,1,2025-09-30,1772.05,2.37,1167.78,86.81
5,2,1,2025-09-30,901.16,6.43,1005.84,93.52
6,1,1,2025-09-30,446.79,3.63,521.02,93.91
7,2,1,2025-09-30,751.56,4.82,812.71,78.58
8,5,1,2025-09-30,1408.13,1.63,907.96,81.34
1,2,2,2025-09-30,523.59,0.56,562.95,12.94
2,3,2,2025-09-30,957.07,0.99,1014.44,13.59
3,5,2,2025-09-30,597.06,0.12,390.38,12.89
4,3,2,2025-09-30,2069.74,2.45,2189.23,15.03
5,4,2,2025-09-30,1097.93,0.4,921.76,15.09
6,2,2,2025-09-30,547.75,0.61,589.25,13.55
7,2,2,2025-09-30,995.44,1.09,1113.94,13.51
8,3,2,2025-09-30,1716.17,2.06,1854.8,15.44
1,2,3,2025-09-30,309.73,3.15,338.79,124.1
2,4,3,2025-09-30,1020.25,3.5,862.37,144.13
3,1,3,2025-09-30,454.88,5.35,515.13,133.73
4,5,3,2025-09-30,2286.87,4.53,1442.94,137.28
5,4,3,2025-09-30,941.84,3.48,793.81,149.74
6,4,3,2025-09-30,314.53,1.13,263.34,145.48
7,2,3,2025-09-30,1098.85,13.22,1223.19,144.21
8,3,3,2025-09-30,1865.55,18.64,1906.43,131.99
1,2,4,2025-09-30,703.89,3.62,768.32,65.46
2,2,4,2025-09-30,1069.23,5.12,1192.19,61.65
3,1,4,2025-09-30,930.91,5.26,1068.15,65.57
4,5,4,2025-09-30,1871.95,1.86,1207.64,65.81
5,4,4,2025-09-30,1247.76,1.71,1078.61,54.74
6,1,4,2025-09-30,733.94,3.99,841.8,64.62
7,1,4,2025-09-30,658.09,3.47,738.13,62.97
8,5,4,2025-09-30,1373.82,1.32,913.49,65.06
1,1,5,2025-09-30,605.19,18.94,685.4,364.24
2,2,5,2025-09-30,619.63,17.7,686.73,350.81
3,1,5,2025-09-30,1130.05,34.59,1314.38,358.68
4,5,5,2025-09-30,1702.37,8.13,1139.04,311.51
5,1,5,2025-09-30,1017.63,25.81,1153.18,299.83
6,1,5,2025-09-30,598.51,16.5,694.44,322.67
7,4,5,2025-09-30,862.11,6.77,743.81,318.53
8,5,5,2025-09-30,1219.0,6.04,808.8,328.67
1,2,1,2025-10-01,492.33,3.48,547.56,89.62
2,3,1,2025-10-01,685.03,3.85,702.82,78.2
3,5,1,2025-10-01,931.0,1.17,588.7,83.85
4,3,1,2025-10-01,1936.64,12.32,2062.18,86.05
5,1,1,2025-10-01,920.14,7.24,1070.81,90.45
6,4,1,2025-10-01,458.29,1.01,395.56,93.1
7,2,1,2025-10-01,763.38,4.8,827.94,80.06
8,5,1,2025-10-01,1398.69,1.91,897.23,91.67
1,1,2,2025-10-01,563.59,0.45,655.72,9.29
2,4,2,2025-10-01,1026.8,0.22,894.4,9.08
3,1,2,2025-10-01,626.95,0.48,705.77,9.29
4,5,2,2025-10-01,1969.61,0.27,1249.29,9.55
5,2,2,2025-10-01,1151.74,0.77,1282.47,8.52
6,4,2,2025-10-01,534.94,0.12,466.54,8.72
7,2,2,2025-10-01,979.77,0.65,1096.46,8.34
8,5,2,2025-10-01,1652.68,0.25,1045.96,9.75
1,1,3,2025-10-01,286.93,3.35,335.57,141.36
2,2,3,2025-10-01,1041.58,11.35,1180.41,137.84
3,5,3,2025-10-01,471.91,1.03,301.8,139.76
4,3,3,2025-10-01,2175.41,20.84,2259.06,130.45
5,2,3,2025-10-01,987.14,10.02,1103.56,126.86
6,2,3,2025-10-01,304.87,3.34,330.82,139.56
7,4,3,2025-10-01,1102.06,4.02,910.52,141.93
8,5,3,2025-10-01,1711.33,3.82,1144.62,142.82
1,1,4,2025-10-01,721.78,3.47,825.6,56.29
2,3,4,2025-10-01,1097.53,4.85,1166.87,61.5
3,2,4,2025-10-01,871.65,4.29,985.57,58.97
4,5,4,2025-10-01,1966.19,2.05,1296.92,66.73
5,4,4,2025-10-01,1301.16,2.22,1098.09,65.76
6,2,4,2025-10-01,690.56,3.23,781.92,59.28
7,2,4,2025-10-01,628.39,2.97,684.32,60.67
8,3,4,2025-10-01,1295.46,5.65,1331.54,57.88
1,4,5,2025-10-01,618.73,6.21,530.34,415.15
2,4,5,2025-10-01,628.04,6.91,541.94,435.17
3,2,5,2025-10-01,1206.23,39.09,1343.47,394.23
4,3,5,2025-10-01,1737.23,47.94,1809.81,374.99
5,2,5,2025-10-01,1051.65,32.85,1133.51,372.22
6,2,5,2025-10-01,648.45,21.64,712.58,432.93
7,1,5,2025-10-01,826.09,29.85,930.31,434.57
8,3,5,2025-10-01,1189.4,31.78,1246.9,372.37
1,2,1,2025-10-02,455.19,3.2,501.02,88.11
2,4,1,2025-10-02,746.99,1.61,629.35,83.42
3,5,1,2025-10-02,867.43,1.11,563.47,85.37
4,3,1,2025-10-02,1836.57,13.38,1917.73,96.56
5,4,1,2025-10-02,897.57,2.2,783.69,93.67
6,4,1,2025-10-02,455.14,1.04,391.03,90.33
7,2,1,2025-10-02,718.34,4.75,788.65,86.81
8,5,1,2025-10-02,1491.51,2.08,950.72,94.3
1,2,2,2025-10-02,551.15,0.54,606.62,12.14
2,2,2,2025-10-02,974.4,1.1,1058.02,14.0
3,2,2,2025-10-02,591.96,0.66,638.96,14.1
4,3,2,2025-10-02,1967.01,1.83,2106.59,12.02
5,1,2,2025-10-02,1176.71,1.26,1342.75,12.01
6,4,2,2025-10-02,552.15,0.17,459.24,12.25
7,4,2,2025-10-02,910.64,0.27,769.79,12.43
8,3,2,2025-10-02,1638.68,1.62,1759.94,12.69
1,2,3,2025-10-02,294.22,2.99,326.59,122.23
2,2,3,2025-10-02,1048.71,10.33,1176.15,117.26
3,5,3,2025-10-02,442.37,0.74,285.99,116.14
4,5,3,2025-10-02,2118.24,4.28,1377.19,129.23
5,2,3,2025-10-02,963.98,10.67,1030.71,138.2
6,2,3,2025-10-02,294.04,2.92,329.12,119.76
7,2,3,2025-10-02,1033.09,10.76,1123.16,127.37
8,5,3,2025-10-02,1843.34,3.74,1221.46,136.04
1,2,4,2025-10-02,730.58,4.55,805.39,75.15
2,2,4,2025-10-02,1034.98,6.55,1109.77,78.11
3,2,4,2025-10-02,902.58,5.45,967.48,77.19
4,5,4,2025-10-02,2013.43,2.42,1283.28,79.32
5,2,4,2025-10-02,1356.83,8.33,1484.91,74.32
6,2,4,2025-10-02,752.9,4.35,823.87,71.99
7,4,4,2025-10-02,647.3,1.13,547.69,69.48
8,3,4,2025-10-02,1382.38,8.25,1434.49,78.46
1,2,5,2025-10-02,617.75,16.32,683.91,332.36
2,3,5,2025-10-02,641.87,15.12,684.77,302.13
3,1,5,2025-10-02,1166.36,33.75,1371.94,335.75
4,3,5,2025-10-02,1669.0,42.3,1715.78,326.31
5,1,5,2025-10-02,1080.57,29.43,1256.34,312.05
6,2,5,2025-10-02,630.04,17.01,677.06,332.95
7,2,5,2025-10-02,858.6,23.36,944.91,340.92
8,3,5,2025-10-02,1291.55,32.05,1397.71,335.15
1,1,1,2025-10-03,493.08,2.67,577.24,65.62
2,3,1,2025-10-03,691.51,3.87,730.63,71.36
3,1,1,2025-10-03,912.45,5.68,1042.75,72.85
4,3,1,2025-10-03,1805.29,9.31,1912.83,69.86
5,4,1,2025-10-03,869.63,1.6,738.43,76.82
6,4,1,2025-10-03,471.49,0.81,404.95,70.79
7,2,1,2025-10-03,780.94,4.83,845.21,75.5
8,5,1,2025-10-03,1399.9,1.63,884.37,75.28
1,1,2,2025-10-03,515.77,0.4,607.65,9.26
2,3,2,2025-10-03,935.11,0.65,994.57,9.44
3,5,2,2025-10-03,595.62,0.09,376.69,9.68
4,5,2,2025-10-03,2040.04,0.28,1288.97,9.58
5,4,2,2025-10-03,1119.94,0.25,956.19,9.44
6,2,2,2025-10-03,551.92,0.48,595.55,11.12
7,2,2,2025-10-03,972.08,0.76,1062.79,9.97
8,5,2,2025-10-03,1717.72,0.25,1148.79,9.34
1,4,3,2025-10-03,300.6,0.93,252.17,126.07
2,3,3,2025-10-03,1058.44,9.59,1128.82,125.85
3,1,3,2025-10-03,463.26,5.13,536.63,136.76
4,5,3,2025-10-03,2178.86,3.74,1441.59,119.77
5,1,3,2025-10-03,925.77,10.07,1041.8,123.79
6,2,3,2025-10-03,294.45,3.17,331.09,134.78
7,4,3,2025-10-03,1040.31,3.3,871.18,127.78
8,5,3,2025-10-03,1832.17,3.56,1168.74,124.46
1,2,4,2025-10-03,743.53,3.57,832.81,61.8
2,2,4,2025-10-03,1095.34,4.8,1209.94,56.71
3,2,4,2025-10-03,910.61,4.71,1027.17,62.34
4,3,4,2025-10-03,1995.61,8.36,2101.08,57.05
5,2,4,2025-10-03,1239.29,5.59,1395.49,57.04
6,4,4,2025-10-03,717.92,1.1,600.22,61.39
7,4,4,2025-10-03,667.09,0.92,552.63,57.38
8,3,4,2025-10-03,1286.97,5.46,1358.41,55.48
1,1,5,2025-10-03,621.84,16.69,703.56,301.77
2,3,5,2025-10-03,649.6,13.44,685.9,281.92
3,1,5,2025-10-03,1138.22,27.57,1295.05,294.2
4,5,5,2025-10-03,1708.31,7.63,1086.18,304.6
5,4,5,2025-10-03,1015.28,7.41,858.34,285.68
6,4,5,2025-10-03,608.28,4.57,524.45,308.16
7,4,5,2025-10-03,847.35,6.32,713.78,287.39
8,5,5,2025-10-03,1197.17,5.62,792.05,303.1
1,2,1,2025-10-04,468.76,0.81,530.28,22.71
2,3,1,2025-10-04,731.66,1.38,757.58,23.96
3,1,1,2025-10-04,907.83,1.68,1025.36,21.15
4,5,1,2025-10-04,1917.87,0.63,1243.63,21.72
5,1,1,2025-10-04,884.71,1.63,1037.64,21.9
6,1,1,2025-10-04,457.67,0.87,534.59,23.04
7,2,1,2025-10-04,762.57,1.57,854.63,24.53
8,3,1,2025-10-04,1420.15,2.71,1524.72,24.47
1,1,2,2025-10-04,544.6,0.14,635.82,3.06
2,4,2,2025-10-04,954.06,0.09,810.26,3.62
3,1,2,2025-10-04,636.15,0.17,724.45,3.09
4,3,2,2025-10-04,2018.77,0.54,2078.86,3.52
5,4,2,2025-10-04,1101.38,0.1,950.96,3.44
6,1,2,2025-10-04,560.54,0.17,634.87,3.45
7,2,2,2025-10-04,909.22,0.25,998.88,3.34
8,5,2,2025-10-04,1581.8,0.08,1007.33,3.31
1,4,3,2025-10-04,292.75,0.43,249.62,59.35
2,4,3,2025-10-04,1100.07,1.61,908.25,58.94
3,5,3,2025-10-04,452.68,0.36,286.56,51.9
4,3,3,2025-10-04,2251.28,9.79,2324.44,58.13
5,4,3,2025-10-04,913.18,1.34,793.07,58.46
6,2,3,2025-10-04,300.67,1.29,332.16,53.52
7,1,3,2025-10-04,1048.04,4.68,1173.39,53.38
8,3,3,2025-10-04,1743.55,6.99,1777.78,50.9
1,1,4,2025-10-04,733.82,1.46,842.68,24.52
2,2,4,2025-10-04,1062.47,1.99,1149.49,24.05
3,1,4,2025-10-04,878.84,1.79,1009.28,24.63
4,5,4,2025-10-04,2013.18,0.72,1314.9,23.75
5,4,4,2025-10-04,1253.7,0.75,1066.04,23.32
6,2,4,2025-10-04,746.93,1.32,837.81,22.94
7,4,4,2025-10-04,674.44,0.42,582.44,24.29
8,5,4,2025-10-04,1381.18,0.53,878.6,25.53
1,2,5,2025-10-04,590.85,6.37,651.96,130.89
2,4,5,2025-10-04,671.39,2.17,585.82,134.58
3,2,5,2025-10-04,1198.32,12.42,1343.36,135.98
4,3,5,2025-10-04,1716.97,16.41,1752.13,133.25
5,1,5,2025-10-04,1021.77,11.87,1211.65,137.52
6,2,5,2025-10-04,609.42,5.93,675.82,121.82
7,1,5,2025-10-04,840.63,8.58,980.06,124.6
8,5,5,2025-10-04,1209.93,2.48,778.59,142.06
1,2,1,2025-10-06,457.69,3.26,501.15,86.69
2,4,1,2025-10-06,697.51,1.7,608.18,96.65
3,2,1,2025-10-06,887.53,5.95,967.71,82.47
4,3,1,2025-10-06,1835.59,12.09,1981.4,90.76
5,4,1,2025-10-06,925.49,2.18,791.27,96.74
6,2,1,2025-10-06,484.73,3.22,529.0,81.02
7,2,1,2025-10-06,736.78,4.97,806.27,83.61
8,5,1,2025-10-06,1508.98,2.12,957.44,89.55
1,1,2,2025-10-06,524.46,0.58,601.6,12.75
2,2,2,2025-10-06,1003.21,0.89,1106.12,10.91
3,2,2,2025-10-06,609.44,0.54,666.92,11.49
4,3,2,2025-10-06,2036.19,1.94,2117.62,12.27
5,1,2,2025-10-06,1204.04,1.23,1378.18,11.71
6,2,2,2025-10-06,532.18,0.53,570.61,12.09
7,4,2,2025-10-06,938.51,0.3,793.33,12.58
8,3,2,2025-10-06,1590.26,1.44,1677.11,11.52
1,4,3,2025-10-06,308.79,0.89,260.1,120.41
2,3,3,2025-10-06,1067.5,10.1,1134.29,130.11
3,1,3,2025-10-06,440.85,4.25,506.21,114.35
4,3,3,2025-10-06,2199.44,19.9,2366.2,123.44
5,1,3,2025-10-06,919.71,8.65,1046.43,114.23
6,4,3,2025-10-06,288.23,0.94,245.73,129.58
7,4,3,2025-10-06,1007.23,3.37,861.11,129.98
8,3,3,2025-10-06,1756.33,15.32,1801.13,116.85
1,4,4,2025-10-06,696.72,1.15,600.88,66.01
2,3,4,2025-10-06,999.05,4.64,1048.0,63.66
3,1,4,2025-10-06,881.86,4.49,989.71,57.24
4,3,4,2025-10-06,1914.48,8.35,2031.56,59.91
5,2,4,2025-10-06,1364.51,6.02,1463.54,55.52
6,4,4,2025-10-06,753.38,1.3,636.32,66.47
7,1,4,2025-10-06,666.88,3.32,776.89,57.9
8,5,4,2025-10-06,1399.32,1.26,917.2,57.29
1,1,5,2025-10-06,609.07,18.14,706.39,340.24
2,2,5,2025-10-06,662.31,18.0,734.05,343.14
3,5,5,2025-10-06,1201.36,6.93,775.67,375.98
4,3,5,2025-10-06,1644.53,44.75,1726.39,370.1
5,4,5,2025-10-06,1055.95,10.07,878.94,374.58
6,4,5,2025-10-06,630.16,5.59,546.47,370.25
7,2,5,2025-10-06,887.52,25.91,1005.13,376.36
8,5,5,2025-10-06,1218.6,6.37,780.78,363.16
1,4,1,2025-10-07,491.92,0.86,417.85,72.02
2,3,1,2025-10-07,745.11,3.84,798.4,71.57
3,2,1,2025-10-07,879.54,5.29,967.38,73.83
4,3,1,2025-10-07,1828.27,9.8,1892.71,71.51
5,1,1,2025-10-07,892.58,6.45,1056.01,82.05
6,1,1,2025-10-07,454.68,3.0,532.17,77.37
7,2,1,2025-10-07,776.72,4.96,869.11,80.65
8,3,1,2025-10-07,1520.66,9.2,1631.4,76.95
1,2,2,2025-10-07,517.81,0.33,554.81,7.76
2,2,2,2025-10-07,994.2,0.68,1119.0,8.49
3,2,2,2025-10-07,608.44,0.4,677.01,8.17
4,5,2,2025-10-07,2145.24,0.24,1362.41,7.11
5,1,2,2025-10-07,1165.89,0.78,1337.09,7.63
6,2,2,2025-10-07,530.62,0.3,569.85,7.09
7,1,2,2025-10-07,930.52,0.61,1096.04,7.46
8,5,2,2025-10-07,1575.56,0.19,1045.39,8.04
1,2,3,2025-10-07,295.09,3.13,327.81,133.89
2,2,3,2025-10-07,1058.6,10.34,1196.2,126.79
3,1,3,2025-10-07,455.24,5.18,532.43,135.17
4,3,3,2025-10-07,2202.08,22.69,2349.11,142.19
5,1,3,2025-10-07,920.53,11.35,1068.03,150.32
6,2,3,2025-10-07,299.59,3.22,327.18,130.31
7,2,3,2025-10-07,1053.76,11.91,1166.21,143.21
8,5,3,2025-10-07,1868.77,3.75,1205.46,137.21
1,2,4,2025-10-07,734.66,4.96,801.03,87.47
2,4,4,2025-10-07,1070.75,2.16,905.7,80.9
3,2,4,2025-10-07,891.47,5.81,979.28,84.84
4,3,4,2025-10-07,2040.69,13.28,2203.39,83.74
5,2,4,2025-10-07,1312.61,9.02,1453.92,81.96
6,2,4,2025-10-07,742.09,4.99,822.87,83.53
7,4,4,2025-10-07,668.1,1.28,565.55,78.5
8,3,4,2025-10-07,1364.41,9.26,1435.28,88.72
1,2,5,2025-10-07,632.06,19.43,687.11,386.34
2,4,5,2025-10-07,636.95,5.96,546.62,381.7
3,1,5,2025-10-07,1122.78,41.16,1281.67,437.62
4,3,5,2025-10-07,1713.56,51.01,1782.83,401.38
5,1,5,2025-10-07,1055.28,39.53,1184.71,440.96
6,1,5,2025-10-07,647.81,22.22,758.33,393.89
7,4,5,2025-10-07,866.21,9.9,726.56,444.18
8,5,5,2025-10-07,1302.61,8.13,864.37,398.82
1,1,1,2025-10-08,448.85,2.9,528.89,72.73
2,4,1,2025-10-08,742.46,1.3,637.16,73.26
3,5,1,2025-10-08,857.53,0.97,568.46,76.42
4,3,1,2025-10-08,1872.47,9.85,2005.33,70.24
5,1,1,2025-10-08,880.24,5.6,1026.97,77.9
6,2,1,2025-10-08,452.06,2.78,498.51,76.96
7,4,1,2025-10-08,723.87,1.17,609.09,66.86
8,3,1,2025-10-08,1467.14,7.34,1527.83,66.15
1,1,2,2025-10-08,555.28,0.56,654.15,11.89
2,3,2,2025-10-08,948.3,0.95,1025.67,13.12
3,2,2,2025-10-08,596.85,0.6,661.33,12.89
4,5,2,2025-10-08,2073.21,0.43,1364.02,14.01
5,2,2,2025-10-08,1128.53,1.24,1214.45,14.05
6,2,2,2025-10-08,525.52,0.54,587.81,12.19
7,4,2,2025-10-08,955.52,0.35,830.17,13.95
8,5,2,2025-10-08,1578.42,0.32,1013.19,14.02
1,1,3,2025-10-08,308.76,3.66,350.54,142.29
2,2,3,2025-10-08,1041.84,10.84,1167.39,127.94
3,5,3,2025-10-08,466.1,0.94,298.33,133.96
4,3,3,2025-10-08,2282.37,24.06,2464.76,134.74
5,4,3,2025-10-08,948.48,3.76,793.07,151.43
6,4,3,2025-10-08,305.62,1.04,262.88,133.14
7,4,3,2025-10-08,1085.1,3.97,935.73,152.33
8,3,3,2025-10-08,1859.75,18.68,1914.12,129.37
1,2,4,2025-10-08,732.28,5.44,809.85,91.32
2,2,4,2025-10-08,1004.54,7.37,1114.95,92.07
3,5,4,2025-10-08,865.21,1.04,546.89,77.76
4,3,4,2025-10-08,1882.58,13.4,1984.4,91.08
5,2,4,2025-10-08,1364.64,9.98,1526.44,87.85
6,1,4,2025-10-08,741.44,5.45,859.25,87.69
7,2,4,2025-10-08,633.09,4.09,703.97,82.39
8,3,4,2025-10-08,1364.27,8.86,1468.62,87.88
1,2,5,2025-10-08,632.03,16.78,719.1,340.38
2,4,5,2025-10-08,642.99,4.98,537.84,325.67
3,5,5,2025-10-08,1173.27,6.29,752.25,370.5
4,5,5,2025-10-08,1722.72,8.76,1088.87,347.14
5,1,5,2025-10-08,1060.66,26.78,1236.27,306.52
6,2,5,2025-10-08,597.58,17.68,665.92,365.56
7,1,5,2025-10-08,856.49,26.47,1008.83,348.23
8,3,5,2025-10-08,1235.37,31.86,1278.28,353.57
1,4,1,2025-10-09,455.16,0.92,394.94,77.09
2,3,1,2025-10-09,722.9,3.77,750.64,71.86
3,2,1,2025-10-09,890.21,5.87,964.56,80.75
4,5,1,2025-10-09,1858.85,2.35,1174.46,82.47
5,1,1,2025-10-09,916.21,5.75,1083.04,72.8
6,4,1,2025-10-09,489.96,1.02,412.18,81.76
7,2,1,2025-10-09,753.79,4.62,805.3,75.93
8,5,1,2025-10-09,1385.76,1.55,911.53,72.69
1,2,2,2025-10-09,513.75,0.44,551.77,11.08
2,4,2,2025-10-09,975.3,0.28,810.89,11.41
3,2,2,2025-10-09,635.39,0.64,700.3,12.11
4,3,2,2025-10-09,1952.84,1.84,2074.13,12.96
5,1,2,2025-10-09,1175.66,1.11,1352.81,11.17
6,1,2,2025-10-09,515.96,0.49,596.96,10.99
7,1,2,2025-10-09,959.07,1.02,1135.75,12.56
8,3,2,2025-10-09,1593.2,1.27,1628.38,11.14
1,4,3,2025-10-09,297.79,1.09,249.88,144.57
2,4,3,2025-10-09,999.93,3.07,849.25,124.69
3,2,3,2025-10-09,447.16,4.85,482.05,134.07
4,3,3,2025-10-09,2197.6,20.73,2268.33,131.01
5,2,3,2025-10-09,937.12,10.6,1012.41,143.6
6,4,3,2025-10-09,313.41,1.19,265.92,145.51
7,1,3,2025-10-09,1058.41,11.68,1205.95,124.44
8,3,3,2025-10-09,1815.02,18.61,1883.93,139.43
1,2,4,2025-10-09,719.89,4.28,789.23,72.39
2,2,4,2025-10-09,1076.81,6.3,1219.33,70.28
3,1,4,2025-10-09,886.4,4.85,1020.64,65.7
4,5,4,2025-10-09,2029.9,2.22,1326.49,73.42
5,4,4,2025-10-09,1277.02,2.18,1074.37,66.76
6,4,4,2025-10-09,713.29,1.2,603.04,65.0
7,4,4,2025-10-09,664.93,1.18,578.1,67.88
8,3,4,2025-10-09,1295.92,6.28,1370.89,67.95
1,2,5,2025-10-09,614.6,16.82,666.26,348.73
2,3,5,2025-10-09,642.06,17.52,659.31,359.56
3,5,5,2025-10-09,1155.23,6.31,748.5,371.86
4,3,5,2025-10-09,1732.75,45.58,1845.32,360.81
5,1,5,2025-10-09,1050.48,27.89,1205.88,318.85
6,2,5,2025-10-09,609.47,18.62,660.92,377.05
7,4,5,2025-10-09,859.74,6.85,719.53,329.32
8,3,5,2025-10-09,1257.63,32.01,1341.38,328.9
1,2,1,2025-10-10,479.4,2.76,538.93,68.74
2,3,1,2025-10-10,711.22,3.7,764.81,67.92
3,2,1,2025-10-10,901.03,5.01,999.61,67.07
4,5,1,2025-10-10,1881.52,1.86,1210.81,65.21
5,2,1,2025-10-10,922.84,5.12,1045.46,71.25
6,2,1,2025-10-10,457.01,2.74,498.42,72.26
7,4,1,2025-10-10,734.5,1.37,631.74,71.94
8,3,1,2025-10-10,1440.32,7.7,1551.35,68.25
1,4,2,2025-10-10,547.98,0.17,467.29,12.9
2,3,2,2025-10-10,994.92,0.86,1013.88,11.93
3,5,2,2025-10-10,591.74,0.11,380.13,12.49
4,5,2,2025-10-10,1998.63,0.32,1329.87,11.29
5,2,2,2025-10-10,1119.96,1.04,1235.25,12.19
6,4,2,2025-10-10,518.2,0.17,427.44,13.29
7,4,2,2025-10-10,997.05,0.31,854.46,11.94
8,3,2,2025-10-10,1669.54,1.56,1728.86,12.26
1,1,3,2025-10-10,310.41,3.8,364.65,143.97
2,2,3,2025-10-10,1024.98,12.3,1135.97,153.15
3,2,3,2025-10-10,435.06,4.56,466.12,133.73
4,5,3,2025-10-10,2269.0,5.25,1487.07,159.2
5,2,3,2025-10-10,932.95,11.58,1030.81,150.13
6,1,3,2025-10-10,294.73,3.32,332.77,134.28
7,1,3,2025-10-10,1061.15,13.49,1246.68,150.23
8,5,3,2025-10-10,1886.65,4.76,1251.48,162.33
1,4,4,2025-10-10,755.66,1.23,656.65,68.08
2,3,4,2025-10-10,1007.23,5.2,1033.68,68.25
3,2,4,2025-10-10,928.46,4.6,1039.66,61.67
4,3,4,2025-10-10,1926.58,10.19,2058.16,67.33
5,4,4,2025-10-10,1342.87,2.16,1139.44,66.5
6,1,4,2025-10-10,733.91,4.33,864.38,67.1
7,2,4,2025-10-10,656.44,3.69,718.0,68.06
8,5,4,2025-10-10,1363.23,1.27,887.75,65.14
1,1,5,2025-10-10,619.83,15.95,725.72,318.34
2,3,5,2025-10-10,670.43,17.01,712.76,355.08
3,2,5,2025-10-10,1134.53,32.66,1258.11,350.14
4,5,5,2025-10-10,1776.75,9.3,1163.94,342.09
5,1,5,2025-10-10,1056.56,34.09,1197.61,373.61
6,2,5,2025-10-10,611.23,18.42,667.02,369.44
7,4,5,2025-10-10,814.73,7.51,711.7,360.2
8,5,5,2025-10-10,1296.34,6.18,851.11,317.56
1,4,1,2025-10-11,478.86,0.31,412.64,27.14
2,2,1,2025-10-11,741.34,1.64,837.12,26.64
3,1,1,2025-10-11,873.18,1.78,979.24,24.85
4,5,1,2025-10-11,1759.8,0.7,1116.45,25.89
5,2,1,2025-10-11,900.29,1.96,975.51,27.49
6,4,1,2025-10-11,469.31,0.33,407.32,27.7
7,4,1,2025-10-11,717.64,0.47,618.86,26.98
8,3,1,2025-10-11,1403.75,2.45,1455.93,23.75
1,4,2,2025-10-11,525.92,0.03,447.45,2.6
2,4,2,2025-10-11,940.61,0.07,798.38,2.91
3,1,2,2025-10-11,638.68,0.16,727.5,2.96
4,3,2,2025-10-11,1950.55,0.42,2049.48,2.85
5,1,2,2025-10-11,1107.81,0.27,1289.8,2.84
6,4,2,2025-10-11,556.24,0.04,464.97,2.78
7,4,2,2025-10-11,977.1,0.06,819.38,2.56
8,5,2,2025-10-11,1573.26,0.07,1043.48,2.96
1,4,3,2025-10-11,305.03,0.38,264.46,50.83
2,2,3,2025-10-11,1049.79,4.14,1156.71,47.31
3,1,3,2025-10-11,445.88,1.71,500.44,46.71
4,5,3,2025-10-11,2278.47,1.83,1480.11,51.22
5,2,3,2025-10-11,955.04,4.17,1024.75,55.09
6,2,3,2025-10-11,313.59,1.08,338.48,45.16
7,4,3,2025-10-11,1011.87,1.12,835.15,46.14
8,5,3,2025-10-11,1787.89,1.42,1174.15,52.28
1,1,4,2025-10-11,712.0,1.68,831.75,28.9
2,2,4,2025-10-11,1090.81,2.32,1171.4,26.21
3,1,4,2025-10-11,879.38,2.17,1037.08,29.42
4,5,4,2025-10-11,1857.78,0.7,1232.48,25.13
5,4,4,2025-10-11,1272.09,0.98,1065.72,29.51
6,2,4,2025-10-11,732.14,1.62,810.2,28.32
7,1,4,2025-10-11,640.37,1.41,754.4,26.94
8,3,4,2025-10-11,1321.49,2.64,1428.76,25.77
1,4,5,2025-10-11,595.68,1.61,509.3,109.25
2,4,5,2025-10-11,617.62,1.49,513.17,97.51
3,2,5,2025-10-11,1127.12,9.04,1230.72,98.37
4,5,5,2025-10-11,1702.86,2.84,1084.92,108.47
5,1,5,2025-10-11,1071.35,9.35,1245.59,102.6
6,2,5,2025-10-11,607.48,4.56,671.73,98.63
7,1,5,2025-10-11,883.58,7.65,1015.8,97.24
8,5,5,2025-10-11,1206.91,1.77,772.06,96.99
1,2,1,2025-10-13,479.54,3.42,520.89,89.22
2,2,1,2025-10-13,728.3,5.06,826.12,86.96
3,5,1,2025-10-13,924.95,1.15,596.75,86.15
4,3,1,2025-10-13,1787.7,11.32,1930.92,80.47
5,1,1,2025-10-13,919.49,7.42,1044.25,93.31
6,1,1,2025-10-13,455.24,3.25,539.51,86.74
7,2,1,2025-10-13,781.03,4.85,837.76,79.22
8,5,1,2025-10-13,1427.6,1.9,938.23,92.81
1,2,2,2025-10-13,525.76,0.33,582.03,7.46
2,4,2,2025-10-13,992.45,0.22,828.96,8.51
3,2,2,2025-10-13,598.88,0.42,675.31,8.65
4,3,2,2025-10-13,2145.87,1.24,2311.22,7.81
5,1,2,2025-10-13,1203.97,0.85,1350.41,8.57
6,4,2,2025-10-13,528.18,0.12,459.23,8.64
7,4,2,2025-10-13,908.29,0.18,775.07,7.91
8,3,2,2025-10-13,1654.58,1.09,1747.99,8.52
1,2,3,2025-10-13,290.44,2.55,324.71,106.45
2,2,3,2025-10-13,1027.46,9.5,1114.92,121.65
3,1,3,2025-10-13,457.11,4.63,542.33,117.23
4,5,3,2025-10-13,2131.38,3.43,1391.37,110.79
5,2,3,2025-10-13,970.17,9.37,1076.56,121.39
6,2,3,2025-10-13,286.51,2.88,324.96,125.01
7,1,3,2025-10-13,1028.06,9.33,1192.58,110.06
8,3,3,2025-10-13,1865.86,15.79,1988.61,117.8
1,2,4,2025-10-13,700.2,3.89,761.45,71.39
2,2,4,2025-10-13,997.9,6.04,1098.36,73.43
3,1,4,2025-10-13,882.52,5.33,1020.21,72.91
4,3,4,2025-10-13,2032.44,9.93,2187.34,67.62
5,1,4,2025-10-13,1282.55,8.2,1483.63,74.95
6,4,4,2025-10-13,754.9,1.23,627.23,66.61
7,4,4,2025-10-13,671.84,1.26,560.1,75.53
8,5,4,2025-10-13,1321.77,1.44,835.74,75.01
1,2,5,2025-10-13,624.37,17.7,676.09,370.07
2,4,5,2025-10-13,631.18,5.37,537.97,331.22
3,5,5,2025-10-13,1158.77,5.72,771.26,332.42
4,3,5,2025-10-13,1773.31,49.29,1851.58,388.17
5,2,5,2025-10-13,1099.72,33.23,1205.84,378.94
6,1,5,2025-10-13,630.25,17.16,712.95,333.85
7,2,5,2025-10-13,838.77,20.89,910.43,326.49
8,5,5,2025-10-13,1281.3,6.97,821.88,349.89
1,2,1,2025-10-14,493.21,3.49,553.25,90.66
2,4,1,2025-10-14,742.83,1.66,623.37,87.87
3,2,1,2025-10-14,900.26,7.19,964.5,102.7
4,3,1,2025-10-14,1777.32,12.44,1828.95,97.47
5,2,1,2025-10-14,872.43,7.49,951.01,102.46
6,1,1,2025-10-14,450.89,3.75,505.08,97.53
7,1,1,2025-10-14,784.13,6.36,896.48,99.91
8,3,1,2025-10-14,1441.4,9.95,1510.25,93.08
1,2,2,2025-10-14,543.08,0.51,585.33,11.61
2,2,2,2025-10-14,987.42,0.84,1105.93,10.32
3,2,2,2025-10-14,648.13,0.59,712.82,11.23
4,3,2,2025-10-14,2113.91,1.6,2202.47,10.54
5,4,2,2025-10-14,1202.0,0.29,1004.94,9.73
6,4,2,2025-10-14,562.97,0.16,491.0,11.52
7,2,2,2025-10-14,917.62,0.85,1006.6,11.71
8,5,2,2025-10-14,1690.48,0.25,1111.92,9.89
1,2,3,2025-10-14,287.22,3.02,308.1,132.31
2,3,3,2025-10-14,1101.98,10.64,1133.58,133.17
3,5,3,2025-10-14,461.56,0.98,305.96,142.99
4,5,3,2025-10-14,2303.42,4.33,1493.49,127.99
5,1,3,2025-10-14,938.17,9.95,1102.63,130.25
6,4,3,2025-10-14,312.81,0.99,263.53,125.03
7,4,3,2025-10-14,1062.85,3.85,883.37,149.06
8,3,3,2025-10-14,1732.12,17.19,1862.44,134.4
1,4,4,2025-10-14,727.41,1.12,628.92,64.09
2,4,4,2025-10-14,1074.26,1.86,896.34,70.89
3,1,4,2025-10-14,863.4,4.65,976.58,61.87
4,5,4,2025-10-14,1971.66,2.18,1275.54,72.35
5,4,4,2025-10-14,1238.48,2.19,1055.01,72.57
6,4,4,2025-10-14,710.58,1.18,620.75,66.38
7,1,4,2025-10-14,645.27,3.67,740.55,65.95
8,5,4,2025-10-14,1360.05,1.5,871.73,72.12
1,2,5,2025-10-14,634.49,20.38,708.53,396.24
2,2,5,2025-10-14,665.03,20.2,737.17,390.84
3,2,5,2025-10-14,1130.06,33.42,1246.7,366.51
4,5,5,2025-10-14,1625.49,9.64,1060.27,379.49
5,4,5,2025-10-14,1089.27,10.74,911.28,395.17
6,2,5,2025-10-14,603.42,17.82,669.19,384.35
7,4,5,2025-10-14,880.48,8.81,764.13,399.27
8,5,5,2025-10-14,1234.14,6.52,809.15,336.72
1,1,1,2025-10-15,478.43,4.16,548.5,99.28
2,2,1,2025-10-15,730.49,5.64,787.9,95.32
3,2,1,2025-10-15,870.4,6.12,980.13,91.55
4,3,1,2025-10-15,1892.21,13.87,2031.71,94.95
5,4,1,2025-10-15,889.71,2.05,759.67,89.3
6,2,1,2025-10-15,462.99,3.03,500.46,84.44
7,4,1,2025-10-15,766.37,1.68,657.27,90.38
8,3,1,2025-10-15,1419.33,10.23,1532.9,98.37
1,4,2,2025-10-15,564.72,0.13,493.62,9.43
2,3,2,2025-10-15,937.96,0.64,974.79,9.23
3,1,2,2025-10-15,613.03,0.54,713.96,10.69
4,5,2,2025-10-15,1955.66,0.32,1296.6,11.06
5,1,2,2025-10-15,1178.8,1.1,1365.44,11.04
6,1,2,2025-10-15,541.57,0.46,606.37,9.95
7,2,2,2025-10-15,947.73,0.8,1072.09,10.53
8,3,2,2025-10-15,1728.33,1.43,1809.13,10.74
1,4,3,2025-10-15,290.08,0.93,241.38,122.93
2,2,3,2025-10-15,1099.29,12.02,1233.54,131.31
3,2,3,2025-10-15,440.64,4.13,473.0,115.06
4,3,3,2025-10-15,2119.1,21.23,2212.77,131.12
5,4,3,2025-10-15,984.82,3.14,813.15,128.93
6,2,3,2025-10-15,308.59,3.2,340.93,135.74
7,1,3,2025-10-15,1008.02,12.17,1135.28,138.52
8,3,3,2025-10-15,1740.47,16.87,1869.78,125.14
1,4,4,2025-10-15,687.01,1.36,571.31,77.21
2,2,4,2025-10-15,1077.44,8.13,1202.83,90.61
3,5,4,2025-10-15,872.63,1.06,550.84,80.11
4,5,4,2025-10-15,2031.1,2.53,1318.88,82.93
5,1,4,2025-10-15,1240.16,9.49,1410.58,92.08
6,1,4,2025-10-15,740.99,6.04,839.38,91.39
7,1,4,2025-10-15,653.81,4.83,755.98,88.09
8,5,4,2025-10-15,1386.86,1.97,925.65,90.92
1,4,5,2025-10-15,628.13,4.99,523.86,319.26
2,3,5,2025-10-15,618.78,17.47,643.69,364.93
3,2,5,2025-10-15,1182.97,32.7,1268.81,351.97
4,3,5,2025-10-15,1735.04,47.08,1849.2,374.66
5,4,5,2025-10-15,1067.15,10.16,928.23,365.62
6,2,5,2025-10-15,628.46,16.11,713.42,314.34
7,4,5,2025-10-15,878.66,7.68,734.72,333.57
8,3,5,2025-10-15,1308.55,33.66,1354.0,355.82
1,2,1,2025-10-16,454.93,3.34,496.03,92.15
2,4,1,2025-10-16,715.87,2.01,626.24,108.67
3,1,1,2025-10-16,855.21,6.29,967.23,90.17
4,3,1,2025-10-16,1760.15,12.17,1843.49,91.96
5,4,1,2025-10-16,925.73,2.25,805.83,99.07
6,1,1,2025-10-16,470.48,3.79,555.65,99.61
7,4,1,2025-10-16,717.13,2.02,614.53,108.23
8,3,1,2025-10-16,1382.04,10.39,1442.69,101.39
1,2,2,2025-10-16,553.91,0.5,592.3,11.11
2,2,2,2025-10-16,1023.84,0.99,1156.46,11.72
3,2,2,2025-10-16,641.35,0.61,711.43,11.47
4,5,2,2025-10-16,2109.86,0.37,1354.84,11.23
5,4,2,2025-10-16,1130.18,0.31,950.4,10.7
6,4,2,2025-10-16,558.83,0.17,470.66,11.77
7,2,2,2025-10-16,970.61,0.82,1093.43,10.39
8,5,2,2025-10-16,1585.86,0.24,1031.0,10.57
1,4,3,2025-10-16,291.36,0.98,253.93,133.66
2,2,3,2025-10-16,1012.83,10.36,1113.45,132.18
3,2,3,2025-10-16,446.68,4.42,493.69,120.61
4,5,3,2025-10-16,2118.18,4.38,1399.98,134.14
5,2,3,2025-10-16,995.67,10.18,1081.87,129.82
6,1,3,2025-10-16,290.67,3.3,328.9,130.84
7,1,3,2025-10-16,1086.73,10.85,1270.44,118.44
8,5,3,2025-10-16,1774.64,3.63,1158.01,135.49
1,1,4,2025-10-16,693.82,4.31,790.74,71.04
2,2,4,2025-10-16,1020.43,5.98,1100.49,73.12
3,1,4,2025-10-16,924.68,6.18,1081.22,75.16
4,5,4,2025-10-16,2002.72,2.28,1333.61,77.36
5,1,4,2025-10-16,1321.39,9.64,1551.72,81.88
6,4,4,2025-10-16,723.4,1.21,620.45,69.01
7,4,4,2025-10-16,643.29,1.22,543.01,79.17
8,5,4,2025-10-16,1347.55,1.42,896.12,67.44
1,1,5,2025-10-16,646.37,16.82,729.33,297.97
2,3,5,2025-10-16,671.95,14.36,713.1,289.12
3,1,5,2025-10-16,1155.61,27.93,1362.35,283.06
4,5,5,2025-10-16,1672.44,7.47,1069.48,311.52
5,4,5,2025-10-16,1044.59,7.84,911.1,315.24
6,4,5,2025-10-16,626.54,4.9,547.09,324.32
7,2,5,2025-10-16,812.97,20.79,915.49,316.34
8,3,5,2025-10-16,1191.3,27.19,1232.99,311.6
1,1,1,2025-10-17,453.04,3.09,506.78,83.13
2,3,1,2025-10-17,708.18,4.33,750.83,84.42
3,5,1,2025-10-17,871.98,1.0,556.11,75.13
4,3,1,2025-10-17,1930.33,13.36,2017.67,89.51
5,1,1,2025-10-17,917.55,5.87,1029.44,76.67
6,1,1,2025-10-17,468.06,3.17,551.01,78.8
7,2,1,2025-10-17,786.94,4.89,891.3,79.6
8,3,1,2025-10-17,1440.12,9.36,1487.67,89.91
1,2,2,2025-10-17,549.19,0.51,618.32,11.33
2,3,2,2025-10-17,1023.17,0.8,1100.55,10.7
3,5,2,2025-10-17,643.07,0.09,423.29,9.75
4,3,2,2025-10-17,2089.06,1.81,2247.36,11.17
5,1,2,2025-10-17,1133.41,0.98,1283.69,10.23
6,4,2,2025-10-17,528.81,0.15,449.8,11.49
7,4,2,2025-10-17,948.51,0.27,798.28,11.38
8,5,2,2025-10-17,1718.06,0.28,1095.26,10.81
1,2,3,2025-10-17,295.2,2.52,328.91,112.15
2,3,3,2025-10-17,1013.39,7.14,1073.74,97.66
3,5,3,2025-10-17,445.48,0.69,289.69,99.57
4,5,3,2025-10-17,2266.05,3.6,1503.29,105.23
5,1,3,2025-10-17,971.02,8.91,1109.92,106.71
6,1,3,2025-10-17,314.29,2.75,368.91,106.51
7,1,3,2025-10-17,1056.98,10.73,1233.77,114.51
8,3,3,2025-10-17,1715.86,14.94,1819.47,111.71
1,4,4,2025-10-17,709.29,1.33,609.26,76.25
2,4,4,2025-10-17,1036.27,2.18,898.55,84.34
3,5,4,2025-10-17,922.17,1.07,587.55,74.79
4,5,4,2025-10-17,1956.01,2.62,1243.16,86.73
5,1,4,2025-10-17,1330.95,8.44,1496.75,74.98
6,1,4,2025-10-17,732.03,4.77,824.68,79.0
7,2,4,2025-10-17,671.6,4.31,721.33,83.34
8,5,4,2025-10-17,1360.68,1.6,905.4,78.14
1,2,5,2025-10-17,593.33,15.86,674.2,343.29
2,4,5,2025-10-17,631.52,5.48,545.37,341.03
3,1,5,2025-10-17,1197.49,35.81,1362.87,342.16
4,3,5,2025-10-17,1671.24,38.42,1727.47,294.45
5,2,5,2025-10-17,1080.04,26.38,1216.73,296.98
6,2,5,2025-10-17,594.11,14.18,661.34,294.15
7,4,5,2025-10-17,843.26,6.86,718.26,318.12
8,5,5,2025-10-17,1206.65,5.93,767.56,328.3
1,1,1,2025-10-18,465.16,1.02,541.45,26.73
2,3,1,2025-10-18,746.02,1.57,798.97,28.41
3,2,1,2025-10-18,910.44,1.89,979.42,24.92
4,5,1,2025-10-18,1936.17,0.82,1263.62,28.35
5,2,1,2025-10-18,881.22,1.94,954.31,26.63
6,1,1,2025-10-18,482.5,1.0,563.73,24.81
7,4,1,2025-10-18,753.14,0.47,636.03,26.04
8,3,1,2025-10-18,1391.91,2.62,1475.46,24.58
1,1,2,2025-10-18,551.65,0.18,621.87,3.9
2,4,2,2025-10-18,967.19,0.08,805.95,3.43
3,5,2,2025-10-18,629.87,0.03,399.45,3.66
4,3,2,2025-10-18,2118.99,0.6,2241.01,3.89
5,2,2,2025-10-18,1101.53,0.34,1224.93,3.84
6,2,2,2025-10-18,529.63,0.16,581.39,3.99
7,2,2,2025-10-18,976.84,0.32,1104.67,3.95
8,5,2,2025-10-18,1644.86,0.09,1055.93,3.56
1,2,3,2025-10-18,309.65,1.3,348.7,50.87
2,4,3,2025-10-18,1019.55,1.17,850.09,47.51
3,2,3,2025-10-18,437.48,1.86,487.74,51.23
4,3,3,2025-10-18,2098.75,7.45,2228.97,48.05
5,2,3,2025-10-18,940.87,3.49,1015.99,44.16
6,2,3,2025-10-18,285.7,1.14,313.44,50.59
7,2,3,2025-10-18,1057.94,4.04,1194.78,50.15
8,3,3,2025-10-18,1786.78,7.02,1889.74,52.81
1,2,4,2025-10-18,708.92,1.64,774.78,29.77
2,3,4,2025-10-18,1049.63,2.39,1086.51,29.88
3,1,4,2025-10-18,915.52,2.0,1037.98,25.13
4,5,4,2025-10-18,1953.98,0.79,1276.59,27.92
5,2,4,2025-10-18,1241.51,2.38,1379.06,25.09
6,1,4,2025-10-18,684.56,1.56,793.83,27.92
7,4,4,2025-10-18,675.18,0.42,580.21,25.73
8,3,4,2025-10-18,1346.86,2.85,1420.91,28.21
1,1,5,2025-10-18,623.66,7.92,720.4,142.94
2,4,5,2025-10-18,625.86,1.95,544.15,131.13
3,1,5,2025-10-18,1146.02,12.54,1280.53,129.76
4,3,5,2025-10-18,1779.09,17.45,1907.74,131.6
5,4,5,2025-10-18,1010.64,3.25,874.68,131.08
6,2,5,2025-10-18,596.98,6.22,658.56,133.93
7,2,5,2025-10-18,881.65,9.33,970.51,129.09
8,5,5,2025-10-18,1212.61,2.36,801.62,125.6
1,2,1,2025-10-20,488.84,3.31,533.07,88.11
2,4,1,2025-10-20,753.94,1.75,638.76,91.14
3,1,1,2025-10-20,925.51,6.7,1094.27,84.2
4,5,1,2025-10-20,1879.46,2.32,1249.85,79.3
5,2,1,2025-10-20,894.36,6.77,975.23,93.46
6,2,1,2025-10-20,456.58,2.83,490.91,80.12
7,2,1,2025-10-20,731.39,5.24,807.21,90.26
8,3,1,2025-10-20,1419.16,8.61,1463.02,82.28
1,2,2,2025-10-20,534.72,0.52,591.6,12.32
2,4,2,2025-10-20,1025.2,0.3,879.13,11.67
3,2,2,2025-10-20,615.53,0.57,678.79,11.38
4,3,2,2025-10-20,2053.13,2.06,2119.39,12.73
5,4,2,2025-10-20,1168.35,0.31,983.05,10.88
6,2,2,2025-10-20,540.55,0.58,586.88,12.85
7,1,2,2025-10-20,987.99,0.94,1106.68,11.46
8,3,2,2025-10-20,1601.82,1.48,1637.01,12.44
1,4,3,2025-10-20,304.88,0.92,261.1,121.33
2,3,3,2025-10-20,1069.92,9.52,1108.85,118.71
3,2,3,2025-10-20,467.31,4.22,504.96,115.16
4,3,3,2025-10-20,2231.07,21.54,2400.36,126.24
5,4,3,2025-10-20,926.15,3.0,784.71,134.93
6,2,3,2025-10-20,309.81,2.96,351.87,116.6
7,4,3,2025-10-20,1096.65,3.35,928.76,123.8
8,3,3,2025-10-20,1880.86,19.42,2013.94,132.65
1,4,4,2025-10-20,687.55,0.83,574.76,47.74
2,3,4,2025-10-20,1043.76,4.07,1084.06,52.22
3,1,4,2025-10-20,858.01,4.04,990.82,52.77
4,3,4,2025-10-20,1966.65,8.23,2097.99,54.45
5,4,4,2025-10-20,1259.18,1.72,1052.6,52.46
6,2,4,2025-10-20,686.53,2.85,767.34,52.78
7,1,4,2025-10-20,648.53,3.0,745.79,52.26
8,3,4,2025-10-20,1392.6,5.54,1477.2,54.59
1,2,5,2025-10-20,613.64,15.3,672.74,313.66
2,4,5,2025-10-20,678.09,5.69,578.93,326.35
3,5,5,2025-10-20,1164.05,5.76,749.71,329.7
4,5,5,2025-10-20,1720.27,9.07,1125.74,352.89
5,1,5,2025-10-20,1007.89,28.95,1192.44,352.52
6,4,5,2025-10-20,641.24,5.25,551.32,322.54
7,2,5,2025-10-20,857.56,23.55,931.61,354.76
8,5,5,2025-10-20,1199.55,6.04,798.38,330.55
1,4,1,2025-10-21,489.36,1.02,420.87,81.51
2,3,1,2025-10-21,712.26,4.3,755.87,80.14
3,5,1,2025-10-21,906.42,0.93,580.02,71.83
4,5,1,2025-10-21,1931.27,2.12,1293.13,72.27
5,2,1,2025-10-21,937.43,5.13,1047.74,71.23
6,1,1,2025-10-21,481.01,3.32,540.69,82.25
7,1,1,2025-10-21,728.7,4.36,843.89,69.98
8,5,1,2025-10-21,1440.9,1.61,951.24,71.04
1,2,2,2025-10-21,559.6,0.35,607.17,8.23
2,4,2,2025-10-21,997.61,0.21,846.91,8.4
3,2,2,2025-10-21,636.91,0.45,702.49,8.47
4,5,2,2025-10-21,1961.82,0.28,1268.44,9.35
5,2,2,2025-10-21,1110.02,0.91,1198.87,9.81
6,2,2,2025-10-21,547.08,0.37,593.97,8.83
7,1,2,2025-10-21,996.28,0.72,1175.69,8.32
8,3,2,2025-10-21,1680.35,1.13,1779.36,8.65
1,4,3,2025-10-21,306.4,1.07,254.7,133.04
2,2,3,2025-10-21,1000.85,11.63,1072.26,144.08
3,1,3,2025-10-21,471.26,4.8,530.52,123.93
4,5,3,2025-10-21,2097.04,4.12,1395.34,134.19
5,2,3,2025-10-21,971.17,9.73,1090.07,129.08
6,1,3,2025-10-21,294.34,3.32,332.39,131.12
7,4,3,2025-10-21,1057.6,3.72,881.82,136.32
8,3,3,2025-10-21,1846.74,19.96,1981.69,144.56
1,4,4,2025-10-21,742.65,0.95,618.07,52.27
2,4,4,2025-10-21,1061.52,1.26,902.39,45.99
3,2,4,2025-10-21,935.31,3.63,1042.28,50.42
4,3,4,2025-10-21,2028.57,8.4,2160.19,52.67
5,2,4,2025-10-21,1323.9,4.99,1425.69,49.22
6,4,4,2025-10-21,688.35,0.96,588.58,53.66
7,1,4,2025-10-21,657.95,2.79,763.28,49.2
8,3,4,2025-10-21,1364.89,5.0,1414.39,48.92
1,2,5,2025-10-21,592.19,16.35,656.28,331.1
2,4,5,2025-10-21,645.68,5.25,560.46,336.7
3,1,5,2025-10-21,1143.3,32.63,1315.76,327.6
4,5,5,2025-10-21,1635.91,7.6,1095.06,307.01
5,4,5,2025-10-21,1066.35,8.77,902.58,343.26
6,4,5,2025-10-21,618.65,5.51,528.3,347.35
7,1,5,2025-10-21,807.62,21.43,952.78,314.1
8,3,5,2025-10-21,1279.57,30.03,1347.25,323.16
1,2,1,2025-10-22,491.1,3.01,531.91,73.26
2,4,1,2025-10-22,719.78,1.44,630.4,83.63
3,2,1,2025-10-22,893.13,6.55,972.06,88.75
4,3,1,2025-10-22,1879.36,12.18,1991.44,87.19
5,2,1,2025-10-22,909.09,6.05,1007.04,81.58
6,1,1,2025-10-22,479.34,3.06,540.24,73.39
7,2,1,2025-10-22,753.97,5.33,806.71,88.42
8,3,1,2025-10-22,1445.71,9.02,1545.45,79.32
1,4,2,2025-10-22,532.87,0.14,458.6,10.85
2,3,2,2025-10-22,1017.91,0.73,1053.55,9.55
3,2,2,2025-10-22,606.85,0.44,656.52,9.15
4,3,2,2025-10-22,1983.03,1.63,2052.14,11.09
5,1,2,2025-10-22,1111.32,0.96,1292.88,9.91
6,2,2,2025-10-22,552.47,0.39,622.62,9.12
7,2,2,2025-10-22,994.43,0.82,1067.6,10.42
8,3,2,2025-10-22,1676.32,1.21,1792.76,9.97
1,2,3,2025-10-22,299.74,2.78,332.13,119.32
2,4,3,2025-10-22,1099.01,3.17,910.4,110.38
3,1,3,2025-10-22,438.98,4.7,507.14,121.67
4,5,3,2025-10-22,2150.02,4.07,1376.39,124.17
5,4,3,2025-10-22,982.1,3.07,843.7,123.78
6,4,3,2025-10-22,291.72,0.96,245.19,128.2
7,1,3,2025-10-22,1073.57,11.46,1240.06,121.7
8,3,3,2025-10-22,1809.31,17.44,1934.24,128.23
1,1,4,2025-10-22,708.88,4.06,818.83,67.68
2,4,4,2025-10-22,1043.04,2.0,880.73,73.76
3,1,4,2025-10-22,921.85,5.2,1080.59,69.53
4,3,4,2025-10-22,1946.08,11.39,2060.35,80.15
5,1,4,2025-10-22,1249.82,7.56,1476.33,74.72
6,2,4,2025-10-22,750.5,4.27,811.35,74.62
7,1,4,2025-10-22,677.9,4.11,793.52,68.46
8,5,4,2025-10-22,1290.26,1.34,850.16,71.66
1,2,5,2025-10-22,630.09,19.71,714.05,389.58
2,3,5,2025-10-22,643.77,19.81,692.38,391.4
3,5,5,2025-10-22,1190.64,7.83,763.87,431.27
4,5,5,2025-10-22,1627.79,11.11,1031.74,433.95
5,4,5,2025-10-22,1058.0,9.88,926.65,376.23
6,4,5,2025-10-22,644.47,5.73,541.39,373.3
7,2,5,2025-10-22,831.35,26.21,905.54,408.12
8,5,5,2025-10-22,1202.17,7.23,773.51,411.32
1,4,1,2025-10-23,479.07,0.72,398.13,61.03
2,4,1,2025-10-23,703.71,1.11,610.28,62.34
3,2,1,2025-10-23,862.3,3.83,943.47,56.67
4,5,1,2025-10-23,1937.27,1.66,1285.9,57.17
5,4,1,2025-10-23,904.57,1.33,764.6,60.75
6,4,1,2025-10-23,471.1,0.65,402.15,55.37
7,4,1,2025-10-23,765.52,1.25,659.5,65.24
8,5,1,2025-10-23,1453.58,1.36,949.7,65.61
1,4,2,2025-10-23,562.3,0.16,490.46,11.09
2,4,2,2025-10-23,946.78,0.27,819.22,11.69
3,2,2,2025-10-23,631.79,0.59,685.4,12.22
4,3,2,2025-10-23,2011.14,1.83,2092.14,11.82
5,4,2,2025-10-23,1148.59,0.32,1002.83,10.74
6,2,2,2025-10-23,525.68,0.45,580.64,10.98
7,1,2,2025-10-23,970.5,0.95,1121.16,11.22
8,5,2,2025-10-23,1642.83,0.25,1063.37,10.46
1,2,3,2025-10-23,306.91,3.29,347.84,127.91
2,2,3,2025-10-23,1097.23,11.04,1181.93,125.84
3,2,3,2025-10-23,460.9,5.5,506.18,149.43
4,5,3,2025-10-23,2258.08,5.0,1446.0,144.88
5,4,3,2025-10-23,968.23,3.5,817.2,150.58
6,4,3,2025-10-23,296.32,1.0,259.55,142.13
7,4,3,2025-10-23,1091.04,3.57,949.89,127.51
8,5,3,2025-10-23,1771.57,3.18,1160.01,125.73
1,4,4,2025-10-23,733.25,1.42,638.29,78.49
2,3,4,2025-10-23,1094.93,5.63,1161.52,67.95
3,1,4,2025-10-23,933.0,5.35,1069.66,68.49
4,3,4,2025-10-23,1893.86,9.28,2045.62,66.63
5,4,4,2025-10-23,1275.19,2.34,1104.15,75.84
6,4,4,2025-10-23,725.37,1.4,613.53,74.25
7,4,4,2025-10-23,630.44,1.2,522.95,78.3
8,5,4,2025-10-23,1361.31,1.43,859.44,73.26
1,4,5,2025-10-23,629.88,6.87,545.59,432.06
2,2,5,2025-10-23,672.07,22.8,762.09,436.85
3,5,5,2025-10-23,1182.81,7.74,770.73,435.67
4,3,5,2025-10-23,1734.84,51.36,1820.58,410.6
5,1,5,2025-10-23,1100.56,40.14,1278.46,425.74
6,4,5,2025-10-23,598.01,5.64,509.63,391.96
7,4,5,2025-10-23,857.06,9.61,727.41,431.55
8,3,5,2025-10-23,1188.43,37.81,1218.75,422.04
1,1,1,2025-10-24,450.01,3.03,529.82,80.71
2,4,1,2025-10-24,751.37,1.65,625.93,87.1
3,2,1,2025-10-24,859.8,5.97,960.61,86.4
4,5,1,2025-10-24,1817.8,2.33,1185.48,84.93
5,2,1,2025-10-24,879.51,5.47,970.82,75.0
6,2,1,2025-10-24,463.1,2.83,518.58,79.86
7,2,1,2025-10-24,760.61,5.6,831.27,90.39
8,5,1,2025-10-24,1421.88,1.73,918.09,82.58
1,1,2,2025-10-24,514.48,0.32,603.58,7.14
2,3,2,2025-10-24,1028.67,0.56,1065.41,6.86
3,2,2,2025-10-24,643.04,0.35,692.07,6.56
4,3,2,2025-10-24,2135.48,0.97,2225.49,6.15
5,2,2,2025-10-24,1142.27,0.59,1246.02,6.15
6,2,2,2025-10-24,546.35,0.33,606.25,7.2
7,4,2,2025-10-24,945.99,0.15,807.74,6.52
8,5,2,2025-10-24,1662.03,0.19,1108.03,7.38
1,2,3,2025-10-24,299.63,2.86,332.28,123.77
2,4,3,2025-10-24,1001.88,3.19,831.23,122.85
3,5,3,2025-10-24,460.44,1.01,291.46,142.26
4,3,3,2025-10-24,2095.92,21.23,2171.89,129.79
5,1,3,2025-10-24,988.88,11.38,1121.86,138.0
6,4,3,2025-10-24,291.84,0.84,251.0,119.97
7,1,3,2025-10-24,1011.23,11.89,1138.94,134.83
8,5,3,2025-10-24,1791.0,4.03,1137.69,143.84
1,1,4,2025-10-24,752.28,3.96,887.01,65.16
2,4,4,2025-10-24,1023.05,1.71,852.51,67.72
3,2,4,2025-10-24,903.06,4.46,982.67,64.9
4,3,4,2025-10-24,2008.54,9.41,2102.39,64.53
5,4,4,2025-10-24,1254.94,1.85,1096.91,59.93
6,4,4,2025-10-24,712.27,1.1,611.71,64.81
7,2,4,2025-10-24,677.31,2.89,739.41,55.94
8,5,4,2025-10-24,1406.8,1.31,893.72,64.06
1,2,5,2025-10-24,640.59,19.63,691.72,400.88
2,3,5,2025-10-24,635.02,19.35,680.56,387.39
3,2,5,2025-10-24,1144.72,31.95,1297.94,344.2
4,5,5,2025-10-24,1720.57,10.75,1128.81,404.3
5,4,5,2025-10-24,1094.07,11.24,959.99,395.95
6,1,5,2025-10-24,610.55,20.66,719.02,392.85
7,1,5,2025-10-24,888.69,26.68,1050.2,356.5
8,5,5,2025-10-24,1219.07,6.45,812.15,370.17
1,2,1,2025-10-25,489.68,1.16,535.61,30.82
2,3,1,2025-10-25,722.62,1.71,750.57,30.48
3,2,1,2025-10-25,876.14,2.41,947.92,33.69
4,5,1,2025-10-25,1836.23,0.85,1183.15,30.48
5,4,1,2025-10-25,859.1,0.68,749.02,32.37
6,1,1,2025-10-25,457.45,1.24,524.19,33.24
7,1,1,2025-10-25,741.09,2.16,842.93,34.31
8,3,1,2025-10-25,1453.84,3.28,1562.25,30.67
1,4,2,2025-10-25,540.9,0.05,460.83,3.97
2,2,2,2025-10-25,995.6,0.33,1105.61,4.25
3,1,2,2025-10-25,628.06,0.21,715.62,3.71
4,3,2,2025-10-25,2114.62,0.73,2175.61,4.41
5,4,2,2025-10-25,1125.8,0.1,984.41,3.8
6,4,2,2025-10-25,555.59,0.06,464.54,4.01
7,4,2,2025-10-25,986.94,0.1,832.91,4.25
8,5,2,2025-10-25,1659.5,0.11,1081.7,4.36
1,4,3,2025-10-25,313.41,0.38,263.14,46.69
2,2,3,2025-10-25,1010.11,3.62,1124.69,43.67
3,5,3,2025-10-25,449.8,0.26,291.67,38.4
4,3,3,2025-10-25,2280.36,6.81,2405.51,39.93
5,2,3,2025-10-25,912.41,3.07,1000.46,42.42
6,4,3,2025-10-25,302.15,0.34,257.3,45.49
7,1,3,2025-10-25,1075.28,3.64,1206.35,40.51
8,3,3,2025-10-25,1817.52,5.42,1918.54,40.49
1,4,4,2025-10-25,693.07,0.47,589.81,26.3
2,3,4,2025-10-25,1022.37,2.1,1103.59,28.83
3,1,4,2025-10-25,915.38,2.09,1063.58,25.98
4,5,4,2025-10-25,1970.83,0.76,1259.09,26.37
5,1,4,2025-10-25,1298.99,3.56,1451.19,31.19
6,2,4,2025-10-25,711.44,1.48,791.01,26.25
7,2,4,2025-10-25,662.02,1.39,745.18,27.41
8,3,4,2025-10-25,1307.85,2.89,1354.58,28.13
1,4,5,2025-10-25,627.38,1.93,534.03,128.75
2,2,5,2025-10-25,618.51,5.87,676.58,123.39
3,5,5,2025-10-25,1104.25,2.58,701.48,149.44
4,5,5,2025-10-25,1631.77,3.47,1052.51,139.18
5,4,5,2025-10-25,1078.85,3.86,911.72,138.09
6,1,5,2025-10-25,648.25,7.57,743.82,136.02
7,1,5,2025-10-25,879.32,10.31,997.14,137.4
8,3,5,2025-10-25,1235.33,12.83,1326.34,138.04
1,4,1,2025-10-27,454.49,0.78,394.35,66.37
2,4,1,2025-10-27,686.26,1.35,591.76,76.73
3,2,1,2025-10-27,879.79,4.69,977.99,68.42
4,5,1,2025-10-27,1881.74,1.94,1195.96,67.31
5,4,1,2025-10-27,910.32,1.67,773.38,70.84
6,1,1,2025-10-27,448.98,2.56,513.32,66.11
7,4,1,2025-10-27,787.1,1.47,656.23,75.03
8,5,1,2025-10-27,1409.69,1.53,892.47,69.64
1,1,2,2025-10-27,520.89,0.45,593.1,9.85
2,2,2,2025-10-27,956.52,0.67,1073.95,9.05
3,1,2,2025-10-27,614.94,0.55,697.13,10.18
4,3,2,2025-10-27,1958.25,1.53,2100.83,10.12
5,4,2,2025-10-27,1146.35,0.25,966.82,8.97
6,1,2,2025-10-27,549.56,0.44,629.62,9.27
7,1,2,2025-10-27,942.48,0.81,1097.95,9.82
8,5,2,2025-10-27,1593.3,0.21,1024.16,9.09
1,2,3,2025-10-27,304.64,2.57,333.93,101.15
2,2,3,2025-10-27,1080.57,9.75,1204.19,108.95
3,2,3,2025-10-27,444.02,3.48,493.69,102.61
4,3,3,2025-10-27,2243.59,20.22,2310.73,115.7
5,1,3,2025-10-27,906.5,7.8,1048.37,98.7
6,1,3,2025-10-27,290.02,2.56,341.86,107.09
7,4,3,2025-10-27,1093.39,2.77,920.09,99.99
8,5,3,2025-10-27,1776.11,3.09,1131.29,115.28
1,1,4,2025-10-27,730.15,4.76,824.25,76.84
2,3,4,2025-10-27,1062.88,6.29,1104.4,79.73
3,1,4,2025-10-27,901.34,6.51,1061.67,84.85
4,5,4,2025-10-27,2046.57,2.25,1329.96,75.61
5,2,4,2025-10-27,1280.12,7.92,1428.89,79.66
6,1,4,2025-10-27,696.07,4.75,808.4,82.45
7,4,4,2025-10-27,680.27,1.4,583.77,80.29
8,5,4,2025-10-27,1306.6,1.55,835.2,77.21
1,2,5,2025-10-27,606.89,18.41,683.28,385.75
2,3,5,2025-10-27,654.15,18.26,695.44,367.53
3,5,5,2025-10-27,1204.12,6.44,768.45,370.13
4,5,5,2025-10-27,1651.57,8.99,1065.54,374.61
5,1,5,2025-10-27,1095.36,34.48,1252.68,353.87
6,2,5,2025-10-27,601.13,19.85,662.46,401.06
7,1,5,2025-10-27,887.43,27.29,1029.42,360.67
8,3,5,2025-10-27,1309.02,32.78,1366.2,347.74
1,2,1,2025-10-28,466.02,2.71,518.49,72.44
2,2,1,2025-10-28,686.8,3.88,741.75,74.14
3,1,1,2025-10-28,919.42,5.7,1049.55,74.08
4,3,1,2025-10-28,1775.36,11.24,1834.13,83.58
5,1,1,2025-10-28,868.8,5.5,985.74,76.37
6,1,1,2025-10-28,490.47,3.13,552.53,77.22
7,4,1,2025-10-28,787.44,1.4,662.65,72.79
8,5,1,2025-10-28,1392.93,1.65,885.49,80.95
1,4,2,2025-10-28,534.21,0.12,455.53,9.08
2,2,2,2025-10-28,1006.05,0.81,1115.98,9.83
3,5,2,2025-10-28,595.23,0.08,379.66,8.42
4,3,2,2025-10-28,2092.28,1.36,2235.62,8.81
5,2,2,2025-10-28,1162.75,0.74,1270.43,8.17
6,4,2,2025-10-28,543.38,0.11,472.44,8.44
7,2,2,2025-10-28,944.72,0.67,1020.6,9.12
8,3,2,2025-10-28,1625.91,1.02,1755.13,8.71
1,4,3,2025-10-28,306.89,0.91,263.83,115.97
2,2,3,2025-10-28,1089.85,10.83,1184.68,126.35
3,5,3,2025-10-28,453.75,0.73,297.63,106.05
4,5,3,2025-10-28,2201.94,4.29,1421.13,128.68
5,2,3,2025-10-28,968.61,9.38,1098.19,115.96
6,4,3,2025-10-28,302.14,0.91,264.74,119.01
7,4,3,2025-10-28,1102.31,3.11,941.67,108.6
8,5,3,2025-10-28,1759.12,2.79,1155.02,108.47
1,4,4,2025-10-28,734.11,1.4,609.3,78.99
2,3,4,2025-10-28,1009.37,6.97,1077.36,93.7
3,1,4,2025-10-28,935.88,7.34,1058.29,94.98
4,3,4,2025-10-28,2024.01,12.06,2166.18,79.44
5,4,4,2025-10-28,1287.24,3.08,1115.24,95.71
6,4,4,2025-10-28,710.57,1.61,594.26,88.29
7,1,4,2025-10-28,642.54,4.95,747.66,94.85
8,5,4,2025-10-28,1330.36,1.79,875.72,93.7
1,2,5,2025-10-28,641.23,14.65,704.32,282.4
2,3,5,2025-10-28,661.99,13.84,677.79,287.41
3,2,5,2025-10-28,1142.98,23.91,1237.98,273.98
4,3,5,2025-10-28,1784.71,42.18,1885.36,316.35
5,1,5,2025-10-28,1056.01,28.98,1237.35,307.78
6,4,5,2025-10-28,612.75,4.41,517.93,297.08
7,4,5,2025-10-28,832.95,5.74,693.24,285.35
8,5,5,2025-10-28,1283.64,5.18,828.3,280.02
1,4,1,2025-10-29,466.86,0.92,403.69,78.0
2,4,1,2025-10-29,748.47,1.3,628.09,72.98
3,5,1,2025-10-29,906.68,1.18,601.47,85.04
4,3,1,2025-10-29,1816.14,11.2,1862.44,83.92
5,1,1,2025-10-29,887.24,5.36,1031.32,72.22
6,4,1,2025-10-29,457.88,0.88,394.83,75.5
7,4,1,2025-10-29,764.1,1.68,640.6,85.68
8,3,1,2025-10-29,1402.41,8.14,1457.42,77.8
1,2,2,2025-10-29,550.22,0.55,593.69,12.28
2,3,2,2025-10-29,951.76,0.91,1020.3,12.82
3,1,2,2025-10-29,604.72,0.59,686.52,11.9
4,5,2,2025-10-29,1975.84,0.38,1299.73,12.22
5,4,2,2025-10-29,1185.09,0.35,1022.62,11.58
6,1,2,2025-10-29,537.42,0.6,618.3,12.55
7,1,2,2025-10-29,904.32,0.85,1015.27,10.86
8,3,2,2025-10-29,1618.1,1.55,1660.69,12.95
1,2,3,2025-10-29,311.51,4.12,346.65,164.64
2,3,3,2025-10-29,997.67,10.79,1046.95,140.58
3,5,3,2025-10-29,428.19,0.96,285.39,153.91
4,3,3,2025-10-29,2272.82,27.91,2327.15,161.73
5,2,3,2025-10-29,964.19,11.32,1038.99,147.68
6,2,3,2025-10-29,311.86,3.72,334.37,147.79
7,2,3,2025-10-29,1002.9,13.15,1122.5,168.34
8,5,3,2025-10-29,1809.06,3.91,1174.45,145.95
1,2,4,2025-10-29,693.96,3.64,752.18,66.78
2,2,4,2025-10-29,998.28,5.4,1128.62,69.87
3,5,4,2025-10-29,937.15,0.89,600.44,63.31
4,3,4,2025-10-29,1889.71,9.44,1937.3,69.63
5,1,4,2025-10-29,1312.33,7.27,1554.07,64.44
6,4,4,2025-10-29,705.68,1.07,589.41,59.78
7,2,4,2025-10-29,637.17,3.12,715.6,60.69
8,3,4,2025-10-29,1417.07,7.15,1471.72,66.23
1,4,5,2025-10-29,596.28,5.23,513.86,340.09
2,2,5,2025-10-29,673.33,20.71,726.51,387.17
3,2,5,2025-10-29,1127.7,36.83,1232.07,399.97
4,5,5,2025-10-29,1670.22,8.94,1063.95,348.1
5,1,5,2025-10-29,1090.04,36.9,1259.04,385.49
6,2,5,2025-10-29,633.96,20.26,712.75,395.67
7,4,5,2025-10-29,825.5,7.55,698.39,353.44
8,5,5,2025-10-29,1244.51,7.36,797.61,375.3
1,1,1,2025-10-30,452.11,3.22,526.72,88.21
2,3,1,2025-10-30,684.47,4.19,706.43,85.2
3,5,1,2025-10-30,940.07,1.22,603.55,90.46
4,3,1,2025-10-30,1814.51,12.88,1849.95,94.64
5,2,1,2025-10-30,935.1,5.77,1007.34,77.97
6,4,1,2025-10-30,447.48,0.89,372.21,80.99
7,1,1,2025-10-30,777.42,5.69,919.2,89.39
8,5,1,2025-10-30,1406.65,2.06,896.61,93.75
1,1,2,2025-10-30,552.44,0.36,652.44,7.38
2,3,2,2025-10-30,998.05,0.62,1047.19,8.57
3,5,2,2025-10-30,629.17,0.08,407.38,8.3
4,5,2,2025-10-30,2027.42,0.26,1308.89,8.08
5,4,2,2025-10-30,1139.46,0.22,944.71,7.39
6,1,2,2025-10-30,524.13,0.33,605.04,7.3
7,4,2,2025-10-30,954.76,0.17,809.28,7.3
8,3,2,2025-10-30,1673.26,1.01,1717.01,7.74
1,4,3,2025-10-30,296.54,1.03,255.03,137.71
2,4,3,2025-10-30,1034.44,3.56,876.28,138.04
3,1,3,2025-10-30,471.36,6.2,545.33,150.41
4,5,3,2025-10-30,2304.43,4.4,1491.37,133.51
5,1,3,2025-10-30,982.36,13.06,1118.93,157.06
6,2,3,2025-10-30,287.15,3.57,318.78,151.55
7,2,3,2025-10-30,1037.67,12.17,1120.42,148.5
8,3,3,2025-10-30,1738.44,18.92,1829.8,138.88
1,1,4,2025-10-30,749.6,5.52,839.4,84.08
2,4,4,2025-10-30,999.07,1.95,863.6,76.52
3,2,4,2025-10-30,921.23,6.92,1033.72,91.66
4,3,4,2025-10-30,1867.78,10.67,1905.96,76.43
5,4,4,2025-10-30,1253.07,2.5,1085.9,79.54
6,2,4,2025-10-30,729.97,5.34,819.43,89.58
7,4,4,2025-10-30,662.16,1.37,578.82,85.55
8,5,4,2025-10-30,1303.08,1.59,834.38,78.91
1,4,5,2025-10-30,623.31,4.24,535.72,270.32
2,3,5,2025-10-30,621.9,14.51,660.95,297.58
3,5,5,2025-10-30,1159.49,5.22,768.86,301.26
4,5,5,2025-10-30,1717.27,7.64,1110.54,282.71
5,2,5,2025-10-30,1096.43,26.04,1173.7,304.61
6,4,5,2025-10-30,633.29,4.28,536.65,268.02
7,2,5,2025-10-30,835.47,18.72,938.43,275.01
8,5,5,2025-10-30,1229.85,4.8,796.38,273.08
1,1,1,2025-10-31,464.46,3.05,550.24,75.82
2,4,1,2025-10-31,729.79,1.63,606.99,88.19
3,5,1,2025-10-31,918.27,1.03,600.57,77.09
4,3,1,2025-10-31,1769.15,9.45,1832.9,74.91
5,4,1,2025-10-31,874.66,1.64,725.51,76.73
6,4,1,2025-10-31,472.34,0.99,413.29,87.28
7,2,1,2025-10-31,756.82,4.63,839.65,78.88
8,3,1,2025-10-31,1522.31,9.74,1643.39,87.25
1,1,2,2025-10-31,559.87,0.5,631.25,10.22
2,2,2,2025-10-31,1011.93,0.89,1139.08,10.88
3,1,2,2025-10-31,597.81,0.57,693.79,10.73
4,3,2,2025-10-31,2110.72,1.69,2228.58,10.49
5,4,2,2025-10-31,1203.08,0.33,995.6,11.35
6,4,2,2025-10-31,541.42,0.14,472.56,10.33
7,4,2,2025-10-31,964.41,0.24,800.34,10.12
8,5,2,2025-10-31,1569.8,0.27,1033.41,11.54
1,2,3,2025-10-31,287.29,3.07,311.0,134.89
2,3,3,2025-10-31,1087.07,10.95,1157.8,137.5
3,1,3,2025-10-31,443.71,5.79,512.91,152.92
4,3,3,2025-10-31,2266.54,22.87,2320.25,134.64
5,1,3,2025-10-31,941.58,11.77,1080.31,150.37
6,4,3,2025-10-31,293.24,1.07,245.44,141.6
7,4,3,2025-10-31,1003.66,3.96,874.2,153.62
8,3,3,2025-10-31,1879.18,20.85,2016.87,142.81
1,2,4,2025-10-31,733.33,3.93,808.64,66.63
2,2,4,2025-10-31,1084.3,4.82,1160.82,56.82
3,1,4,2025-10-31,923.93,4.96,1071.79,60.79
4,5,4,2025-10-31,1951.83,1.74,1290.73,62.53
5,1,4,2025-10-31,1304.92,7.55,1486.74,66.76
6,1,4,2025-10-31,742.47,3.98,849.2,61.14
7,1,4,2025-10-31,646.94,3.39,743.07,61.12
8,5,4,2025-10-31,1400.06,1.34,908.22,62.56
1,1,5,2025-10-31,622.81,16.89,739.81,328.94
2,2,5,2025-10-31,637.47,16.11,685.5,317.61
3,1,5,2025-10-31,1093.95,31.12,1243.45,326.74
4,3,5,2025-10-31,1783.53,45.37,1840.59,337.3
5,4,5,2025-10-31,1014.78,6.88,842.96,282.28
6,2,5,2025-10-31,640.99,14.91,723.36,287.09
7,4,5,2025-10-31,833.08,5.92,701.73,290.86
8,5,5,2025-10-31,1258.39,5.89,802.43,309.2
1,2,1,2025-11-01,472.94,1.11,531.06,28.98
2,2,1,2025-11-01,738.77,1.99,809.1,33.33
3,5,1,2025-11-01,920.73,0.39,580.95,29.01
4,5,1,2025-11-01,1776.74,0.81,1134.14,29.86
5,1,1,2025-11-01,874.3,2.23,999.18,30.34
6,2,1,2025-11-01,446.7,1.1,497.19,31.94
7,2,1,2025-11-01,754.23,1.75,844.72,29.26
8,3,1,2025-11-01,1492.91,3.92,1569.98,33.6
1,1,2,2025-11-01,541.67,0.1,637.35,2.13
2,4,2,2025-11-01,941.35,0.05,782.86,1.98
3,2,2,2025-11-01,604.77,0.09,662.87,1.93
4,5,2,2025-11-01,2049.69,0.06,1310.12,2.01
5,4,2,2025-11-01,1139.64,0.06,948.52,1.9
6,4,2,2025-11-01,565.49,0.02,485.33,1.85
7,2,2,2025-11-01,958.0,0.18,1052.37,2.2
8,3,2,2025-11-01,1710.1,0.24,1748.49,1.85
1,1,3,2025-11-01,305.96,1.25,352.98,45.95
2,3,3,2025-11-01,1022.99,3.42,1077.54,46.4
3,2,3,2025-11-01,462.9,1.83,510.13,47.69
4,5,3,2025-11-01,2249.86,1.75,1489.63,50.95
5,2,3,2025-11-01,948.24,3.92,1055.75,49.6
6,1,3,2025-11-01,309.81,1.36,352.97,49.84
7,2,3,2025-11-01,1037.83,4.12,1154.55,50.8
8,5,3,2025-11-01,1781.11,1.18,1155.11,46.22
1,1,4,2025-11-01,753.92,1.53,890.06,24.78
2,2,4,2025-11-01,1008.48,1.86,1098.78,24.16
3,5,4,2025-11-01,924.12,0.3,598.02,21.84
4,3,4,2025-11-01,2009.28,3.66,2138.03,25.07
5,2,4,2025-11-01,1252.84,2.22,1339.37,23.1
6,4,4,2025-11-01,749.93,0.47,631.8,25.55
7,4,4,2025-11-01,669.38,0.38,553.7,23.34
8,5,4,2025-11-01,1291.35,0.46,849.15,22.96
1,4,5,2025-11-01,634.91,2.14,532.79,142.09
2,3,5,2025-11-01,679.49,7.27,721.97,141.17
3,2,5,2025-11-01,1154.62,13.63,1242.96,142.87
4,3,5,2025-11-01,1625.97,18.21,1713.23,143.58
5,1,5,2025-11-01,998.51,11.03,1132.49,136.71
6,2,5,2025-11-01,610.37,7.28,688.9,145.66
7,4,5,2025-11-01,863.72,3.07,715.07,136.78
8,5,5,2025-11-01,1241.58,2.85,800.8,158.58
1,4,1,2025-11-03,469.46,1.03,402.07,85.06
2,4,1,2025-11-03,707.39,1.35,600.47,74.93
3,5,1,2025-11-03,905.73,1.03,592.89,78.46
4,3,1,2025-11-03,1901.38,12.85,1999.27,86.55
5,1,1,2025-11-03,924.15,6.21,1079.97,80.91
6,1,1,2025-11-03,464.38,3.32,532.27,80.72
7,2,1,2025-11-03,765.04,4.89,866.02,80.4
8,3,1,2025-11-03,1443.54,9.11,1525.47,85.67
1,4,2,2025-11-03,562.84,0.15,483.48,10.84
2,2,2,2025-11-03,998.52,0.86,1083.47,10.95
3,5,2,2025-11-03,628.22,0.1,414.02,10.61
4,5,2,2025-11-03,1967.24,0.29,1252.97,9.91
5,2,2,2025-11-03,1179.01,0.99,1319.8,10.63
6,2,2,2025-11-03,531.24,0.43,572.66,10.34
7,2,2,2025-11-03,982.55,0.85,1110.27,10.76
8,5,2,2025-11-03,1640.41,0.29,1089.62,11.67
1,1,3,2025-11-03,291.77,3.71,331.2,143.39
2,3,3,2025-11-03,1004.03,11.93,1029.2,153.2
3,1,3,2025-11-03,428.49,5.04,503.73,133.97
4,5,3,2025-11-03,2136.59,5.09,1393.53,155.0
5,1,3,2025-11-03,991.38,11.22,1119.58,135.95
6,2,3,2025-11-03,300.99,3.42,329.86,146.59
7,2,3,2025-11-03,1094.83,11.49,1181.36,132.4
8,3,3,2025-11-03,1751.87,18.7,1812.37,141.34
1,2,4,2025-11-03,739.91,4.42,804.12,73.5
2,2,4,2025-11-03,1098.74,6.01,1227.35,71.49
3,1,4,2025-11-03,932.87,6.05,1080.26,77.83
4,5,4,2025-11-03,1872.34,2.18,1194.7,75.8
5,2,4,2025-11-03,1308.62,7.29,1457.1,68.81
6,4,4,2025-11-03,725.12,1.49,622.61,78.55
7,4,4,2025-11-03,672.44,1.42,568.68,81.35
8,5,4,2025-11-03,1291.7,1.35,820.77,69.05
1,1,5,2025-11-03,602.35,19.68,717.01,388.11
2,3,5,2025-11-03,648.86,16.58,704.56,355.97
3,5,5,2025-11-03,1164.47,5.77,751.89,329.51
4,5,5,2025-11-03,1678.52,7.91,1077.06,328.8
5,2,5,2025-11-03,1005.24,29.78,1127.58,358.05
6,4,5,2025-11-03,603.77,5.9,514.79,395.75
7,1,5,2025-11-03,849.73,26.68,1005.35,358.59
8,3,5,2025-11-03,1190.22,29.39,1258.22,335.32
1,4,1,2025-11-04,456.47,0.75,387.59,66.93
2,2,1,2025-11-04,737.59,3.99,821.94,66.18
3,1,1,2025-11-04,942.0,5.15,1095.27,66.47
4,3,1,2025-11-04,1785.74,9.04,1887.84,67.33
5,1,1,2025-11-04,875.47,4.96,1032.74,63.91
6,2,1,2025-11-04,469.6,2.41,513.43,65.78
7,4,1,2025-11-04,736.89,1.24,644.49,68.61
8,5,1,2025-11-04,1450.78,1.32,946.85,59.93
1,4,2,2025-11-04,565.52,0.14,479.07,9.41
2,3,2,2025-11-04,1016.09,0.74,1057.04,9.78
3,2,2,2025-11-04,630.96,0.44,707.55,8.89
4,5,2,2025-11-04,1965.49,0.27,1249.84,9.35
5,4,2,2025-11-04,1120.34,0.25,972.21,8.79
6,4,2,2025-11-04,549.1,0.13,462.5,9.81
7,1,2,2025-11-04,965.87,0.77,1099.28,8.98
8,3,2,2025-11-04,1658.38,1.1,1716.27,8.96
1,4,3,2025-11-04,287.04,1.11,247.6,148.35
2,3,3,2025-11-04,1029.06,13.38,1087.67,168.69
3,5,3,2025-11-04,459.95,1.22,294.46,169.1
4,5,3,2025-11-04,2277.56,6.09,1452.91,170.46
5,2,3,2025-11-04,985.5,13.94,1110.33,168.94
6,4,3,2025-11-04,301.18,1.26,256.36,164.16
7,4,3,2025-11-04,1079.69,4.23,891.97,162.17
8,3,3,2025-11-04,1829.64,22.66,1976.76,165.61
1,2,4,2025-11-04,696.63,4.09,756.15,74.1
2,3,4,2025-11-04,1032.2,5.37,1072.67,70.04
3,1,4,2025-11-04,886.15,4.6,1043.84,63.84
4,3,4,2025-11-04,1991.4,9.73,2109.39,64.38
5,2,4,2025-11-04,1316.06,7.62,1442.37,70.04
6,4,4,2025-11-04,714.76,1.37,599.14,73.61
7,2,4,2025-11-04,670.01,3.79,716.31,73.54
8,5,4,2025-11-04,1359.0,1.45,862.94,71.19
1,4,5,2025-11-04,609.76,5.39,517.71,365.52
2,2,5,2025-11-04,665.47,17.65,753.39,335.31
3,2,5,2025-11-04,1110.23,33.01,1215.05,363.13
4,5,5,2025-11-04,1710.41,10.33,1093.73,384.81
5,2,5,2025-11-04,1009.55,27.64,1143.88,355.03
6,1,5,2025-11-04,598.86,19.71,675.87,379.01
7,4,5,2025-11-04,814.36,6.29,705.05,320.33
8,3,5,2025-11-04,1191.48,33.23,1250.46,370.64
1,4,1,2025-11-05,461.31,0.86,397.06,75.38
2,2,1,2025-11-05,704.89,3.94,761.3,72.44
3,5,1,2025-11-05,861.15,0.86,576.94,65.15
4,3,1,2025-11-05,1834.44,10.06,1899.43,71.53
5,4,1,2025-11-05,877.41,1.59,747.46,71.63
6,2,1,2025-11-05,474.72,2.84,511.66,74.81
7,2,1,2025-11-05,779.44,4.51,854.4,70.55
8,5,1,2025-11-05,1393.02,1.51,912.7,72.48
1,2,2,2025-11-05,562.4,0.28,610.41,6.05
2,4,2,2025-11-05,984.1,0.15,814.52,6.33
3,2,2,2025-11-05,646.66,0.28,712.43,5.6
4,3,2,2025-11-05,2114.86,0.94,2192.82,5.75
5,4,2,2025-11-05,1205.75,0.19,1029.01,6.19
6,4,2,2025-11-05,539.98,0.09,453.54,6.79
7,1,2,2025-11-05,910.3,0.51,1065.56,6.47
8,3,2,2025-11-05,1663.07,0.71,1719.63,5.78
1,4,3,2025-11-05,309.82,1.02,257.78,137.63
2,2,3,2025-11-05,1001.5,11.32,1113.59,147.6
3,1,3,2025-11-05,456.54,5.03,522.96,135.44
4,5,3,2025-11-05,2097.05,3.92,1354.67,129.56
5,2,3,2025-11-05,918.19,8.93,1027.58,127.92
6,2,3,2025-11-05,299.94,3.2,336.37,131.76
7,1,3,2025-11-05,1015.97,12.67,1168.44,147.77
8,5,3,2025-11-05,1846.82,3.81,1182.49,134.26
1,2,4,2025-11-05,717.67,3.77,786.47,65.45
2,4,4,2025-11-05,1020.52,1.91,893.5,72.6
3,1,4,2025-11-05,874.64,5.05,1025.22,65.11
4,5,4,2025-11-05,1899.83,2.14,1233.92,71.76
5,1,4,2025-11-05,1332.11,7.89,1493.87,69.46
6,2,4,2025-11-05,747.75,3.87,845.96,65.74
7,2,4,2025-11-05,652.96,3.24,736.71,63.83
8,3,4,2025-11-05,1302.65,7.23,1368.65,75.03
1,4,5,2025-11-05,621.22,4.31,520.98,287.11
2,3,5,2025-11-05,652.82,12.32,699.45,261.44
3,2,5,2025-11-05,1146.25,25.84,1230.51,283.14
4,5,5,2025-11-05,1756.37,7.69,1158.42,285.36
5,4,5,2025-11-05,1017.08,7.27,877.93,292.95
6,2,5,2025-11-05,607.63,14.15,677.81,292.06
7,2,5,2025-11-05,813.4,16.22,914.2,259.42
8,5,5,2025-11-05,1287.55,5.49,847.41,292.51
1,1,1,2025-11-06,460.53,2.56,533.64,66.66
2,3,1,2025-11-06,747.79,3.79,782.45,69.18
3,2,1,2025-11-06,888.41,4.39,949.36,64.3
4,3,1,2025-11-06,1793.09,9.05,1883.79,66.1
5,2,1,2025-11-06,867.17,4.3,971.94,63.98
6,2,1,2025-11-06,448.12,2.32,496.77,63.93
7,2,1,2025-11-06,735.43,3.52,796.81,62.89
8,5,1,2025-11-06,1495.54,1.66,992.48,74.06
1,1,2,2025-11-06,539.39,0.56,629.28,12.21
2,4,2,2025-11-06,993.48,0.31,838.41,12.55
3,5,2,2025-11-06,640.11,0.12,421.84,12.57
4,3,2,2025-11-06,2062.96,1.9,2135.96,12.14
5,4,2,2025-11-06,1168.64,0.37,972.2,12.9
6,4,2,2025-11-06,531.0,0.14,439.99,11.2
7,1,2,2025-11-06,986.35,1.14,1147.16,13.58
8,3,2,2025-11-06,1574.11,1.52,1701.36,13.3
1,2,3,2025-11-06,292.07,3.4,324.63,152.38
2,4,3,2025-11-06,1072.94,3.9,914.73,141.74
3,5,3,2025-11-06,428.86,0.88,278.73,142.94
4,3,3,2025-11-06,2280.19,24.62,2349.79,138.91
5,2,3,2025-11-06,980.82,12.43,1054.67,156.65
6,1,3,2025-11-06,312.14,3.45,358.26,136.17
7,2,3,2025-11-06,1003.62,11.46,1120.65,142.31
8,5,3,2025-11-06,1793.17,3.67,1163.96,143.08
1,1,4,2025-11-06,692.72,2.73,789.91,44.84
2,2,4,2025-11-06,1069.82,4.51,1169.9,53.57
3,1,4,2025-11-06,866.4,3.75,970.68,49.23
4,5,4,2025-11-06,1882.62,1.58,1235.85,53.64
5,2,4,2025-11-06,1314.09,5.09,1467.12,47.19
6,2,4,2025-11-06,748.61,2.88,822.36,48.43
7,4,4,2025-11-06,678.1,0.86,580.75,51.9
8,3,4,2025-11-06,1320.04,5.02,1346.41,51.73
1,1,5,2025-11-06,640.89,15.17,760.86,271.42
2,3,5,2025-11-06,629.94,13.92,648.35,295.02
3,2,5,2025-11-06,1120.13,27.16,1211.89,312.75
4,5,5,2025-11-06,1759.0,8.61,1158.32,320.4
5,1,5,2025-11-06,1047.99,28.81,1219.23,310.91
6,1,5,2025-11-06,643.0,14.75,735.18,277.27
7,1,5,2025-11-06,836.6,19.33,957.77,271.94
8,5,5,2025-11-06,1312.34,5.46,862.53,290.7
1,1,1,2025-11-07,447.39,2.59,530.41,70.98
2,4,1,2025-11-07,748.6,1.31,636.84,68.21
3,1,1,2025-11-07,911.08,5.64,1036.15,74.99
4,3,1,2025-11-07,1810.26,9.63,1917.67,67.71
5,2,1,2025-11-07,941.74,5.7,1025.59,78.93
6,4,1,2025-11-07,462.84,0.82,397.49,70.97
7,4,1,2025-11-07,748.57,1.35,630.32,73.12
8,3,1,2025-11-07,1393.4,8.07,1483.59,79.43
1,1,2,2025-11-07,563.64,0.57,649.79,11.79
2,3,2,2025-11-07,956.1,0.87,974.9,11.9
3,5,2,2025-11-07,601.28,0.1,387.78,11.91
4,5,2,2025-11-07,2122.29,0.37,1389.17,11.93
5,1,2,2025-11-07,1201.88,1.33,1378.46,12.38
6,1,2,2025-11-07,538.38,0.6,617.38,12.54
7,1,2,2025-11-07,982.39,0.94,1099.19,11.78
8,5,2,2025-11-07,1599.28,0.25,1053.59,10.74
1,4,3,2025-11-07,299.59,0.81,249.06,107.7
2,2,3,2025-11-07,1053.57,10.08,1170.59,123.68
3,2,3,2025-11-07,441.61,4.53,489.98,123.01
4,3,3,2025-11-07,2185.54,16.39,2286.72,103.98
5,2,3,2025-11-07,903.52,8.99,1016.98,125.77
6,1,3,2025-11-07,287.55,2.96,333.14,120.43
7,1,3,2025-11-07,1088.17,11.61,1238.79,119.72
8,5,3,2025-11-07,1764.76,3.05,1114.87,111.78
1,2,4,2025-11-07,707.17,4.68,764.68,81.23
2,3,4,2025-11-07,1058.22,6.2,1120.58,81.13
3,2,4,2025-11-07,943.96,5.23,1015.42,68.0
4,5,4,2025-11-07,1914.85,2.07,1226.44,72.44
5,2,4,2025-11-07,1320.75,8.67,1491.74,78.42
6,4,4,2025-11-07,733.25,1.26,636.07,69.15
7,4,4,2025-11-07,675.41,1.22,584.14,75.09
8,3,4,2025-11-07,1289.85,6.95,1357.86,69.53
1,4,5,2025-11-07,632.58,6.35,537.86,403.13
2,2,5,2025-11-07,634.01,18.61,716.63,382.23
3,1,5,2025-11-07,1150.8,36.83,1366.39,386.87
4,3,5,2025-11-07,1771.62,59.1,1909.6,430.41
5,2,5,2025-11-07,1073.6,31.81,1216.39,372.15
6,2,5,2025-11-07,620.38,17.81,689.97,375.83
7,4,5,2025-11-07,860.74,8.4,734.71,374.1
8,3,5,2025-11-07,1235.76,38.25,1300.82,396.91
1,4,1,2025-11-08,450.91,0.31,376.01,28.26
2,3,1,2025-11-08,746.76,1.73,775.91,30.95
3,2,1,2025-11-08,864.49,2.13,938.28,32.14
4,3,1,2025-11-08,1760.82,3.87,1890.92,28.6
5,1,1,2025-11-08,875.49,2.2,1015.51,28.58
6,4,1,2025-11-08,452.02,0.38,378.84,33.38
7,1,1,2025-11-08,718.48,2.08,843.24,32.77
8,3,1,2025-11-08,1393.3,3.4,1483.18,32.36
1,1,2,2025-11-08,544.33,0.19,612.78,4.02
2,3,2,2025-11-08,955.48,0.29,990.59,4.01
3,2,2,2025-11-08,593.68,0.21,669.55,4.24
4,5,2,2025-11-08,2062.48,0.13,1355.78,4.37
5,4,2,2025-11-08,1178.1,0.12,1028.09,3.8
6,4,2,2025-11-08,554.05,0.06,483.14,3.9
7,4,2,2025-11-08,993.96,0.09,857.17,3.73
8,3,2,2025-11-08,1667.04,0.53,1699.49,4.21
1,4,3,2025-11-08,308.65,0.35,256.9,44.89
2,4,3,2025-11-08,1036.97,1.22,883.63,46.78
3,5,3,2025-11-08,444.54,0.33,287.58,51.2
4,3,3,2025-11-08,2174.71,8.57,2334.97,50.81
5,4,3,2025-11-08,970.63,1.14,801.98,47.12
6,4,3,2025-11-08,309.35,0.37,261.03,46.8
7,2,3,2025-11-08,1094.76,4.3,1211.81,49.74
8,5,3,2025-11-08,1829.45,1.31,1186.85,45.81
1,2,4,2025-11-08,718.73,1.83,796.95,30.9
2,2,4,2025-11-08,1001.62,2.26,1122.93,29.54
3,5,4,2025-11-08,866.98,0.39,562.87,30.69
4,3,4,2025-11-08,1962.86,4.3,2084.94,28.44
5,4,4,2025-11-08,1328.46,0.98,1122.94,29.37
6,2,4,2025-11-08,716.31,1.71,790.38,29.44
7,2,4,2025-11-08,634.5,1.52,708.97,29.18
8,3,4,2025-11-08,1293.48,2.97,1334.82,29.52
1,1,5,2025-11-08,604.41,4.73,708.65,93.7
2,4,5,2025-11-08,653.93,1.61,557.46,97.12
3,1,5,2025-11-08,1205.56,12.01,1424.6,114.09
4,5,5,2025-11-08,1671.72,2.83,1080.64,109.28
5,1,5,2025-11-08,1003.29,8.66,1176.81,104.51
6,1,5,2025-11-08,616.2,5.83,724.1,108.87
7,4,5,2025-11-08,858.6,2.32,717.02,108.75
8,3,5,2025-11-08,1230.72,9.43,1277.24,99.5
1,1,1,2025-11-10,472.96,3.44,543.39,82.37
2,4,1,2025-11-10,723.31,1.61,611.72,88.93
3,1,1,2025-11-10,865.06,6.16,983.44,81.51
4,5,1,2025-11-10,1910.81,2.25,1236.73,80.47
5,4,1,2025-11-10,932.25,2.05,789.21,90.25
6,1,1,2025-11-10,476.16,3.62,563.9,87.11
7,1,1,2025-11-10,732.45,5.08,846.33,82.59
8,5,1,2025-11-10,1385.74,1.8,920.04,88.94
1,2,2,2025-11-10,560.23,0.47,600.21,10.47
2,4,2,2025-11-10,938.51,0.25,774.23,10.61
3,2,2,2025-11-10,633.38,0.55,705.89,10.84
4,3,2,2025-11-10,2045.15,1.5,2161.45,9.79
5,4,2,2025-11-10,1204.89,0.29,999.94,9.94
6,4,2,2025-11-10,544.46,0.14,454.29,10.47
7,2,2,2025-11-10,939.05,0.87,1031.45,11.47
8,5,2,2025-11-10,1582.33,0.29,1013.57,11.71
1,1,3,2025-11-10,293.36,3.34,334.93,135.89
2,2,3,2025-11-10,1082.19,10.07,1170.73,119.28
3,2,3,2025-11-10,443.89,4.26,497.05,116.53
4,3,3,2025-11-10,2166.77,19.7,2302.34,125.07
5,2,3,2025-11-10,921.48,9.61,1015.58,127.67
6,2,3,2025-11-10,285.57,2.82,310.0,125.99
7,1,3,2025-11-10,1091.93,11.56,1224.33,122.69
8,3,3,2025-11-10,1784.38,15.74,1820.77,120.5
1,2,4,2025-11-10,730.89,4.78,810.9,78.95
2,4,4,2025-11-10,1047.89,1.94,909.83,77.31
3,2,4,2025-11-10,860.81,5.43,973.28,81.78
4,5,4,2025-11-10,1959.27,2.3,1240.72,76.17
5,2,4,2025-11-10,1263.09,8.51,1404.39,83.64
6,1,4,2025-11-10,753.37,4.96,868.42,80.83
7,1,4,2025-11-10,679.09,4.22,765.6,75.33
8,5,4,2025-11-10,1368.49,1.49,911.56,75.72
1,1,5,2025-11-10,645.89,15.69,751.66,299.73
2,4,5,2025-11-10,624.24,4.89,548.82,305.43
3,2,5,2025-11-10,1205.11,29.89,1349.47,309.51
4,3,5,2025-11-10,1739.59,43.48,1792.35,330.78
5,1,5,2025-11-10,1035.55,29.97,1186.77,354.89
6,1,5,2025-11-10,603.83,18.13,705.12,338.31
7,2,5,2025-11-10,818.3,21.14,923.91,332.19
8,5,5,2025-11-10,1232.66,6.1,826.53,342.93
1,4,1,2025-11-11,454.44,0.73,377.69,64.06
2,4,1,2025-11-11,739.39,1.3,643.55,72.31
3,2,1,2025-11-11,870.59,4.43,959.06,63.34
4,3,1,2025-11-11,1807.13,8.36,1851.33,61.69
5,2,1,2025-11-11,891.0,4.97,951.9,69.26
6,4,1,2025-11-11,484.56,0.72,423.47,61.41
7,1,1,2025-11-11,730.29,4.61,843.99,72.78
8,3,1,2025-11-11,1483.59,6.93,1546.58,64.97
1,2,2,2025-11-11,536.32,0.35,588.64,8.21
2,2,2,2025-11-11,1001.4,0.71,1110.47,8.63
3,2,2,2025-11-11,633.56,0.45,700.13,8.66
4,3,2,2025-11-11,2002.12,1.17,2134.6,7.79
5,2,2,2025-11-11,1155.82,0.74,1246.56,7.93
6,4,2,2025-11-11,548.13,0.1,456.49,7.54
7,1,2,2025-11-11,940.52,0.62,1049.49,7.68
8,5,2,2025-11-11,1708.29,0.2,1141.13,7.54
1,4,3,2025-11-11,304.17,0.98,266.94,132.47
2,2,3,2025-11-11,1020.36,9.79,1100.75,124.42
3,2,3,2025-11-11,436.5,5.17,473.53,147.11
4,3,3,2025-11-11,2124.88,19.89,2299.26,127.43
5,4,3,2025-11-11,976.4,3.58,829.95,145.94
6,4,3,2025-11-11,285.22,0.89,237.47,127.61
7,2,3,2025-11-11,1030.28,10.11,1124.11,128.01
8,5,3,2025-11-11,1830.19,3.4,1167.68,121.59
1,2,4,2025-11-11,699.62,4.65,759.76,82.08
2,3,4,2025-11-11,1067.09,6.65,1112.83,84.92
3,5,4,2025-11-11,940.55,1.16,621.14,78.68
4,5,4,2025-11-11,1946.65,2.5,1238.22,87.62
5,4,4,2025-11-11,1336.94,2.88,1104.85,84.74
6,2,4,2025-11-11,714.49,4.57,768.08,78.32
7,2,4,2025-11-11,678.53,4.03,754.36,75.75
8,5,4,2025-11-11,1342.38,1.52,861.75,74.74
1,2,5,2025-11-11,599.23,17.1,648.3,353.67
2,2,5,2025-11-11,640.15,20.31,716.23,382.4
3,5,5,2025-11-11,1119.83,5.67,713.88,339.91
4,3,5,2025-11-11,1761.21,44.97,1816.77,356.61
5,4,5,2025-11-11,1047.26,8.77,893.07,352.56
6,1,5,2025-11-11,599.6,16.83,687.4,319.7
7,4,5,2025-11-11,817.28,7.63,688.12,362.74
8,3,5,2025-11-11,1211.94,30.29,1280.92,341.51
1,1,1,2025-11-12,448.83,3.0,519.58,75.81
2,4,1,2025-11-12,744.9,1.49,618.12,82.71
3,1,1,2025-11-12,926.57,6.71,1072.86,88.13
4,3,1,2025-11-12,1913.63,12.56,2045.12,86.89
5,4,1,2025-11-12,936.02,1.86,805.37,77.29
6,4,1,2025-11-12,477.87,1.02,413.97,88.37
7,1,1,2025-11-12,725.87,4.48,810.82,76.04
8,5,1,2025-11-12,1446.17,1.56,955.81,73.78
1,1,2,2025-11-12,539.5,0.52,616.09,11.9
2,3,2,2025-11-12,945.55,0.78,1016.22,10.98
3,5,2,2025-11-12,638.36,0.11,426.34,10.96
4,3,2,2025-11-12,2058.48,1.58,2197.92,10.39
5,1,2,2025-11-12,1166.8,1.16,1379.18,11.27
6,1,2,2025-11-12,565.04,0.56,668.13,11.44
7,2,2,2025-11-12,957.4,0.9,1049.61,12.19
8,5,2,2025-11-12,1731.25,0.31,1111.59,12.15
1,4,3,2025-11-12,306.62,0.9,259.15,121.36
2,4,3,2025-11-12,1081.68,3.74,900.96,134.89
3,5,3,2025-11-12,453.41,0.87,290.23,127.96
4,3,3,2025-11-12,2243.7,24.61,2383.84,140.22
5,4,3,2025-11-12,990.0,3.11,834.18,125.92
6,4,3,2025-11-12,310.81,1.08,266.34,135.71
7,2,3,2025-11-12,1068.18,11.96,1204.57,138.62
8,5,3,2025-11-12,1724.71,3.34,1146.71,129.88
1,2,4,2025-11-12,687.72,3.73,771.46,70.74
2,4,4,2025-11-12,1065.14,1.9,898.71,74.68
3,1,4,2025-11-12,891.15,5.02,1004.0,67.25
4,5,4,2025-11-12,1887.51,2.01,1245.94,67.86
5,1,4,2025-11-12,1283.47,7.99,1480.69,71.67
6,2,4,2025-11-12,714.27,4.16,794.01,75.73
7,2,4,2025-11-12,660.84,3.63,710.68,71.8
8,5,4,2025-11-12,1323.53,1.59,840.74,76.3
1,4,5,2025-11-12,621.36,5.92,534.68,370.02
2,4,5,2025-11-12,663.62,5.47,573.95,341.49
3,2,5,2025-11-12,1169.71,33.41,1269.92,357.85
4,5,5,2025-11-12,1686.92,9.24,1071.59,373.61
5,2,5,2025-11-12,1092.13,30.02,1168.92,334.72
6,1,5,2025-11-12,624.14,17.21,704.81,337.3
7,2,5,2025-11-12,828.58,22.36,902.68,345.18
8,3,5,2025-11-12,1235.55,37.84,1306.58,390.21
1,4,1,2025-11-13,461.27,0.93,396.4,79.84
2,2,1,2025-11-13,730.2,4.57,795.88,77.08
3,2,1,2025-11-13,860.86,5.06,935.56,76.5
4,3,1,2025-11-13,1831.63,11.05,1969.3,78.17
5,1,1,2025-11-13,879.27,5.75,1039.76,78.86
6,1,1,2025-11-13,447.85,3.27,502.1,84.93
7,1,1,2025-11-13,758.12,4.76,868.31,70.62
8,5,1,2025-11-13,1435.61,1.69,944.9,77.91
1,1,2,2025-11-13,563.46,0.52,644.13,11.12
2,4,2,2025-11-13,1025.03,0.25,860.27,9.45
3,5,2,2025-11-13,603.73,0.08,388.64,9.21
4,3,2,2025-11-13,2081.87,1.48,2135.61,9.98
5,2,2,2025-11-13,1143.95,0.81,1267.8,9.23
6,2,2,2025-11-13,518.29,0.47,573.84,10.74
7,1,2,2025-11-13,953.83,0.81,1083.15,9.78
8,5,2,2025-11-13,1625.89,0.24,1062.85,9.84
1,1,3,2025-11-13,300.76,4.31,345.46,164.74
2,4,3,2025-11-13,1032.39,4.46,865.97,165.25
3,2,3,2025-11-13,470.5,5.13,534.38,141.36
4,3,3,2025-11-13,2091.59,25.42,2229.58,157.37
5,2,3,2025-11-13,996.86,12.96,1076.94,159.74
6,1,3,2025-11-13,302.95,3.7,340.04,139.33
7,4,3,2025-11-13,1079.03,3.92,897.85,141.81
8,3,3,2025-11-13,1768.87,22.16,1812.67,166.27
1,4,4,2025-11-13,735.6,1.24,634.75,70.07
2,3,4,2025-11-13,1041.46,5.95,1097.26,73.64
3,2,4,2025-11-13,944.77,5.44,1025.28,73.32
4,5,4,2025-11-13,1937.27,2.16,1226.48,71.13
5,4,4,2025-11-13,1357.56,2.42,1150.61,72.57
6,2,4,2025-11-13,706.72,3.49,768.66,62.82
7,2,4,2025-11-13,652.93,3.76,726.12,72.47
8,5,4,2025-11-13,1294.34,1.27,859.59,66.91
1,4,5,2025-11-13,590.11,5.72,509.37,369.45
2,3,5,2025-11-13,619.32,18.06,647.52,371.76
3,5,5,2025-11-13,1127.08,6.21,741.4,370.21
4,5,5,2025-11-13,1639.59,7.72,1070.95,318.61
5,4,5,2025-11-13,1045.46,9.83,876.42,364.68
6,4,5,2025-11-13,649.52,6.04,553.6,365.9
7,2,5,2025-11-13,840.68,22.46,909.07,338.85
8,5,5,2025-11-13,1268.03,6.44,813.3,323.6
1,2,1,2025-11-14,469.1,3.72,530.22,104.22
2,3,1,2025-11-14,740.42,5.45,767.98,93.41
3,1,1,2025-11-14,926.61,7.74,1049.13,101.02
4,3,1,2025-11-14,1882.49,15.15,1924.12,104.84
5,1,1,2025-11-14,906.19,8.62,1060.0,112.36
6,2,1,2025-11-14,466.01,3.74,518.17,96.29
7,2,1,2025-11-14,726.02,5.6,823.6,100.65
8,5,1,2025-11-14,1402.64,2.08,888.64,100.59
1,1,2,2025-11-14,519.87,0.52,592.09,12.31
2,3,2,2025-11-14,1022.9,0.96,1098.8,11.98
3,1,2,2025-11-14,630.63,0.68,709.18,12.35
4,3,2,2025-11-14,2079.95,1.9,2237.42,12.03
5,1,2,2025-11-14,1111.6,1.16,1243.44,12.07
6,4,2,2025-11-14,534.55,0.15,453.18,11.78
7,4,2,2025-11-14,990.29,0.31,827.71,12.35
8,3,2,2025-11-14,1692.93,1.35,1778.44,10.89
1,2,3,2025-11-14,310.5,3.15,347.8,122.72
2,3,3,2025-11-14,1033.15,10.84,1070.44,136.07
3,1,3,2025-11-14,438.2,4.52,500.73,125.61
4,5,3,2025-11-14,2145.75,4.59,1359.01,143.01
5,2,3,2025-11-14,920.94,10.1,996.7,134.1
6,1,3,2025-11-14,289.83,3.34,339.14,129.44
7,4,3,2025-11-14,1002.37,2.96,871.86,118.14
8,3,3,2025-11-14,1859.73,20.22,1934.7,139.67
1,2,4,2025-11-14,702.93,4.77,792.61,83.3
2,3,4,2025-11-14,1008.05,5.48,1088.58,72.19
3,5,4,2025-11-14,872.55,0.94,566.53,70.8
4,3,4,2025-11-14,1968.11,11.67,2093.21,75.33
5,4,4,2025-11-14,1282.54,2.48,1083.47,77.98
6,4,4,2025-11-14,738.37,1.39,624.87,76.47
7,1,4,2025-11-14,624.16,3.71,706.93,72.49
8,5,4,2025-11-14,1375.65,1.57,901.73,78.08
1,2,5,2025-11-14,610.13,16.99,679.64,335.82
2,2,5,2025-11-14,631.03,16.45,684.38,312.34
3,1,5,2025-11-14,1107.34,35.5,1270.51,379.04
4,5,5,2025-11-14,1667.89,9.67,1066.37,380.43
5,4,5,2025-11-14,1034.84,8.3,888.52,317.8
6,4,5,2025-11-14,635.11,5.7,536.88,375.56
7,4,5,2025-11-14,821.24,7.11,713.31,364.07
8,3,5,2025-11-14,1278.18,32.61,1356.04,341.17
1,1,1,2025-11-15,448.73,1.42,504.6,36.52
2,2,1,2025-11-15,719.9,2.07,815.99,35.23
3,1,1,2025-11-15,858.61,2.3,959.96,30.41
4,5,1,2025-11-15,1830.09,0.82,1200.33,30.47
5,1,1,2025-11-15,883.02,2.41,1010.84,32.43
6,2,1,2025-11-15,479.87,1.14,539.03,30.74
7,2,1,2025-11-15,728.29,1.96,799.55,34.74
8,3,1,2025-11-15,1497.27,4.16,1526.09,36.21
1,2,2,2025-11-15,555.62,0.15,612.83,3.48
2,2,2,2025-11-15,979.19,0.32,1091.7,4.08
3,2,2,2025-11-15,611.13,0.18,664.69,3.69
4,5,2,2025-11-15,2144.83,0.13,1360.7,4.05
5,2,2,2025-11-15,1119.64,0.32,1251.68,3.4
6,2,2,2025-11-15,549.92,0.15,612.33,3.53
7,1,2,2025-11-15,992.67,0.31,1125.54,3.64
8,5,2,2025-11-15,1657.28,0.1,1054.31,4.05
1,1,3,2025-11-15,304.29,1.12,352.0,44.4
2,3,3,2025-11-15,1026.74,3.86,1065.76,49.27
3,2,3,2025-11-15,451.14,1.76,500.35,49.23
4,5,3,2025-11-15,2156.27,1.48,1374.69,44.98
5,4,3,2025-11-15,937.46,1.04,777.72,43.23
6,1,3,2025-11-15,296.38,1.02,335.26,42.43
7,4,3,2025-11-15,1006.46,1.11,852.8,44.1
8,5,3,2025-11-15,1829.36,1.21,1168.76,42.99
1,4,4,2025-11-15,709.31,0.35,619.39,19.44
2,2,4,2025-11-15,1091.61,1.91,1225.22,21.32
3,2,4,2025-11-15,870.55,1.6,974.75,22.29
4,5,4,2025-11-15,1977.02,0.6,1294.46,21.08
5,4,4,2025-11-15,1294.91,0.62,1108.21,18.47
6,1,4,2025-11-15,702.38,1.19,818.38,20.64
7,2,4,2025-11-15,680.46,1.22,762.98,22.23
8,3,4,2025-11-15,1385.2,2.26,1427.65,21.56
1,1,5,2025-11-15,621.05,7.98,716.4,146.44
2,4,5,2025-11-15,631.2,2.37,535.89,153.05
3,5,5,2025-11-15,1150.04,2.56,741.18,142.15
4,5,5,2025-11-15,1621.26,3.39,1066.36,141.51
5,2,5,2025-11-15,1041.02,11.67,1139.46,140.13
6,4,5,2025-11-15,614.23,2.07,529.6,129.13
7,2,5,2025-11-15,886.21,10.75,957.52,146.18
8,3,5,2025-11-15,1289.75,15.23,1339.88,150.51
1,2,1,2025-11-17,465.75,2.72,519.59,74.11
2,3,1,2025-11-17,726.68,3.64,742.39,68.91
3,2,1,2025-11-17,878.36,5.0,953.17,73.05
4,5,1,2025-11-17,1810.02,1.92,1187.93,73.75
5,1,1,2025-11-17,861.61,5.31,992.97,71.2
6,4,1,2025-11-17,460.46,0.71,403.0,64.01
7,2,1,2025-11-17,778.2,4.13,857.8,66.03
8,3,1,2025-11-17,1380.95,7.05,1487.47,70.49
1,1,2,2025-11-17,551.46,0.57,627.04,11.55
2,2,2,2025-11-17,1010.32,1.03,1117.63,12.19
3,1,2,2025-11-17,639.85,0.74,752.36,13.4
4,3,2,2025-11-17,2090.33,1.75,2222.29,11.53
5,2,2,2025-11-17,1125.8,1.1,1201.9,12.83
6,4,2,2025-11-17,538.97,0.16,452.54,11.69
7,4,2,2025-11-17,941.4,0.29,793.09,12.04
8,3,2,2025-11-17,1688.07,1.41,1754.76,11.49
1,1,3,2025-11-17,286.55,3.22,334.83,135.94
2,2,3,2025-11-17,1042.82,11.49,1129.51,138.76
3,1,3,2025-11-17,446.68,5.92,509.24,149.73
4,3,3,2025-11-17,2136.32,21.46,2201.85,133.74
5,1,3,2025-11-17,961.36,11.69,1137.29,138.81
6,4,3,2025-11-17,299.81,1.02,253.97,131.77
7,1,3,2025-11-17,1014.59,12.89,1185.04,142.79
8,5,3,2025-11-17,1868.26,3.77,1207.02,141.48
1,4,4,2025-11-17,704.53,1.35,600.3,77.88
2,2,4,2025-11-17,1073.86,6.05,1216.47,72.86
3,5,4,2025-11-17,880.37,1.04,588.26,81.25
4,3,4,2025-11-17,2007.2,13.0,2115.88,85.22
5,4,4,2025-11-17,1327.53,2.86,1131.01,86.02
6,1,4,2025-11-17,686.24,4.71,802.9,82.12
7,4,4,2025-11-17,629.2,1.27,542.97,77.51
8,3,4,2025-11-17,1324.89,8.41,1385.72,82.56
1,2,5,2025-11-17,642.82,19.08,723.48,373.63
2,2,5,2025-11-17,659.92,17.16,729.29,320.59
3,2,5,2025-11-17,1173.63,34.32,1332.44,382.91
4,5,5,2025-11-17,1624.0,8.72,1075.97,365.43
5,2,5,2025-11-17,1057.36,33.32,1163.38,389.98
6,4,5,2025-11-17,623.78,5.65,525.65,379.27
7,2,5,2025-11-17,857.28,27.19,920.24,385.91
8,5,5,2025-11-17,1295.54,6.65,846.93,331.43
1,2,1,2025-11-18,471.07,3.3,527.5,89.21
2,3,1,2025-11-18,753.68,4.76,809.28,82.73
3,5,1,2025-11-18,896.67,1.27,595.54,92.37
4,3,1,2025-11-18,1817.3,13.03,1946.92,94.57
5,1,1,2025-11-18,908.24,7.07,1053.88,94.46
6,4,1,2025-11-18,448.09,0.89,376.52,79.31
7,1,1,2025-11-18,735.61,5.36,833.55,86.51
8,3,1,2025-11-18,1490.7,10.52,1548.27,90.23
1,4,2,2025-11-18,545.2,0.19,467.82,13.51
2,4,2,2025-11-18,949.23,0.36,789.47,15.34
3,2,2,2025-11-18,619.4,0.73,678.78,15.02
4,3,2,2025-11-18,2107.12,2.1,2196.03,13.44
5,2,2,2025-11-18,1156.42,1.35,1267.9,14.98
6,2,2,2025-11-18,529.01,0.59,589.25,13.77
7,1,2,2025-11-18,993.45,1.24,1163.96,14.92
8,3,2,2025-11-18,1618.77,1.77,1702.12,15.2
1,2,3,2025-11-18,299.72,2.28,325.75,96.12
2,4,3,2025-11-18,1075.16,2.48,893.94,96.32
3,1,3,2025-11-18,428.72,3.99,495.98,106.31
4,3,3,2025-11-18,2242.6,18.45,2394.43,108.92
5,2,3,2025-11-18,909.77,7.04,974.46,94.49
6,1,3,2025-11-18,304.41,2.82,355.61,109.49
7,1,3,2025-11-18,1102.0,10.08,1237.87,106.89
8,5,3,2025-11-18,1869.5,2.71,1192.86,96.64
1,1,4,2025-11-18,696.44,4.07,785.08,67.51
2,3,4,2025-11-18,1076.2,5.39,1130.58,70.12
3,5,4,2025-11-18,871.24,0.94,564.98,70.24
4,3,4,2025-11-18,1932.4,9.55,1990.53,67.03
5,2,4,2025-11-18,1323.26,6.54,1467.17,63.85
6,1,4,2025-11-18,729.31,4.69,834.49,74.53
7,2,4,2025-11-18,656.93,3.53,722.63,64.84
8,3,4,2025-11-18,1359.68,6.83,1451.78,65.09
1,4,5,2025-11-18,596.2,5.59,524.3,369.6
2,4,5,2025-11-18,674.66,6.08,587.76,370.27
3,2,5,2025-11-18,1179.31,29.84,1296.09,325.0
4,5,5,2025-11-18,1763.6,7.92,1175.31,309.36
5,1,5,2025-11-18,1069.76,34.49,1221.5,371.12
6,4,5,2025-11-18,642.13,5.71,550.41,340.31
7,2,5,2025-11-18,807.66,23.72,876.43,368.99
8,3,5,2025-11-18,1269.88,34.07,1369.55,343.75
1,4,1,2025-11-19,488.65,0.85,425.41,66.92
2,3,1,2025-11-19,727.16,3.76,745.04,69.17
3,1,1,2025-11-19,935.61,5.73,1102.3,74.53
4,3,1,2025-11-19,1912.25,10.68,2041.15,71.6
5,1,1,2025-11-19,877.42,5.17,1021.0,72.86
6,1,1,2025-11-19,478.55,2.75,534.9,67.84
7,4,1,2025-11-19,748.63,1.39,628.09,76.84
8,5,1,2025-11-19,1469.07,1.52,935.2,68.28
1,1,2,2025-11-19,519.53,0.53,602.03,12.41
2,2,2,2025-11-19,1008.9,0.97,1091.08,11.93
3,1,2,2025-11-19,633.45,0.6,713.03,11.51
4,5,2,2025-11-19,2000.6,0.37,1330.18,11.8
5,1,2,2025-11-19,1151.81,1.28,1338.04,12.51
6,2,2,2025-11-19,553.9,0.56,610.96,12.58
7,4,2,2025-11-19,918.34,0.29,802.03,12.8
8,3,2,2025-11-19,1596.62,1.58,1702.17,13.46
1,2,3,2025-11-19,288.58,3.17,310.26,138.18
2,4,3,2025-11-19,1007.35,3.32,879.8,136.15
3,1,3,2025-11-19,438.29,5.0,511.43,128.47
4,3,3,2025-11-19,2107.75,20.78,2257.67,129.38
5,2,3,2025-11-19,944.93,9.11,1012.79,126.5
6,2,3,2025-11-19,314.72,3.86,350.67,146.99
7,2,3,2025-11-19,1081.72,11.99,1168.24,143.3
8,5,3,2025-11-19,1820.4,3.86,1164.13,145.69
1,2,4,2025-11-19,721.09,3.03,794.94,51.78
2,3,4,2025-11-19,1085.68,4.1,1109.72,52.18
3,1,4,2025-11-19,891.01,3.38,1028.31,43.96
4,3,4,2025-11-19,1977.12,6.99,2068.33,48.36
5,4,4,2025-11-19,1284.64,1.72,1082.9,51.34
6,4,4,2025-11-19,715.81,0.84,617.36,48.67
7,4,4,2025-11-19,638.12,0.81,537.36,52.12
8,3,4,2025-11-19,1350.21,5.17,1457.9,48.79
1,1,5,2025-11-19,604.29,16.12,702.38,299.19
2,3,5,2025-11-19,668.29,13.0,714.09,260.97
3,5,5,2025-11-19,1188.13,4.78,779.16,279.52
4,5,5,2025-11-19,1774.65,7.9,1172.23,308.52
5,1,5,2025-11-19,1045.95,25.23,1209.33,293.96
6,4,5,2025-11-19,638.45,4.29,550.04,277.99
7,2,5,2025-11-19,835.36,17.58,907.73,264.4
8,5,5,2025-11-19,1206.4,4.91,794.85,262.28
1,1,1,2025-11-20,449.49,3.15,512.7,81.34
2,3,1,2025-11-20,716.74,4.74,747.51,88.35
3,1,1,2025-11-20,935.09,6.35,1063.23,81.46
4,3,1,2025-11-20,1902.82,11.27,1986.62,82.08
5,4,1,2025-11-20,899.25,2.04,765.77,88.74
6,1,1,2025-11-20,447.35,2.86,523.14,76.73
7,1,1,2025-11-20,728.93,5.01,860.43,85.13
8,3,1,2025-11-20,1410.03,8.06,1508.43,75.99
1,1,2,2025-11-20,555.09,0.71,620.07,14.64
2,2,2,2025-11-20,991.47,1.08,1073.08,13.2
3,1,2,2025-11-20,600.8,0.68,704.64,13.69
4,3,2,2025-11-20,2037.91,1.96,2167.06,13.28
5,2,2,2025-11-20,1184.04,1.24,1306.56,12.74
6,4,2,2025-11-20,546.86,0.22,454.03,15.4
7,4,2,2025-11-20,953.91,0.35,834.73,14.63
8,5,2,2025-11-20,1605.17,0.36,1020.48,14.61
1,2,3,2025-11-20,300.76,3.1,332.74,133.68
2,4,3,2025-11-20,1067.1,3.68,928.54,139.48
3,1,3,2025-11-20,455.81,4.74,539.96,128.4
4,5,3,2025-11-20,2213.59,4.88,1462.86,141.22
5,4,3,2025-11-20,908.54,2.77,776.59,127.56
6,2,3,2025-11-20,301.36,3.12,330.53,129.97
7,4,3,2025-11-20,1097.14,3.89,951.55,137.02
8,5,3,2025-11-20,1858.57,3.56,1198.06,132.76
1,1,4,2025-11-20,691.62,4.07,809.51,71.63
2,2,4,2025-11-20,1031.41,6.5,1151.56,81.03
3,5,4,2025-11-20,922.22,1.01,600.01,75.58
4,3,4,2025-11-20,2019.08,9.94,2150.2,67.93
5,1,4,2025-11-20,1298.02,8.86,1459.16,81.31
6,2,4,2025-11-20,744.67,4.3,831.21,70.21
7,4,4,2025-11-20,627.07,1.04,526.08,68.72
8,5,4,2025-11-20,1291.65,1.49,826.6,73.49
1,1,5,2025-11-20,614.91,21.08,715.59,408.76
2,2,5,2025-11-20,647.73,21.62,717.41,411.0
3,2,5,2025-11-20,1139.35,37.35,1242.7,401.6
4,5,5,2025-11-20,1771.15,11.05,1138.86,399.84
5,1,5,2025-11-20,1061.94,38.48,1240.52,438.0
6,4,5,2025-11-20,648.17,7.15,554.1,437.08
7,2,5,2025-11-20,866.58,29.86,938.38,435.04
8,3,5,2025-11-20,1258.11,41.02,1300.96,435.59
1,1,1,2025-11-21,461.8,3.87,545.47,97.71
2,4,1,2025-11-21,749.52,1.52,619.86,85.24
3,5,1,2025-11-21,897.38,1.23,601.06,88.05
4,3,1,2025-11-21,1893.0,12.59,1937.3,87.44
5,4,1,2025-11-21,898.62,2.13,750.08,97.51
6,2,1,2025-11-21,449.16,3.39,487.11,93.23
7,4,1,2025-11-21,723.76,1.74,621.42,92.48
8,5,1,2025-11-21,1415.94,2.1,908.98,96.55
1,2,2,2025-11-21,562.26,0.69,634.01,15.32
2,4,2,2025-11-21,989.77,0.32,838.28,13.15
3,5,2,2025-11-21,634.19,0.14,411.21,13.95
4,3,2,2025-11-21,2031.15,2.07,2141.6,13.76
5,4,2,2025-11-21,1178.25,0.36,1017.95,13.01
6,1,2,2025-11-21,524.81,0.65,617.05,13.86
7,1,2,2025-11-21,945.5,1.04,1075.55,12.9
8,3,2,2025-11-21,1717.98,1.83,1833.4,14.19
1,4,3,2025-11-21,285.87,0.79,237.68,110.23
2,2,3,2025-11-21,1096.47,11.1,1229.14,130.21
3,5,3,2025-11-21,462.95,0.77,293.89,111.23
4,3,3,2025-11-21,2301.21,19.68,2392.01,117.92
5,4,3,2025-11-21,912.21,2.54,759.08,113.36
6,4,3,2025-11-21,310.96,0.9,260.2,115.55
7,4,3,2025-11-21,1016.78,3.24,876.93,130.56
8,3,3,2025-11-21,1866.05,16.71,1908.57,117.1
1,2,4,2025-11-21,701.68,3.79,774.45,64.38
2,4,4,2025-11-21,1077.5,1.72,939.18,65.39
3,2,4,2025-11-21,914.27,5.26,1004.44,69.82
4,3,4,2025-11-21,1857.57,10.78,1962.55,77.48
5,2,4,2025-11-21,1241.53,7.46,1364.48,72.35
6,1,4,2025-11-21,699.34,4.3,806.77,69.61
7,2,4,2025-11-21,651.98,3.6,727.1,68.01
8,5,4,2025-11-21,1349.28,1.54,856.39,72.42
1,2,5,2025-11-21,639.42,13.16,706.66,266.42
2,3,5,2025-11-21,681.97,15.42,731.61,306.14
3,2,5,2025-11-21,1102.99,24.89,1248.38,295.68
4,5,5,2025-11-21,1743.14,7.62,1140.32,282.68
5,1,5,2025-11-21,1070.37,25.08,1200.57,265.62
6,2,5,2025-11-21,611.54,13.27,688.42,272.62
7,4,5,2025-11-21,859.96,6.06,750.25,272.04
8,5,5,2025-11-21,1285.67,5.7,818.84,300.84
1,1,1,2025-11-22,462.31,0.97,519.74,24.13
2,2,1,2025-11-22,747.8,1.42,816.56,23.81
3,2,1,2025-11-22,915.97,1.86,996.65,25.77
4,3,1,2025-11-22,1803.25,3.13,1898.85,22.94
5,2,1,2025-11-22,877.62,1.84,945.29,25.04
6,4,1,2025-11-22,464.13,0.31,396.23,26.26
7,2,1,2025-11-22,736.45,1.33,786.26,23.28
8,5,1,2025-11-22,1403.75,0.57,901.59,26.7
1,4,2,2025-11-22,550.5,0.04,466.8,2.88
2,3,2,2025-11-22,1001.58,0.2,1027.16,2.52
3,2,2,2025-11-22,606.0,0.12,658.06,2.44
4,5,2,2025-11-22,2009.76,0.08,1313.81,2.44
5,4,2,2025-11-22,1134.14,0.08,953.91,2.61
6,4,2,2025-11-22,528.16,0.04,442.8,2.59
7,1,2,2025-11-22,979.25,0.23,1140.57,2.72
8,3,2,2025-11-22,1684.5,0.32,1819.22,2.5
1,1,3,2025-11-22,287.46,1.12,339.85,46.59
2,4,3,2025-11-22,1064.15,1.18,927.99,43.81
3,5,3,2025-11-22,429.58,0.3,271.68,47.07
4,3,3,2025-11-22,2235.45,8.1,2324.8,49.46
5,4,3,2025-11-22,912.47,1.01,773.06,45.54
6,2,3,2025-11-22,312.88,1.12,345.49,42.65
7,2,3,2025-11-22,1031.79,3.68,1152.86,43.92
8,5,3,2025-11-22,1790.43,1.26,1182.67,47.57
1,2,4,2025-11-22,708.17,1.63,784.23,28.23
2,3,4,2025-11-22,1102.18,2.28,1184.5,28.11
3,5,4,2025-11-22,909.1,0.38,591.49,27.95
4,3,4,2025-11-22,1935.54,4.07,2047.7,27.63
5,2,4,2025-11-22,1245.15,2.97,1402.56,28.5
6,4,4,2025-11-22,716.07,0.53,597.72,28.89
7,1,4,2025-11-22,622.93,1.6,728.1,28.87
8,5,4,2025-11-22,1325.44,0.53,871.09,26.87
1,1,5,2025-11-22,613.6,6.42,700.39,121.35
2,3,5,2025-11-22,653.39,5.75,688.93,121.02
3,2,5,2025-11-22,1191.61,11.51,1290.92,115.61
4,3,5,2025-11-22,1760.1,16.29,1901.97,125.82
5,1,5,2025-11-22,1073.73,10.49,1234.17,116.53
6,1,5,2025-11-22,645.64,7.09,763.88,131.24
7,2,5,2025-11-22,821.26,7.98,908.19,118.45
8,3,5,2025-11-22,1254.98,11.65,1357.56,128.63
1,4,1,2025-11-24,453.53,0.68,383.63,61.0
2,2,1,2025-11-24,714.41,3.95,796.69,70.61
3,2,1,2025-11-24,858.52,5.0,934.35,73.48
4,3,1,2025-11-24,1916.98,8.99,2036.96,63.59
5,4,1,2025-11-24,873.95,1.51,731.12,67.38
6,4,1,2025-11-24,450.68,0.78,380.35,68.19
7,2,1,2025-11-24,750.84,4.46,826.81,72.88
8,3,1,2025-11-24,1485.57,8.39,1553.99,73.02
1,2,2,2025-11-24,524.21,0.45,583.6,10.69
2,2,2,2025-11-24,934.43,0.7,1030.26,9.66
3,1,2,2025-11-24,589.01,0.5,687.54,9.66
4,5,2,2025-11-24,2031.42,0.3,1321.13,9.81
5,4,2,2025-11-24,1187.37,0.33,1016.92,11.32
6,4,2,2025-11-24,544.34,0.14,452.87,9.77
7,2,2,2025-11-24,968.5,0.86,1042.95,11.28
8,5,2,2025-11-24,1721.58,0.25,1091.23,9.96
1,1,3,2025-11-24,309.39,2.97,350.77,114.62
2,2,3,2025-11-24,1045.43,10.86,1127.59,123.95
3,2,3,2025-11-24,430.79,4.11,482.13,115.04
4,3,3,2025-11-24,2172.71,17.82,2321.67,108.18
5,1,3,2025-11-24,952.9,8.58,1114.45,104.13
6,2,3,2025-11-24,311.48,2.54,349.01,102.66
7,2,3,2025-11-24,1029.89,8.18,1167.38,102.1
8,5,3,2025-11-24,1757.76,2.82,1109.53,104.3
1,4,4,2025-11-24,738.65,1.3,614.56,73.26
2,2,4,2025-11-24,1020.88,6.12,1105.31,72.42
3,5,4,2025-11-24,899.88,0.88,577.81,63.18
4,3,4,2025-11-24,2016.24,10.87,2098.53,73.91
5,2,4,2025-11-24,1248.84,6.61,1366.88,64.63
6,2,4,2025-11-24,722.03,3.84,816.52,68.65
7,4,4,2025-11-24,664.18,1.21,580.48,69.95
8,3,4,2025-11-24,1342.61,6.44,1412.58,66.16
1,4,5,2025-11-24,627.71,6.48,527.54,394.12
2,3,5,2025-11-24,641.31,17.51,657.33,358.16
3,1,5,2025-11-24,1100.13,36.24,1293.2,376.19
4,5,5,2025-11-24,1772.15,10.07,1128.47,375.59
5,1,5,2025-11-24,1090.43,32.62,1291.78,356.77
6,1,5,2025-11-24,636.97,19.07,747.03,360.51
7,1,5,2025-11-24,836.12,29.67,993.66,402.96
8,5,5,2025-11-24,1272.25,6.87,819.91,375.25
1,1,1,2025-11-25,446.71,2.9,514.74,74.37
2,4,1,2025-11-25,718.3,1.45,623.6,84.11
3,5,1,2025-11-25,893.66,1.23,566.29,87.65
4,3,1,2025-11-25,1906.33,10.33,2007.35,73.86
5,4,1,2025-11-25,897.44,1.63,743.3,76.12
6,2,1,2025-11-25,472.41,2.89,526.07,78.9
7,2,1,2025-11-25,765.57,5.47,858.93,89.18
8,3,1,2025-11-25,1401.48,8.04,1456.6,74.66
1,2,2,2025-11-25,528.29,0.38,575.89,9.3
2,3,2,2025-11-25,979.79,0.73,1011.38,10.33
3,5,2,2025-11-25,614.51,0.09,411.22,10.27
4,5,2,2025-11-25,1998.99,0.3,1316.16,10.16
5,2,2,2025-11-25,1179.76,1.1,1317.97,11.06
6,1,2,2025-11-25,564.14,0.5,663.93,10.39
7,2,2,2025-11-25,910.35,0.8,974.73,10.89
8,5,2,2025-11-25,1647.22,0.23,1083.45,9.19
1,4,3,2025-11-25,313.47,0.92,263.36,117.52
2,2,3,2025-11-25,1035.5,9.06,1163.74,113.26
3,2,3,2025-11-25,437.22,4.06,479.15,113.76
4,3,3,2025-11-25,2280.54,19.73,2436.6,116.24
5,2,3,2025-11-25,952.8,9.44,1060.73,119.08
6,1,3,2025-11-25,311.86,2.86,354.82,113.71
7,2,3,2025-11-25,1024.44,10.23,1158.6,119.74
8,3,3,2025-11-25,1805.44,18.05,1924.26,127.21
1,1,4,2025-11-25,722.98,4.98,836.68,84.78
2,2,4,2025-11-25,1086.2,7.25,1226.71,86.73
3,2,4,2025-11-25,923.01,5.42,1032.22,76.97
4,3,4,2025-11-25,2011.94,12.91,2153.94,83.03
5,1,4,2025-11-25,1321.27,9.98,1479.89,87.13
6,4,4,2025-11-25,750.46,1.63,630.61,87.76
7,4,4,2025-11-25,643.0,1.29,535.87,78.78
8,5,4,2025-11-25,1307.48,1.57,842.78,81.02
1,2,5,2025-11-25,611.71,17.76,668.37,353.52
2,2,5,2025-11-25,655.29,18.46,706.77,357.79
3,1,5,2025-11-25,1109.34,33.51,1304.86,348.14
4,5,5,2025-11-25,1718.66,8.3,1142.46,332.24
5,1,5,2025-11-25,1042.06,30.26,1191.85,326.54
6,1,5,2025-11-25,620.57,17.0,719.66,329.71
7,1,5,2025-11-25,866.07,23.51,1024.94,335.39
8,3,5,2025-11-25,1270.57,33.83,1347.51,355.09
1,1,1,2025-11-26,454.81,3.14,524.54,80.59
2,4,1,2025-11-26,753.5,1.67,660.2,86.34
3,2,1,2025-11-26,885.41,5.91,972.96,85.91
4,5,1,2025-11-26,1926.38,2.85,1231.51,97.1
5,4,1,2025-11-26,940.89,2.02,800.89,85.37
6,2,1,2025-11-26,487.98,3.36,551.41,87.33
7,4,1,2025-11-26,772.12,1.91,660.48,94.86
8,3,1,2025-11-26,1427.57,9.79,1498.9,90.97
1,4,2,2025-11-26,514.54,0.13,437.71,10.14
2,3,2,2025-11-26,1028.95,0.93,1091.49,11.61
3,5,2,2025-11-26,632.02,0.11,401.68,10.99
4,3,2,2025-11-26,2031.19,1.56,2071.57,10.62
5,2,2,2025-11-26,1095.21,0.88,1220.5,10.46
6,2,2,2025-11-26,532.65,0.42,578.96,9.83
7,4,2,2025-11-26,961.93,0.24,832.2,9.88
8,5,2,2025-11-26,1713.62,0.25,1121.14,9.8
1,1,3,2025-11-26,299.64,3.7,338.57,146.03
2,3,3,2025-11-26,1092.41,12.45,1174.85,148.53
3,5,3,2025-11-26,437.12,0.87,279.24,128.81
4,5,3,2025-11-26,2130.95,4.31,1417.23,136.44
5,1,3,2025-11-26,976.41,11.66,1123.26,136.82
6,4,3,2025-11-26,285.32,0.93,238.5,132.96
7,2,3,2025-11-26,1089.51,13.16,1219.92,147.51
8,5,3,2025-11-26,1837.86,3.61,1209.18,127.88
1,4,4,2025-11-26,701.8,1.43,613.0,84.74
2,4,4,2025-11-26,1047.25,2.07,888.22,80.5
3,5,4,2025-11-26,929.86,1.06,616.19,78.36
4,3,4,2025-11-26,2020.32,12.95,2163.37,84.95
5,1,4,2025-11-26,1277.2,10.03,1443.77,88.41
6,1,4,2025-11-26,715.89,5.21,802.46,89.47
7,4,4,2025-11-26,635.69,1.44,551.24,93.04
8,3,4,2025-11-26,1353.38,8.74,1418.03,82.87
1,1,5,2025-11-26,629.42,17.54,746.96,328.1
2,2,5,2025-11-26,640.24,16.85,699.26,335.62
3,5,5,2025-11-26,1114.3,5.31,708.61,326.86
4,5,5,2025-11-26,1664.69,8.36,1089.0,320.12
5,2,5,2025-11-26,1017.77,27.33,1133.54,344.72
6,1,5,2025-11-26,646.81,16.17,765.41,309.44
7,2,5,2025-11-26,829.1,22.23,918.95,348.74
8,5,5,2025-11-26,1273.98,6.2,825.55,332.21
1,4,1,2025-11-27,451.7,1.02,393.98,87.06
2,2,1,2025-11-27,738.27,5.44,826.69,90.73
3,1,1,2025-11-27,925.29,7.89,1067.34,100.92
4,5,1,2025-11-27,1892.44,2.74,1214.17,91.97
5,4,1,2025-11-27,882.12,1.89,760.41,88.74
6,2,1,2025-11-27,478.74,3.38,513.47,87.85
7,2,1,2025-11-27,778.07,5.29,861.5,87.79
8,5,1,2025-11-27,1414.39,2.0,899.08,90.53
1,4,2,2025-11-27,515.06,0.14,428.53,11.12
2,4,2,2025-11-27,1012.77,0.32,845.05,12.04
3,2,2,2025-11-27,601.93,0.5,671.23,10.75
4,3,2,2025-11-27,1951.48,1.66,2028.48,11.63
5,4,2,2025-11-27,1207.19,0.36,1009.53,12.37
6,1,2,2025-11-27,531.23,0.53,609.45,11.67
7,2,2,2025-11-27,996.14,0.89,1096.51,11.07
8,3,2,2025-11-27,1594.87,1.5,1711.74,12.15
1,1,3,2025-11-27,295.1,3.42,339.85,130.27
2,3,3,2025-11-27,1024.96,10.55,1057.69,136.15
3,5,3,2025-11-27,438.97,0.96,285.83,149.46
4,3,3,2025-11-27,2164.69,25.22,2303.39,149.67
5,4,3,2025-11-27,934.32,3.12,811.87,129.67
6,4,3,2025-11-27,305.03,1.21,253.2,152.37
7,2,3,2025-11-27,998.78,10.5,1085.64,129.32
8,3,3,2025-11-27,1743.79,18.92,1847.88,144.0
1,4,4,2025-11-27,705.72,1.12,595.27,61.56
2,2,4,2025-11-27,1080.85,4.46,1205.76,52.54
3,1,4,2025-11-27,903.87,4.24,1026.38,55.7
4,3,4,2025-11-27,1931.88,7.87,2043.98,54.97
5,2,4,2025-11-27,1315.12,6.09,1464.18,58.0
6,2,4,2025-11-27,745.35,3.04,827.51,52.42
7,2,4,2025-11-27,636.59,2.74,709.1,54.7
8,5,4,2025-11-27,1349.73,1.12,881.94,53.28
1,1,5,2025-11-27,622.58,15.3,720.48,284.87
2,3,5,2025-11-27,624.57,15.69,649.05,338.35
3,2,5,2025-11-27,1113.75,26.43,1197.71,311.15
4,5,5,2025-11-27,1659.13,7.13,1066.89,286.34
5,2,5,2025-11-27,1045.41,27.77,1136.87,326.3
6,4,5,2025-11-27,596.06,5.23,502.03,336.74
7,1,5,2025-11-27,887.71,23.42,1054.5,305.97
8,5,5,2025-11-27,1231.67,6.55,798.97,340.03
1,4,1,2025-11-28,476.6,1.18,408.29,101.37
2,2,1,2025-11-28,716.98,5.9,775.62,104.42
3,1,1,2025-11-28,878.46,6.91,1015.34,95.81
4,3,1,2025-11-28,1813.37,13.55,1885.69,100.43
5,2,1,2025-11-28,917.31,6.86,1033.39,91.63
6,1,1,2025-11-28,474.41,4.35,531.65,108.06
7,4,1,2025-11-28,744.52,1.84,628.45,96.64
8,5,1,2025-11-28,1389.64,2.04,913.78,93.98
1,1,2,2025-11-28,554.78,0.46,633.6,10.26
2,4,2,2025-11-28,1013.65,0.28,846.42,10.86
3,5,2,2025-11-28,598.28,0.1,379.64,11.06
4,5,2,2025-11-28,2079.24,0.31,1328.31,10.1
5,2,2,2025-11-28,1166.01,1.04,1284.21,11.02
6,1,2,2025-11-28,517.54,0.5,602.03,11.19
7,4,2,2025-11-28,942.57,0.27,789.91,11.09
8,5,2,2025-11-28,1653.99,0.26,1071.96,10.55
1,1,3,2025-11-28,285.1,2.73,321.32,117.66
2,4,3,2025-11-28,1024.09,3.58,896.95,137.62
3,2,3,2025-11-28,461.38,4.97,496.18,128.88
4,5,3,2025-11-28,2241.03,4.45,1476.72,134.43
5,4,3,2025-11-28,966.46,3.07,815.11,122.95
6,2,3,2025-11-28,287.32,2.79,322.33,117.7
7,4,3,2025-11-28,1028.92,3.61,882.68,138.92
8,3,3,2025-11-28,1862.37,19.09,1944.03,139.63
1,2,4,2025-11-28,693.43,4.04,754.27,74.22
2,2,4,2025-11-28,1100.97,6.48,1199.45,73.41
3,5,4,2025-11-28,905.91,0.96,587.87,72.62
4,3,4,2025-11-28,1862.14,9.06,1929.62,65.17
5,1,4,2025-11-28,1307.35,7.99,1487.33,75.42
6,4,4,2025-11-28,750.88,1.17,648.65,65.43
7,1,4,2025-11-28,652.73,3.77,754.58,66.86
8,5,4,2025-11-28,1404.15,1.47,891.2,67.43
1,2,5,2025-11-28,592.26,14.22,652.31,298.6
2,2,5,2025-11-28,634.96,16.54,705.47,338.1
3,5,5,2025-11-28,1144.13,4.92,735.56,295.15
4,3,5,2025-11-28,1756.14,40.57,1864.11,319.24
5,1,5,2025-11-28,1020.83,28.51,1162.21,317.45
6,4,5,2025-11-28,620.17,5.27,534.93,325.64
7,4,5,2025-11-28,868.54,7.3,760.88,321.29
8,5,5,2025-11-28,1196.98,5.29,769.66,305.42
1,2,1,2025-11-29,448.14,0.96,500.86,26.43
2,2,1,2025-11-29,734.84,1.36,800.54,24.07
3,2,1,2025-11-29,879.33,1.93,943.72,28.31
4,3,1,2025-11-29,1914.03,4.2,2014.08,28.43
5,1,1,2025-11-29,918.67,2.09,1052.5,25.75
6,4,1,2025-11-29,470.32,0.3,395.24,25.89
7,2,1,2025-11-29,784.79,1.63,859.97,27.14
8,5,1,2025-11-29,1394.59,0.53,907.42,25.26
1,4,2,2025-11-29,559.99,0.06,463.01,4.5
2,3,2,2025-11-29,1010.0,0.33,1077.15,4.39
3,2,2,2025-11-29,649.73,0.23,703.21,4.33
4,3,2,2025-11-29,2010.42,0.64,2074.93,4.34
5,1,2,2025-11-29,1097.24,0.44,1290.23,4.51
6,4,2,2025-11-29,543.41,0.06,454.94,4.06
7,4,2,2025-11-29,990.42,0.11,822.28,4.55
8,5,2,2025-11-29,1686.53,0.12,1082.16,4.72
1,1,3,2025-11-29,311.02,1.66,366.26,61.27
2,4,3,2025-11-29,1018.47,1.45,851.56,60.09
3,1,3,2025-11-29,448.53,2.17,528.29,57.95
4,3,3,2025-11-29,2190.34,10.58,2326.75,62.61
5,1,3,2025-11-29,926.38,4.35,1058.2,56.39
6,2,3,2025-11-29,296.69,1.45,321.32,59.56
7,1,3,2025-11-29,1099.91,5.56,1243.48,57.97
8,3,3,2025-11-29,1853.33,8.8,1912.83,60.94
1,1,4,2025-11-29,749.18,1.78,838.98,28.87
2,3,4,2025-11-29,1059.92,2.31,1134.25,28.89
3,1,4,2025-11-29,882.2,2.01,1028.03,26.6
4,3,4,2025-11-29,1949.69,3.6,2007.42,24.0
5,1,4,2025-11-29,1278.57,2.9,1498.19,26.12
6,4,4,2025-11-29,699.68,0.46,603.39,26.37
7,4,4,2025-11-29,617.94,0.37,535.94,24.7
8,3,4,2025-11-29,1366.08,2.79,1409.63,28.45
1,1,5,2025-11-29,635.14,7.11,721.77,132.02
2,2,5,2025-11-29,660.53,7.45,738.0,147.57
3,2,5,2025-11-29,1173.68,12.56,1328.93,139.71
4,3,5,2025-11-29,1717.68,17.24,1857.25,137.98
5,4,5,2025-11-29,1041.87,3.34,904.74,131.78
6,2,5,2025-11-29,623.78,6.3,695.28,125.63
7,4,5,2025-11-29,865.74,3.24,751.69,148.96
8,5,5,2025-11-29,1281.19,2.85,818.57,143.69
1,4,1,2025-12-01,465.52,0.86,391.12,70.74
2,4,1,2025-12-01,713.81,1.39,621.51,75.26
3,2,1,2025-12-01,862.85,5.17,927.61,76.2
4,3,1,2025-12-01,1876.86,9.55,1984.33,66.5
5,2,1,2025-12-01,914.53,5.24,1024.45,68.56
6,1,1,2025-12-01,454.21,2.76,522.88,69.81
7,4,1,2025-12-01,755.96,1.48,650.02,79.77
8,3,1,2025-12-01,1470.92,7.23,1572.46,68.5
1,4,2,2025-12-01,543.22,0.12,473.4,8.34
2,3,2,2025-12-01,946.51,0.54,1003.09,7.32
3,5,2,2025-12-01,645.83,0.08,418.32,7.87
4,3,2,2025-12-01,2111.69,1.19,2191.93,7.23
5,1,2,2025-12-01,1093.18,0.77,1277.0,8.58
6,2,2,2025-12-01,526.52,0.32,566.7,7.62
7,4,2,2025-12-01,974.52,0.18,820.03,7.23
8,5,2,2025-12-01,1645.97,0.19,1075.3,7.87
1,4,3,2025-12-01,305.11,0.8,253.44,109.11
2,3,3,2025-12-01,1093.34,9.33,1134.86,118.59
3,1,3,2025-12-01,460.75,4.54,541.13,115.04
4,3,3,2025-12-01,2303.26,20.68,2455.6,125.64
5,1,3,2025-12-01,995.89,9.31,1134.37,111.69
6,4,3,2025-12-01,296.7,0.83,257.04,107.17
7,2,3,2025-12-01,1085.65,10.07,1227.42,111.52
8,5,3,2025-12-01,1852.79,3.19,1217.51,115.58
1,4,4,2025-12-01,727.99,1.15,616.61,63.49
2,4,4,2025-12-01,1043.48,1.77,867.53,64.87
3,1,4,2025-12-01,882.12,5.46,1033.17,72.91
4,3,4,2025-12-01,1863.82,9.3,1935.16,63.57
5,1,4,2025-12-01,1328.91,8.21,1514.78,69.58
6,4,4,2025-12-01,729.75,1.18,605.79,65.21
7,2,4,2025-12-01,644.38,3.44,726.39,64.51
8,5,4,2025-12-01,1402.31,1.62,912.7,74.63
1,1,5,2025-12-01,608.22,18.75,717.31,347.29
2,3,5,2025-12-01,644.73,14.53,680.12,290.44
3,5,5,2025-12-01,1166.51,5.98,741.42,336.44
4,3,5,2025-12-01,1770.44,37.66,1837.67,296.97
5,1,5,2025-12-01,1085.67,32.98,1257.1,346.02
6,2,5,2025-12-01,609.55,14.09,660.25,297.05
7,4,5,2025-12-01,851.89,6.25,714.81,305.23
8,3,5,2025-12-01,1227.7,31.56,1306.61,330.77
1,1,1,2025-12-02,449.3,3.1,503.01,81.35
2,2,1,2025-12-02,743.43,4.51,810.32,78.7
3,1,1,2025-12-02,894.3,6.27,1044.34,81.16
4,5,1,2025-12-02,1845.07,2.06,1225.54,74.38
5,4,1,2025-12-02,873.15,1.77,722.14,81.8
6,1,1,2025-12-02,464.39,3.05,527.92,78.6
7,4,1,2025-12-02,735.33,1.66,631.29,88.37
8,3,1,2025-12-02,1499.39,9.94,1570.75,86.98
1,2,2,2025-12-02,548.15,0.47,592.07,10.38
2,2,2,2025-12-02,936.53,0.78,1053.78,10.77
3,5,2,2025-12-02,630.23,0.1,416.54,10.97
4,3,2,2025-12-02,2021.37,1.52,2102.57,10.15
5,2,2,2025-12-02,1106.92,0.87,1220.3,9.42
6,1,2,2025-12-02,552.62,0.49,639.92,10.32
7,4,2,2025-12-02,964.7,0.26,817.29,10.66
8,3,2,2025-12-02,1606.8,1.15,1721.11,9.25
1,1,3,2025-12-02,305.92,3.64,350.31,135.3
2,3,3,2025-12-02,1078.95,11.03,1158.44,134.19
3,1,3,2025-12-02,427.94,5.01,495.11,139.47
4,5,3,2025-12-02,2256.2,5.21,1474.18,151.17
5,4,3,2025-12-02,917.03,3.1,797.39,141.21
6,4,3,2025-12-02,293.4,0.99,253.21,133.76
7,4,3,2025-12-02,1007.94,3.49,834.4,136.79
8,5,3,2025-12-02,1717.31,3.68,1145.83,137.31
1,2,4,2025-12-02,685.31,4.06,735.44,74.44
2,4,4,2025-12-02,1065.96,1.97,881.18,77.17
3,5,4,2025-12-02,927.4,0.95,618.74,71.0
4,3,4,2025-12-02,1912.75,11.09,1973.34,76.81
5,1,4,2025-12-02,1282.85,7.95,1507.11,71.01
6,2,4,2025-12-02,746.19,4.16,845.37,72.5
7,1,4,2025-12-02,670.62,4.68,753.66,81.75
8,3,4,2025-12-02,1408.77,7.77,1515.22,70.06
1,4,5,2025-12-02,630.59,5.9,529.27,381.67
2,4,5,2025-12-02,639.22,6.8,541.6,424.34
3,5,5,2025-12-02,1097.69,6.42,726.43,391.14
4,3,5,2025-12-02,1780.95,56.53,1928.31,423.57
5,2,5,2025-12-02,1100.68,36.31,1188.88,422.41
6,1,5,2025-12-02,610.48,23.39,687.63,431.8
7,1,5,2025-12-02,875.89,28.98,1000.08,405.07
8,3,5,2025-12-02,1296.46,41.78,1356.46,438.61
1,1,1,2025-12-03,490.68,4.46,565.22,103.15
2,4,1,2025-12-03,726.59,1.71,615.23,92.8
3,5,1,2025-12-03,931.61,1.47,593.45,101.33
4,5,1,2025-12-03,1825.71,2.6,1177.77,90.69
5,4,1,2025-12-03,896.88,2.42,780.01,104.75
6,1,1,2025-12-03,481.13,3.75,546.11,93.67
7,2,1,2025-12-03,754.14,5.85,851.43,96.26
8,3,1,2025-12-03,1477.64,10.78,1526.48,99.33
1,4,2,2025-12-03,539.59,0.17,452.24,12.88
2,2,2,2025-12-03,944.99,0.85,1011.58,10.68
3,1,2,2025-12-03,638.04,0.66,715.88,12.51
4,3,2,2025-12-03,2079.29,1.64,2245.5,10.66
5,2,2,2025-12-03,1154.32,1.03,1263.5,11.66
6,1,2,2025-12-03,526.63,0.52,598.05,11.35
7,1,2,2025-12-03,934.19,0.88,1090.75,11.34
8,5,2,2025-12-03,1727.96,0.31,1124.25,12.74
1,1,3,2025-12-03,301.64,3.36,340.04,130.56
2,3,3,2025-12-03,1005.92,10.83,1062.78,141.45
3,2,3,2025-12-03,458.29,4.92,505.27,130.74
4,3,3,2025-12-03,2290.09,20.37,2383.95,120.01
5,2,3,2025-12-03,916.04,9.43,1028.2,124.77
6,1,3,2025-12-03,307.83,3.63,362.59,133.25
7,2,3,2025-12-03,1016.11,10.3,1098.88,122.28
8,3,3,2025-12-03,1847.58,18.86,1919.45,136.37
1,2,4,2025-12-03,701.21,3.61,781.05,64.58
2,2,4,2025-12-03,1014.3,4.75,1124.21,58.23
3,2,4,2025-12-03,888.0,4.47,990.49,65.12
4,3,4,2025-12-03,1876.03,8.46,1987.9,60.09
5,4,4,2025-12-03,1304.73,1.74,1121.55,54.29
6,1,4,2025-12-03,702.23,3.7,792.59,61.91
7,1,4,2025-12-03,649.22,3.41,750.87,63.29
8,5,4,2025-12-03,1371.15,1.18,911.27,59.97
1,4,5,2025-12-03,637.18,5.15,534.57,338.16
2,2,5,2025-12-03,636.75,13.85,685.44,281.73
3,2,5,2025-12-03,1204.0,26.7,1308.47,285.25
4,3,5,2025-12-03,1750.38,36.98,1880.88,294.71
5,2,5,2025-12-03,1031.32,27.59,1130.58,326.23
6,2,5,2025-12-03,628.08,14.07,708.81,286.79
7,4,5,2025-12-03,837.55,7.24,735.84,340.08
8,3,5,2025-12-03,1280.9,32.5,1319.51,336.18
1,4,1,2025-12-04,476.84,1.15,414.43,99.6
2,3,1,2025-12-04,709.97,4.8,728.7,91.34
3,2,1,2025-12-04,864.57,5.79,975.93,81.68
4,5,1,2025-12-04,1808.95,2.48,1170.13,93.61
5,4,1,2025-12-04,913.54,2.22,754.76,92.64
6,2,1,2025-12-04,487.42,3.87,543.37,99.52
7,1,1,2025-12-04,743.66,5.95,869.51,97.05
8,3,1,2025-12-04,1449.34,9.04,1499.27,84.96
1,2,2,2025-12-04,516.24,0.4,562.13,9.66
2,2,2,2025-12-04,1009.96,0.71,1136.72,8.56
3,2,2,2025-12-04,602.45,0.39,658.96,8.53
4,5,2,2025-12-04,2140.72,0.29,1406.8,8.99
5,4,2,2025-12-04,1115.51,0.24,973.61,8.81
6,1,2,2025-12-04,534.6,0.4,602.61,9.04
7,4,2,2025-12-04,958.75,0.24,820.77,9.55
8,3,2,2025-12-04,1611.48,1.21,1711.25,9.8
1,2,3,2025-12-04,299.26,2.99,327.8,119.72
2,4,3,2025-12-04,1072.13,3.38,893.88,121.49
3,1,3,2025-12-04,460.88,4.34,528.66,108.45
4,5,3,2025-12-04,2190.0,3.41,1432.94,103.69
5,4,3,2025-12-04,987.21,3.1,818.01,122.9
6,1,3,2025-12-04,297.93,2.89,342.75,115.06
7,1,3,2025-12-04,1080.66,9.83,1240.85,104.58
8,5,3,2025-12-04,1887.84,3.36,1212.94,115.21
1,2,4,2025-12-04,718.5,3.6,783.5,61.0
2,2,4,2025-12-04,1099.8,5.83,1216.94,64.45
3,2,4,2025-12-04,908.84,4.75,994.39,67.76
4,5,4,2025-12-04,1900.21,1.9,1254.3,64.02
5,1,4,2025-12-04,1240.02,7.61,1465.24,71.56
6,1,4,2025-12-04,698.96,3.75,815.52,61.5
7,4,4,2025-12-04,674.4,1.09,563.59,64.86
8,5,4,2025-12-04,1399.11,1.25,888.42,61.56
1,2,5,2025-12-04,623.36,19.49,675.07,381.64
2,4,5,2025-12-04,680.39,6.25,571.51,368.55
3,5,5,2025-12-04,1169.8,6.82,771.23,394.34
4,5,5,2025-12-04,1651.07,8.98,1076.79,348.68
5,1,5,2025-12-04,1001.37,29.99,1139.18,348.25
6,4,5,2025-12-04,636.31,5.93,555.34,369.91
7,2,5,2025-12-04,873.43,28.0,958.63,394.7
8,5,5,2025-12-04,1295.55,7.79,850.01,392.82
1,1,1,2025-12-05,472.1,3.66,546.24,87.9
2,4,1,2025-12-05,755.33,1.62,657.44,84.6
3,5,1,2025-12-05,922.0,1.18,604.26,85.81
4,5,1,2025-12-05,1800.11,2.27,1163.77,84.41
5,1,1,2025-12-05,926.14,6.67,1050.54,85.81
6,4,1,2025-12-05,472.77,0.92,402.74,79.94
7,4,1,2025-12-05,755.53,1.5,658.89,79.66
8,3,1,2025-12-05,1378.15,9.96,1456.46,95.04
1,2,2,2025-12-05,539.1,0.58,593.25,13.3
2,4,2,2025-12-05,983.63,0.32,819.84,12.68
3,2,2,2025-12-05,632.79,0.63,712.4,12.72
4,3,2,2025-12-05,1974.38,1.98,2032.3,14.03
5,1,2,2025-12-05,1170.63,1.22,1312.72,12.4
6,4,2,2025-12-05,535.31,0.16,451.27,11.88
7,2,2,2025-12-05,940.31,1.11,1025.49,14.21
8,5,2,2025-12-05,1701.87,0.31,1127.03,12.42
1,1,3,2025-12-05,290.91,3.77,345.9,157.22
2,4,3,2025-12-05,1052.31,3.72,875.08,140.31
3,2,3,2025-12-05,467.55,5.26,508.28,141.93
4,5,3,2025-12-05,2188.51,5.46,1418.79,169.77
5,2,3,2025-12-05,956.45,13.53,1065.28,169.13
6,4,3,2025-12-05,311.69,1.22,273.01,153.69
7,2,3,2025-12-05,1046.69,11.95,1148.3,141.01
8,5,3,2025-12-05,1833.81,4.57,1186.73,164.53
1,4,4,2025-12-05,726.77,1.37,618.4,75.64
2,2,4,2025-12-05,1071.17,6.39,1160.21,78.16
3,5,4,2025-12-05,865.31,1.07,548.76,86.67
4,5,4,2025-12-05,1963.47,2.3,1289.64,79.12
5,1,4,2025-12-05,1258.26,7.8,1426.14,71.86
6,4,4,2025-12-05,714.97,1.46,596.23,83.95
7,1,4,2025-12-05,639.84,3.86,728.35,74.52
8,3,4,2025-12-05,1416.47,9.4,1479.36,87.11
1,4,5,2025-12-05,627.79,5.77,521.11,353.98
2,3,5,2025-12-05,634.26,19.87,673.12,404.64
3,1,5,2025-12-05,1101.67,34.4,1258.49,357.13
4,5,5,2025-12-05,1642.08,9.35,1087.47,395.62
5,2,5,2025-12-05,1041.15,31.53,1135.97,389.44
6,4,5,2025-12-05,647.28,5.63,565.39,344.71
7,2,5,2025-12-05,820.04,27.96,899.56,413.37
8,5,5,2025-12-05,1206.58,7.66,772.22,416.48
1,1,1,2025-12-06,459.98,0.83,516.58,22.32
2,2,1,2025-12-06,742.44,1.48,838.57,23.81
3,5,1,2025-12-06,910.97,0.32,595.22,23.54
4,3,1,2025-12-06,1834.19,3.4,1881.49,24.12
5,4,1,2025-12-06,866.57,0.54,717.33,25.13
6,2,1,2025-12-06,473.69,0.91,512.67,23.74
7,2,1,2025-12-06,731.54,1.42,823.15,23.95
8,5,1,2025-12-06,1480.48,0.57,951.73,25.66
1,1,2,2025-12-06,523.23,0.14,600.33,3.11
2,3,2,2025-12-06,991.55,0.22,1051.86,3.06
3,5,2,2025-12-06,619.97,0.03,407.7,3.09
4,5,2,2025-12-06,1991.01,0.11,1332.22,3.55
5,4,2,2025-12-06,1144.43,0.1,987.03,3.68
6,2,2,2025-12-06,552.53,0.15,623.98,3.57
7,1,2,2025-12-06,984.88,0.26,1144.05,3.21
8,3,2,2025-12-06,1594.72,0.45,1666.24,3.65
1,4,3,2025-12-06,304.35,0.33,255.96,44.71
2,2,3,2025-12-06,1083.86,4.17,1215.23,46.06
3,1,3,2025-12-06,429.01,1.81,495.46,47.84
4,5,3,2025-12-06,2170.14,1.42,1427.28,42.65
5,1,3,2025-12-06,927.16,3.29,1049.41,43.62
6,1,3,2025-12-06,311.92,1.04,362.31,39.92
7,2,3,2025-12-06,1046.71,3.92,1129.02,46.87
8,5,3,2025-12-06,1725.23,1.12,1147.42,44.86
1,1,4,2025-12-06,716.86,1.2,813.74,20.49
2,2,4,2025-12-06,1009.66,1.81,1087.8,22.19
3,2,4,2025-12-06,927.93,1.77,1018.67,22.71
4,3,4,2025-12-06,1897.04,3.1,1936.83,22.44
5,2,4,2025-12-06,1353.28,2.32,1520.64,21.93
6,1,4,2025-12-06,719.23,1.26,844.07,20.84
7,2,4,2025-12-06,670.15,1.08,749.5,20.8
8,5,4,2025-12-06,1308.68,0.47,869.1,22.76
1,1,5,2025-12-06,638.85,7.41,754.4,130.94
2,4,5,2025-12-06,679.05,2.11,582.16,128.99
3,1,5,2025-12-06,1097.65,10.2,1242.78,114.21
4,5,5,2025-12-06,1620.19,3.17,1024.89,126.88
5,4,5,2025-12-06,1102.28,3.16,919.01,120.54
6,2,5,2025-12-06,601.02,5.8,650.04,120.55
7,2,5,2025-12-06,835.97,7.52,899.65,113.88
8,5,5,2025-12-06,1271.74,2.58,819.29,134.93
1,4,1,2025-12-08,464.53,1.07,392.75,94.7
2,2,1,2025-12-08,730.47,5.03,789.8,86.01
3,5,1,2025-12-08,919.51,1.28,595.34,93.04
4,5,1,2025-12-08,1890.49,2.94,1202.38,101.21
5,1,1,2025-12-08,944.3,8.15,1112.82,100.43
6,2,1,2025-12-08,483.36,3.2,517.8,86.08
7,4,1,2025-12-08,769.48,1.66,639.43,87.08
8,5,1,2025-12-08,1494.85,2.07,962.72,91.88
1,2,2,2025-12-08,553.74,0.47,627.42,11.13
2,2,2,2025-12-08,990.54,0.98,1091.01,12.12
3,1,2,2025-12-08,605.74,0.65,703.87,12.64
4,3,2,2025-12-08,1999.47,1.78,2141.65,12.1
5,2,2,2025-12-08,1203.47,1.03,1309.88,10.73
6,4,2,2025-12-08,540.95,0.15,468.75,11.42
7,4,2,2025-12-08,975.99,0.31,807.31,12.66
8,3,2,2025-12-08,1663.12,1.49,1750.57,11.93
1,4,3,2025-12-08,302.36,1.22,258.98,159.68
2,3,3,2025-12-08,1078.08,14.26,1109.69,178.22
3,2,3,2025-12-08,453.59,6.62,496.91,181.1
4,5,3,2025-12-08,2100.66,5.24,1405.48,172.71
5,4,3,2025-12-08,957.01,3.75,829.09,150.67
6,2,3,2025-12-08,298.95,3.76,338.42,156.52
7,1,3,2025-12-08,1032.12,13.84,1168.8,150.72
8,3,3,2025-12-08,1881.63,24.84,1925.34,176.65
1,1,4,2025-12-08,724.63,4.27,836.21,70.28
2,2,4,2025-12-08,1071.55,5.7,1175.79,64.28
3,5,4,2025-12-08,864.36,0.84,576.44,65.39
4,3,4,2025-12-08,1989.54,10.43,2125.01,69.48
5,4,4,2025-12-08,1336.45,2.35,1107.85,71.83
6,1,4,2025-12-08,719.01,3.8,836.17,64.73
7,1,4,2025-12-08,623.24,4.05,710.12,73.91
8,5,4,2025-12-08,1324.36,1.53,836.24,75.02
1,4,5,2025-12-08,607.52,5.34,524.9,367.09
2,2,5,2025-12-08,642.78,20.1,710.98,376.55
3,1,5,2025-12-08,1194.85,38.17,1398.71,372.85
4,3,5,2025-12-08,1617.51,47.07,1747.16,382.96
5,4,5,2025-12-08,1029.37,10.38,875.43,407.65
6,2,5,2025-12-08,599.66,16.81,650.76,359.61
7,4,5,2025-12-08,874.54,7.23,724.59,337.28
8,3,5,2025-12-08,1196.92,35.49,1295.55,378.17
1,4,1,2025-12-09,488.06,0.83,410.66,67.28
2,3,1,2025-12-09,688.99,3.69,706.09,69.17
3,5,1,2025-12-09,856.43,0.91,558.05,67.77
4,5,1,2025-12-09,1856.69,1.95,1196.06,70.43
5,2,1,2025-12-09,890.94,5.37,980.93,73.08
6,4,1,2025-12-09,455.96,0.79,379.97,67.81
7,4,1,2025-12-09,733.67,1.36,636.92,74.99
8,3,1,2025-12-09,1389.88,7.64,1468.56,72.68
1,4,2,2025-12-09,541.36,0.17,448.3,12.25
2,3,2,2025-12-09,968.28,0.88,1045.08,12.21
3,5,2,2025-12-09,632.74,0.11,420.97,11.2
4,3,2,2025-12-09,2002.14,1.66,2068.45,11.0
5,2,2,2025-12-09,1203.94,1.12,1311.26,11.89
6,1,2,2025-12-09,540.44,0.5,608.26,11.29
7,2,2,2025-12-09,962.58,0.92,1054.64,11.53
8,5,2,2025-12-09,1728.29,0.31,1122.83,11.64
1,1,3,2025-12-09,292.47,2.67,339.43,103.52
2,4,3,2025-12-09,1014.79,2.52,849.44,103.72
3,2,3,2025-12-09,470.17,4.34,515.49,120.63
4,5,3,2025-12-09,2178.92,3.56,1451.9,107.98
5,2,3,2025-12-09,926.47,8.37,1033.86,108.28
6,2,3,2025-12-09,303.53,2.7,326.77,114.85
7,2,3,2025-12-09,1074.86,8.59,1163.76,102.14
8,3,3,2025-12-09,1738.11,14.63,1791.62,107.57
1,2,4,2025-12-09,696.18,3.91,763.64,71.8
2,3,4,2025-12-09,1074.43,4.99,1102.28,64.18
3,1,4,2025-12-09,917.36,5.33,1050.88,69.22
4,5,4,2025-12-09,1863.19,1.88,1239.01,69.05
5,1,4,2025-12-09,1292.03,7.73,1521.72,67.66
6,4,4,2025-12-09,684.74,1.34,572.78,76.28
7,1,4,2025-12-09,657.59,3.93,755.35,70.13
8,5,4,2025-12-09,1333.29,1.51,852.74,74.53
1,2,5,2025-12-09,634.13,21.24,713.75,432.23
2,2,5,2025-12-09,675.65,20.18,759.99,372.95
3,1,5,2025-12-09,1112.76,38.04,1277.74,402.5
4,3,5,2025-12-09,1637.72,49.55,1772.94,418.26
5,1,5,2025-12-09,1026.86,36.76,1210.02,416.49
6,2,5,2025-12-09,616.79,20.66,689.43,404.77
7,4,5,2025-12-09,813.73,8.1,690.87,384.35
8,3,5,2025-12-09,1209.69,35.58,1242.81,396.05
1,1,1,2025-12-10,460.33,2.74,540.83,70.62
2,2,1,2025-12-10,694.31,4.77,764.8,82.36
3,2,1,2025-12-10,901.86,5.27,979.47,70.51
4,3,1,2025-12-10,1931.81,11.48,2043.24,76.07
5,4,1,2025-12-10,931.98,1.94,804.21,80.92
6,2,1,2025-12-10,449.77,2.58,483.98,72.88
7,1,1,2025-12-10,750.17,5.19,883.39,81.39
8,5,1,2025-12-10,1444.86,1.62,964.76,77.57
1,2,2,2025-12-10,566.94,0.46,610.68,9.75
2,2,2,2025-12-10,949.92,0.66,1038.74,8.33
3,1,2,2025-12-10,630.76,0.46,727.22,8.23
4,5,2,2025-12-10,2141.27,0.31,1377.5,9.34
5,1,2,2025-12-10,1134.52,0.91,1342.54,9.78
6,2,2,2025-12-10,532.41,0.42,575.88,9.54
7,4,2,2025-12-10,936.13,0.21,785.76,9.19
8,3,2,2025-12-10,1623.52,0.97,1685.96,8.17
1,1,3,2025-12-10,307.4,3.43,358.09,128.23
2,3,3,2025-12-10,998.83,8.51,1038.35,119.0
3,1,3,2025-12-10,456.36,4.36,530.97,110.88
4,3,3,2025-12-10,2164.11,19.22,2227.54,118.3
5,2,3,2025-12-10,981.02,8.09,1074.58,107.23
6,4,3,2025-12-10,296.71,0.99,248.08,128.76
7,4,3,2025-12-10,1061.47,3.29,923.79,128.04
8,3,3,2025-12-10,1756.32,15.35,1828.69,117.81
1,2,4,2025-12-10,745.94,4.93,837.51,79.8
2,3,4,2025-12-10,1055.45,7.06,1137.13,85.53
3,2,4,2025-12-10,915.82,5.62,1001.25,79.22
4,3,4,2025-12-10,1996.87,10.45,2062.25,71.64
5,2,4,2025-12-10,1285.52,8.51,1396.7,80.58
6,1,4,2025-12-10,704.36,4.75,797.99,81.55
7,4,4,2025-12-10,626.71,1.33,541.3,85.34
8,5,4,2025-12-10,1392.16,1.72,930.82,83.12
1,1,5,2025-12-10,595.75,16.59,691.68,332.63
2,2,5,2025-12-10,675.61,20.37,742.03,373.33
3,5,5,2025-12-10,1099.12,5.6,713.37,340.18
4,3,5,2025-12-10,1744.61,45.16,1883.09,360.38
5,1,5,2025-12-10,1068.49,33.18,1260.07,352.86
6,2,5,2025-12-10,635.44,16.57,694.0,342.41
7,4,5,2025-12-10,868.65,7.02,751.17,320.25
8,3,5,2025-12-10,1305.6,35.35,1342.59,372.12
1,4,1,2025-12-11,488.69,0.94,418.1,74.8
2,3,1,2025-12-11,744.47,4.63,763.98,80.38
3,2,1,2025-12-11,933.73,5.73,1033.02,78.21
4,5,1,2025-12-11,1793.64,2.08,1189.2,76.7
5,1,1,2025-12-11,916.97,5.29,1056.76,68.65
6,1,1,2025-12-11,485.29,3.17,554.06,73.99
7,2,1,2025-12-11,783.55,5.17,878.06,80.64
8,3,1,2025-12-11,1457.67,7.68,1551.19,69.31
1,4,2,2025-12-11,563.72,0.19,480.11,12.97
2,3,2,2025-12-11,1022.12,0.84,1049.19,10.83
3,5,2,2025-12-11,603.05,0.1,402.96,11.01
4,3,2,2025-12-11,2069.44,1.72,2209.11,10.84
5,2,2,2025-12-11,1182.04,1.17,1325.51,11.81
6,2,2,2025-12-11,534.24,0.51,583.08,11.73
7,2,2,2025-12-11,930.57,0.91,1041.6,12.66
8,3,2,2025-12-11,1678.75,1.55,1738.08,11.77
1,4,3,2025-12-11,297.97,0.88,256.33,117.75
2,3,3,2025-12-11,1078.58,8.91,1154.29,114.58
3,2,3,2025-12-11,446.36,3.73,501.59,101.28
4,3,3,2025-12-11,2180.74,15.57,2235.98,99.86
5,2,3,2025-12-11,979.78,8.97,1073.54,115.19
6,2,3,2025-12-11,312.7,2.57,351.04,100.08
7,4,3,2025-12-11,1070.66,2.98,893.22,114.47
8,3,3,2025-12-11,1778.27,13.47,1819.45,101.06
1,2,4,2025-12-11,741.36,4.19,820.29,72.92
2,2,4,2025-12-11,1076.71,6.91,1183.37,84.05
3,5,4,2025-12-11,910.36,0.99,609.62,72.66
4,5,4,2025-12-11,1966.55,2.42,1276.34,80.16
5,1,4,2025-12-11,1244.48,8.82,1407.31,79.85
6,4,4,2025-12-11,739.28,1.48,623.64,81.87
7,1,4,2025-12-11,674.6,4.32,776.12,76.16
8,3,4,2025-12-11,1329.91,7.1,1412.01,70.22
1,2,5,2025-12-11,645.64,20.49,695.11,381.27
2,3,5,2025-12-11,638.81,18.26,690.05,375.29
3,5,5,2025-12-11,1191.7,6.32,760.55,365.18
4,3,5,2025-12-11,1762.17,52.03,1841.6,413.58
5,2,5,2025-12-11,1073.21,33.15,1181.36,386.96
6,4,5,2025-12-11,596.15,5.45,496.86,360.39
7,4,5,2025-12-11,887.44,7.72,740.99,355.77
8,5,5,2025-12-11,1312.45,8.05,877.24,410.08
1,1,1,2025-12-12,489.95,3.49,562.01,81.18
2,4,1,2025-12-12,755.59,1.66,649.24,92.2
3,5,1,2025-12-12,935.22,1.31,612.47,90.69
4,3,1,2025-12-12,1780.51,13.04,1830.88,97.82
5,1,1,2025-12-12,878.87,6.97,1040.95,93.17
6,2,1,2025-12-12,484.41,3.56,541.79,91.51
7,4,1,2025-12-12,759.92,1.59,641.08,82.41
8,3,1,2025-12-12,1498.1,9.82,1542.13,88.25
1,1,2,2025-12-12,564.81,0.5,644.83,10.85
2,2,2,2025-12-12,998.12,0.73,1066.47,9.39
3,5,2,2025-12-12,611.54,0.1,405.45,10.88
4,5,2,2025-12-12,2046.9,0.29,1334.3,9.51
5,4,2,2025-12-12,1123.1,0.26,969.22,9.13
6,1,2,2025-12-12,527.04,0.43,614.97,10.01
7,4,2,2025-12-12,968.1,0.23,813.66,9.73
8,3,2,2025-12-12,1678.15,1.25,1754.68,10.06
1,2,3,2025-12-12,287.68,3.12,310.09,137.15
2,2,3,2025-12-12,1101.23,10.93,1221.43,118.92
3,1,3,2025-12-12,432.65,4.95,498.61,129.96
4,5,3,2025-12-12,2108.06,4.03,1338.32,132.18
5,2,3,2025-12-12,983.37,9.39,1086.74,125.61
6,1,3,2025-12-12,296.35,3.0,346.3,124.95
7,4,3,2025-12-12,1005.45,2.83,856.8,115.87
8,3,3,2025-12-12,1877.39,15.35,1953.66,114.55
1,4,4,2025-12-12,690.3,1.32,576.32,76.45
2,2,4,2025-12-12,1060.58,5.82,1186.99,70.2
3,1,4,2025-12-12,862.88,5.54,1009.41,74.91
4,3,4,2025-12-12,1945.74,10.22,2036.17,68.24
5,2,4,2025-12-12,1280.64,7.76,1382.93,72.68
6,1,4,2025-12-12,695.28,4.21,777.56,72.37
7,1,4,2025-12-12,679.95,4.13,763.85,74.24
8,5,4,2025-12-12,1391.19,1.59,916.2,75.2
1,1,5,2025-12-12,600.24,23.12,686.07,444.66
2,3,5,2025-12-12,619.28,21.15,670.72,458.39
3,1,5,2025-12-12,1190.49,43.44,1343.71,443.64
4,3,5,2025-12-12,1763.87,57.07,1875.95,436.39
5,4,5,2025-12-12,1038.1,11.75,889.15,441.72
6,2,5,2025-12-12,638.83,21.81,698.65,422.99
7,1,5,2025-12-12,875.93,35.19,992.85,463.02
8,5,5,2025-12-12,1234.68,7.27,805.5,398.78
1,1,1,2025-12-13,471.28,0.98,552.28,24.71
2,3,1,2025-12-13,751.66,1.38,771.06,24.51
3,2,1,2025-12-13,875.16,1.88,983.9,27.32
4,3,1,2025-12-13,1939.29,3.52,2084.29,25.35
5,2,1,2025-12-13,896.78,2.04,990.84,28.57
6,2,1,2025-12-13,473.78,0.95,528.57,26.22
7,2,1,2025-12-13,775.66,1.71,828.03,28.55
8,5,1,2025-12-13,1480.22,0.66,968.97,28.56
1,1,2,2025-12-13,561.42,0.18,643.26,4.0
2,2,2,2025-12-13,994.64,0.27,1107.42,3.51
3,5,2,2025-12-13,593.42,0.03,390.15,3.7
4,3,2,2025-12-13,2115.05,0.52,2193.18,3.38
5,1,2,2025-12-13,1182.86,0.35,1363.15,3.65
6,1,2,2025-12-13,542.68,0.17,634.8,3.96
7,4,2,2025-12-13,910.73,0.09,789.82,3.87
8,3,2,2025-12-13,1655.93,0.48,1693.54,3.96
1,2,3,2025-12-13,309.04,0.9,331.55,38.07
2,4,3,2025-12-13,1059.88,1.0,886.67,37.93
3,1,3,2025-12-13,453.97,1.44,521.63,37.23
4,3,3,2025-12-13,2206.41,6.9,2374.79,43.54
5,4,3,2025-12-13,906.38,0.82,769.29,37.21
6,2,3,2025-12-13,300.13,0.88,320.9,36.27
7,2,3,2025-12-13,1082.91,3.68,1176.06,42.01
8,5,3,2025-12-13,1867.72,1.19,1211.54,42.0
1,2,4,2025-12-13,694.74,1.38,768.46,23.69
2,2,4,2025-12-13,1017.26,2.11,1149.38,25.08
3,1,4,2025-12-13,866.03,1.94,981.97,26.03
4,5,4,2025-12-13,2010.19,0.7,1287.38,23.07
5,1,4,2025-12-13,1322.24,2.58,1491.22,23.49
6,4,4,2025-12-13,724.06,0.45,609.42,24.99
7,1,4,2025-12-13,618.1,1.27,724.58,25.08
8,5,4,2025-12-13,1295.46,0.44,839.81,22.47
1,4,5,2025-12-13,609.16,1.48,522.63,96.4
2,4,5,2025-12-13,656.2,1.71,565.21,100.77
3,5,5,2025-12-13,1178.23,1.99,759.09,109.04
4,5,5,2025-12-13,1761.9,2.99,1176.59,115.2
5,4,5,2025-12-13,1009.92,2.61,845.07,104.19
6,1,5,2025-12-13,597.02,5.09,702.01,104.64
7,1,5,2025-12-13,808.48,8.18,947.5,114.09
8,3,5,2025-12-13,1201.77,9.76,1284.89,107.5
1,2,1,2025-12-15,483.2,2.64,547.79,67.64
2,2,1,2025-12-15,714.17,4.32,803.93,73.39
3,5,1,2025-12-15,886.05,0.96,580.38,73.15
4,3,1,2025-12-15,1848.8,10.47,1923.46,72.55
5,4,1,2025-12-15,917.19,1.56,765.21,67.69
6,4,1,2025-12-15,447.67,0.82,389.11,73.43
7,4,1,2025-12-15,713.53,1.23,607.7,70.38
8,5,1,2025-12-15,1401.27,1.4,906.26,68.13
1,2,2,2025-12-15,519.44,0.39,585.67,9.55
2,4,2,2025-12-15,1009.52,0.27,842.67,10.78
3,5,2,2025-12-15,590.52,0.09,380.22,10.18
4,3,2,2025-12-15,1980.69,1.39,2100.65,9.67
5,4,2,2025-12-15,1187.41,0.3,1037.98,9.84
6,1,2,2025-12-15,523.3,0.42,598.6,9.25
7,4,2,2025-12-15,937.91,0.22,782.16,9.66
8,5,2,2025-12-15,1661.05,0.24,1087.33,9.82
1,4,3,2025-12-15,300.49,1.07,261.31,136.07
2,3,3,2025-12-15,1048.1,10.14,1084.0,134.99
3,5,3,2025-12-15,472.37,1.1,308.87,155.22
4,5,3,2025-12-15,2121.18,5.05,1398.27,154.92
5,2,3,2025-12-15,932.55,10.19,1041.74,138.58
6,4,3,2025-12-15,310.77,1.02,271.18,135.11
7,2,3,2025-12-15,1048.63,13.08,1171.94,157.52
8,5,3,2025-12-15,1877.44,3.89,1222.47,139.28
1,4,4,2025-12-15,726.6,1.23,605.61,68.73
2,2,4,2025-12-15,1039.17,5.84,1174.64,67.77
3,1,4,2025-12-15,861.61,5.58,991.1,73.71
4,3,4,2025-12-15,1979.41,11.02,2107.66,72.57
5,1,4,2025-12-15,1239.65,6.73,1420.22,64.86
6,4,4,2025-12-15,708.58,1.32,592.16,77.13
7,2,4,2025-12-15,660.86,3.55,729.69,70.28
8,5,4,2025-12-15,1291.93,1.32,862.45,65.99
1,4,5,2025-12-15,646.46,7.67,550.82,452.2
2,3,5,2025-12-15,680.94,23.02,738.69,446.57
3,1,5,2025-12-15,1182.43,43.77,1365.8,418.26
4,5,5,2025-12-15,1622.89,11.21,1041.12,442.6
5,1,5,2025-12-15,1022.23,35.53,1166.31,397.59
6,2,5,2025-12-15,640.55,19.57,694.68,392.68
7,4,5,2025-12-15,834.08,9.18,700.53,422.15
8,3,5,2025-12-15,1240.3,44.28,1268.07,458.21
1,1,1,2025-12-16,456.98,3.01,535.51,74.63
2,3,1,2025-12-16,729.41,4.76,748.57,82.83
3,5,1,2025-12-16,870.69,1.01,550.37,80.86
4,5,1,2025-12-16,1771.23,1.9,1118.41,74.76
5,4,1,2025-12-16,901.88,1.81,772.97,76.53
6,2,1,2025-12-16,477.88,3.16,518.47,83.64
7,1,1,2025-12-16,715.14,4.68,843.73,76.37
8,5,1,2025-12-16,1436.08,1.71,920.82,80.54
1,2,2,2025-12-16,555.72,0.4,603.09,8.79
2,4,2,2025-12-16,946.25,0.2,790.18,8.68
3,2,2,2025-12-16,601.88,0.39,651.15,8.5
4,3,2,2025-12-16,2003.35,1.26,2143.01,8.28
5,1,2,2025-12-16,1119.59,0.91,1268.14,9.9
6,4,2,2025-12-16,557.88,0.14,478.07,9.87
7,4,2,2025-12-16,978.86,0.21,807.34,9.17
8,3,2,2025-12-16,1589.95,0.99,1685.94,8.72
1,4,3,2025-12-16,288.06,1.02,240.03,139.36
2,3,3,2025-12-16,1034.03,11.7,1083.99,148.6
3,2,3,2025-12-16,429.17,4.65,477.53,132.82
4,5,3,2025-12-16,2132.93,4.94,1352.44,151.36
5,1,3,2025-12-16,938.01,10.35,1095.99,132.23
6,2,3,2025-12-16,307.21,3.23,347.18,129.07
7,2,3,2025-12-16,1045.61,12.52,1121.18,151.33
8,5,3,2025-12-16,1765.24,4.1,1113.96,150.85
1,1,4,2025-12-16,730.54,4.63,834.62,73.79
2,2,4,2025-12-16,1036.22,6.04,1165.85,72.54
3,5,4,2025-12-16,929.25,0.97,620.9,72.53
4,5,4,2025-12-16,1917.86,1.91,1251.75,68.16
5,2,4,2025-12-16,1322.14,8.0,1444.54,77.07
6,4,4,2025-12-16,749.16,1.58,632.1,80.51
7,2,4,2025-12-16,676.91,4.16,736.16,79.58
8,3,4,2025-12-16,1415.29,8.29,1458.19,79.45
1,1,5,2025-12-16,643.7,15.87,722.71,302.47
2,3,5,2025-12-16,628.22,16.06,644.15,348.79
3,1,5,2025-12-16,1178.23,34.12,1321.61,331.46
4,5,5,2025-12-16,1652.82,7.38,1103.6,312.41
5,2,5,2025-12-16,1098.82,32.86,1216.2,367.41
6,2,5,2025-12-16,617.72,17.22,674.68,349.4
7,4,5,2025-12-16,868.3,7.64,720.5,364.96
8,5,5,2025-12-16,1215.74,6.17,787.01,333.73
1,1,1,2025-12-17,470.05,3.34,542.01,83.04
2,4,1,2025-12-17,709.91,1.61,599.18,87.68
3,1,1,2025-12-17,883.88,5.9,1006.34,80.57
4,5,1,2025-12-17,1779.69,2.23,1139.79,79.76
5,1,1,2025-12-17,881.0,6.08,1001.2,84.4
6,1,1,2025-12-17,492.78,3.53,564.45,83.81
7,1,1,2025-12-17,744.46,4.85,879.83,79.64
8,5,1,2025-12-17,1484.53,1.87,976.46,81.31
1,4,2,2025-12-17,559.8,0.14,483.94,10.43
2,3,2,2025-12-17,999.55,0.78,1038.7,10.85
3,2,2,2025-12-17,648.34,0.53,710.21,10.75
4,5,2,2025-12-17,2054.22,0.31,1345.52,10.33
5,4,2,2025-12-17,1168.44,0.3,986.64,10.01
6,1,2,2025-12-17,539.06,0.55,619.09,11.43
7,4,2,2025-12-17,950.22,0.23,829.44,9.75
8,5,2,2025-12-17,1657.98,0.27,1051.75,11.56
1,4,3,2025-12-17,292.12,0.89,248.69,127.65
2,3,3,2025-12-17,1024.99,9.73,1104.19,132.49
3,1,3,2025-12-17,467.34,5.11,543.26,135.13
4,5,3,2025-12-17,2216.68,4.19,1401.44,129.59
5,1,3,2025-12-17,914.21,9.64,1057.32,126.61
6,1,3,2025-12-17,303.84,3.76,346.64,141.61
7,1,3,2025-12-17,1038.93,10.78,1201.98,124.45
8,3,3,2025-12-17,1821.64,17.7,1962.81,130.38
1,2,4,2025-12-17,727.45,4.1,794.88,68.03
2,3,4,2025-12-17,1049.26,6.16,1107.44,75.61
3,2,4,2025-12-17,887.29,4.89,1006.09,71.1
4,3,4,2025-12-17,1890.12,10.13,2019.17,70.59
5,1,4,2025-12-17,1325.75,8.27,1530.54,71.78
6,1,4,2025-12-17,733.1,4.61,843.43,76.1
7,1,4,2025-12-17,677.86,4.54,758.26,75.66
8,3,4,2025-12-17,1410.37,7.89,1486.86,72.53
1,4,5,2025-12-17,594.83,4.96,516.69,337.14
2,3,5,2025-12-17,677.11,17.39,709.51,345.27
3,2,5,2025-12-17,1151.07,31.97,1294.44,332.87
4,3,5,2025-12-17,1688.7,38.33,1746.86,301.32
5,4,5,2025-12-17,1004.43,7.53,845.64,311.12
6,4,5,2025-12-17,591.76,5.14,501.59,355.32
7,1,5,2025-12-17,892.14,23.55,1037.25,314.46
8,5,5,2025-12-17,1247.31,6.12,800.36,315.46
1,2,1,2025-12-18,484.84,3.63,530.14,96.65
2,4,1,2025-12-18,684.91,1.62,573.57,95.96
3,2,1,2025-12-18,901.91,6.37,964.37,91.48
4,3,1,2025-12-18,1791.26,11.06,1837.83,85.23
5,4,1,2025-12-18,909.75,2.01,792.81,88.03
6,2,1,2025-12-18,449.35,2.91,490.89,83.17
7,4,1,2025-12-18,739.81,1.59,634.3,87.56
8,3,1,2025-12-18,1497.19,10.97,1589.68,98.0
1,2,2,2025-12-18,563.52,0.45,630.82,10.33
2,2,2,2025-12-18,959.99,0.82,1072.72,10.63
3,1,2,2025-12-18,640.29,0.64,718.21,11.54
4,3,2,2025-12-18,1958.44,1.81,2043.28,12.12
5,2,2,2025-12-18,1163.56,0.97,1286.87,10.58
6,2,2,2025-12-18,558.62,0.56,630.99,12.37
7,2,2,2025-12-18,915.77,0.75,990.22,10.46
8,5,2,2025-12-18,1648.08,0.27,1062.5,11.44
1,1,3,2025-12-18,298.25,4.17,342.59,165.81
2,2,3,2025-12-18,1049.65,13.41,1143.06,164.72
3,5,3,2025-12-18,454.85,1.0,302.47,154.53
4,3,3,2025-12-18,2293.33,23.46,2469.22,140.97
5,1,3,2025-12-18,978.84,12.28,1095.53,149.44
6,2,3,2025-12-18,314.72,3.58,345.03,139.89
7,2,3,2025-12-18,1054.62,11.74,1135.84,144.81
8,5,3,2025-12-18,1800.23,3.81,1187.49,141.15
1,2,4,2025-12-18,702.25,3.02,753.48,53.14
2,4,4,2025-12-18,1062.81,1.22,892.21,44.82
3,2,4,2025-12-18,905.13,3.77,971.46,49.82
4,5,4,2025-12-18,1946.08,1.44,1267.14,48.58
5,2,4,2025-12-18,1333.73,5.43,1489.6,50.86
6,4,4,2025-12-18,727.15,0.79,632.28,45.02
7,4,4,2025-12-18,652.02,0.85,557.78,52.27
8,3,4,2025-12-18,1323.87,5.17,1349.12,50.63
1,2,5,2025-12-18,603.83,15.99,649.77,341.38
2,4,5,2025-12-18,648.48,5.17,542.41,306.16
3,2,5,2025-12-18,1189.23,33.53,1331.65,350.81
4,5,5,2025-12-18,1625.11,8.19,1041.25,331.66
5,2,5,2025-12-18,1093.01,30.53,1185.17,352.99
6,4,5,2025-12-18,607.26,4.57,516.57,308.7
7,2,5,2025-12-18,855.75,20.2,920.36,307.95
8,5,5,2025-12-18,1203.39,5.23,801.14,302.51
1,4,1,2025-12-19,450.88,1.1,394.11,97.11
2,4,1,2025-12-19,689.2,1.5,594.53,84.71
3,5,1,2025-12-19,892.06,1.11,597.01,81.78
4,3,1,2025-12-19,1784.91,12.61,1846.6,98.11
5,4,1,2025-12-19,884.58,1.83,741.93,84.16
6,4,1,2025-12-19,483.9,1.01,401.63,87.7
7,2,1,2025-12-19,753.44,5.16,845.63,83.03
8,3,1,2025-12-19,1497.94,9.25,1571.9,86.2
1,1,2,2025-12-19,540.6,0.29,638.5,6.47
2,3,2,2025-12-19,966.09,0.54,1025.46,7.36
3,2,2,2025-12-19,642.52,0.33,717.85,6.24
4,3,2,2025-12-19,2102.82,0.96,2186.65,6.34
5,2,2,2025-12-19,1189.22,0.63,1310.62,6.69
6,2,2,2025-12-19,552.78,0.27,625.37,6.17
7,2,2,2025-12-19,934.4,0.5,1024.13,6.98
8,5,2,2025-12-19,1608.84,0.14,1017.73,6.18
1,1,3,2025-12-19,299.41,3.09,354.24,116.16
2,2,3,2025-12-19,1089.89,10.49,1207.91,118.19
3,5,3,2025-12-19,463.46,0.89,303.15,122.17
4,5,3,2025-12-19,2107.9,3.74,1397.76,120.94
5,4,3,2025-12-19,965.37,3.15,797.5,133.58
6,4,3,2025-12-19,294.75,0.9,256.09,119.49
7,4,3,2025-12-19,1067.13,3.11,923.35,120.71
8,5,3,2025-12-19,1846.97,3.3,1209.44,123.87
1,1,4,2025-12-19,745.96,3.77,873.69,58.93
2,3,4,2025-12-19,1032.06,4.34,1058.27,58.48
3,5,4,2025-12-19,934.61,0.76,623.24,52.09
4,5,4,2025-12-19,1953.77,1.54,1252.05,52.72
5,4,4,2025-12-19,1355.97,1.87,1123.07,53.23
6,2,4,2025-12-19,715.22,3.02,806.19,52.41
7,2,4,2025-12-19,649.5,3.2,698.75,61.4
8,5,4,2025-12-19,1356.81,1.11,908.37,52.11
1,2,5,2025-12-19,598.05,16.66,653.71,349.31
2,2,5,2025-12-19,621.79,19.4,679.34,373.36
3,5,5,2025-12-19,1102.09,5.33,719.0,338.99
4,5,5,2025-12-19,1630.21,8.71,1035.02,351.21
5,4,5,2025-12-19,1079.76,10.54,922.71,372.4
6,1,5,2025-12-19,605.85,19.8,693.76,382.2
7,4,5,2025-12-19,828.95,8.07,705.61,375.73
8,5,5,2025-12-19,1269.86,6.81,818.47,361.84
1,1,1,2025-12-20,453.11,1.01,512.02,25.47
2,4,1,2025-12-20,704.68,0.45,588.27,25.97
3,5,1,2025-12-20,925.12,0.38,600.12,27.07
4,3,1,2025-12-20,1907.94,4.12,1985.97,28.47
5,1,1,2025-12-20,859.09,2.09,979.25,27.29
6,4,1,2025-12-20,453.36,0.34,395.81,29.01
7,1,1,2025-12-20,729.09,1.86,840.62,29.16
8,3,1,2025-12-20,1383.91,3.02,1473.48,27.93
1,2,2,2025-12-20,564.16,0.17,616.75,3.99
2,4,2,2025-12-20,1016.92,0.12,885.39,4.6
3,1,2,2025-12-20,598.34,0.24,708.66,4.63
4,5,2,2025-12-20,1989.12,0.12,1254.6,4.32
5,4,2,2025-12-20,1155.72,0.12,979.15,4.26
6,2,2,2025-12-20,556.3,0.2,608.2,4.65
7,2,2,2025-12-20,994.67,0.38,1085.25,4.72
8,5,2,2025-12-20,1602.79,0.09,1052.22,3.96
1,2,3,2025-12-20,308.26,1.04,343.39,41.06
2,2,3,2025-12-20,1097.06,3.9,1171.33,44.38
3,2,3,2025-12-20,452.73,1.38,487.16,39.08
4,5,3,2025-12-20,2293.09,1.38,1507.65,38.34
5,2,3,2025-12-20,916.65,2.95,1016.03,40.42
6,1,3,2025-12-20,312.3,1.21,369.35,45.8
7,1,3,2025-12-20,1044.96,3.94,1168.27,43.1
8,5,3,2025-12-20,1845.92,1.1,1213.98,41.68
1,4,4,2025-12-20,751.48,0.44,627.97,24.27
2,3,4,2025-12-20,1056.56,2.04,1127.43,25.75
3,2,4,2025-12-20,897.85,1.81,968.25,25.74
4,5,4,2025-12-20,1986.29,0.77,1259.27,26.33
5,1,4,2025-12-20,1315.68,2.44,1469.87,22.64
6,1,4,2025-12-20,755.75,1.59,885.93,23.86
7,1,4,2025-12-20,655.76,1.45,766.93,26.4
8,5,4,2025-12-20,1302.35,0.43,832.19,21.71
1,4,5,2025-12-20,642.48,1.94,532.61,115.52
2,3,5,2025-12-20,629.72,5.3,675.21,116.83
3,5,5,2025-12-20,1166.35,2.12,770.06,116.11
4,5,5,2025-12-20,1673.7,2.95,1064.55,114.13
5,2,5,2025-12-20,1064.38,9.62,1193.8,111.88
6,2,5,2025-12-20,621.14,5.66,703.45,118.65
7,2,5,2025-12-20,850.53,7.82,932.11,111.76
8,5,5,2025-12-20,1219.78,2.05,777.89,116.08
1,4,1,2025-12-22,465.23,0.92,392.17,82.2
2,3,1,2025-12-22,713.34,4.19,758.67,81.68
3,5,1,2025-12-22,918.04,0.99,592.22,74.58
4,5,1,2025-12-22,1926.7,2.34,1274.92,81.8
5,1,1,2025-12-22,879.29,4.84,1022.22,67.7
6,1,1,2025-12-22,453.88,3.03,538.3,76.85
7,4,1,2025-12-22,720.38,1.34,609.16,77.65
8,3,1,2025-12-22,1380.83,8.34,1463.68,81.35
1,4,2,2025-12-22,521.8,0.13,445.24,10.6
2,3,2,2025-12-22,948.7,0.62,977.99,9.15
3,2,2,2025-12-22,593.2,0.44,644.05,9.18
4,3,2,2025-12-22,1984.81,1.52,2058.78,9.84
5,4,2,2025-12-22,1132.06,0.28,956.01,9.99
6,1,2,2025-12-22,564.26,0.53,657.13,10.75
7,2,2,2025-12-22,918.92,0.75,1008.37,9.67
8,3,2,2025-12-22,1700.12,1.28,1823.95,10.48
1,4,3,2025-12-22,299.72,0.74,252.02,103.02
2,2,3,2025-12-22,999.32,8.61,1115.67,103.21
3,2,3,2025-12-22,430.8,3.75,480.18,107.0
4,3,3,2025-12-22,2151.95,15.86,2227.19,97.05
5,1,3,2025-12-22,911.93,7.44,1067.07,94.48
6,1,3,2025-12-22,313.97,2.97,364.48,107.82
7,4,3,2025-12-22,998.55,2.38,835.34,95.16
8,5,3,2025-12-22,1741.13,2.58,1147.75,96.35
1,1,4,2025-12-22,705.43,3.42,802.04,56.14
2,4,4,2025-12-22,1057.23,1.45,909.63,57.02
3,1,4,2025-12-22,892.9,4.81,998.55,66.33
4,5,4,2025-12-22,2012.87,1.73,1319.49,58.69
5,4,4,2025-12-22,1327.83,1.95,1157.35,59.92
6,1,4,2025-12-22,727.45,3.49,854.36,56.42
7,1,4,2025-12-22,665.09,3.07,758.81,55.99
8,5,4,2025-12-22,1330.65,1.28,871.51,62.56
1,4,5,2025-12-22,617.99,5.44,525.54,353.46
2,3,5,2025-12-22,660.39,16.05,694.22,327.34
3,2,5,2025-12-22,1203.38,31.97,1343.61,341.65
4,3,5,2025-12-22,1681.81,44.06,1793.26,333.12
5,2,5,2025-12-22,1093.0,26.46,1179.78,308.76
6,1,5,2025-12-22,615.24,18.26,698.79,340.81
7,1,5,2025-12-22,881.64,24.66,1029.32,313.43
8,3,5,2025-12-22,1202.5,27.54,1249.43,320.99
1,4,1,2025-12-23,455.51,0.98,377.49,89.83
2,4,1,2025-12-23,691.22,1.47,585.48,84.45
3,1,1,2025-12-23,923.72,6.07,1069.33,80.86
4,3,1,2025-12-23,1856.83,10.77,1915.87,77.99
5,2,1,2025-12-23,906.9,5.33,1027.8,74.8
6,1,1,2025-12-23,482.48,3.12,555.69,75.76
7,1,1,2025-12-23,785.14,5.36,927.42,83.99
8,3,1,2025-12-23,1522.35,9.41,1562.05,78.74
1,2,2,2025-12-23,565.76,0.57,626.49,12.25
2,3,2,2025-12-23,948.18,1.02,968.46,14.12
3,5,2,2025-12-23,623.78,0.12,398.03,13.73
4,3,2,2025-12-23,1977.21,2.18,2058.76,14.19
5,4,2,2025-12-23,1133.53,0.41,956.0,13.81
6,1,2,2025-12-23,562.3,0.6,631.71,12.34
7,2,2,2025-12-23,934.62,1.06,1047.38,14.61
8,3,2,2025-12-23,1657.57,1.54,1688.39,12.44
1,1,3,2025-12-23,301.44,2.38,344.79,96.33
2,4,3,2025-12-23,1018.48,2.12,891.1,85.15
3,5,3,2025-12-23,459.39,0.6,304.92,86.09
4,5,3,2025-12-23,2164.34,3.01,1411.19,89.64
5,1,3,2025-12-23,911.95,7.71,1080.57,101.5
6,4,3,2025-12-23,299.96,0.63,255.57,87.15
7,2,3,2025-12-23,999.02,6.68,1121.82,86.11
8,5,3,2025-12-23,1773.02,2.62,1161.85,99.95
1,4,4,2025-12-23,712.6,1.37,612.32,80.18
2,2,4,2025-12-23,1009.81,7.14,1083.35,85.7
3,5,4,2025-12-23,935.78,1.03,616.32,75.7
4,5,4,2025-12-23,1926.52,2.36,1223.49,78.99
5,1,4,2025-12-23,1354.87,10.34,1519.68,85.74
6,1,4,2025-12-23,726.66,5.31,849.92,88.14
7,1,4,2025-12-23,622.5,4.62,700.28,88.02
8,3,4,2025-12-23,1283.76,8.16,1356.56,84.33
1,2,5,2025-12-23,604.98,16.43,657.28,349.2
2,2,5,2025-12-23,619.31,16.1,672.72,338.23
3,5,5,2025-12-23,1114.22,5.84,715.12,333.95
4,5,5,2025-12-23,1769.45,9.27,1141.8,336.76
5,4,5,2025-12-23,1000.59,8.07,847.23,317.57
6,4,5,2025-12-23,597.8,5.62,518.51,384.94
7,4,5,2025-12-23,843.69,8.12,735.59,369.95
8,5,5,2025-12-23,1198.53,6.25,773.55,331.35
1,4,1,2025-12-24,469.36,0.96,399.12,82.95
2,2,1,2025-12-24,687.02,5.07,773.39,96.5
3,5,1,2025-12-24,877.51,1.26,567.06,95.49
4,3,1,2025-12-24,1829.05,12.01,1968.99,90.35
5,1,1,2025-12-24,923.07,7.76,1074.79,96.55
6,2,1,2025-12-24,458.11,3.39,499.12,92.95
7,1,1,2025-12-24,721.35,4.96,815.46,84.38
8,5,1,2025-12-24,1465.64,2.08,960.0,97.63
1,4,2,2025-12-24,527.02,0.17,448.38,12.15
2,4,2,2025-12-24,1006.68,0.31,856.35,12.17
3,2,2,2025-12-24,643.83,0.57,721.42,10.95
4,3,2,2025-12-24,2007.74,1.61,2080.61,10.52
5,2,2,2025-12-24,1145.95,0.91,1228.79,10.17
6,1,2,2025-12-24,531.21,0.53,615.35,11.3
7,4,2,2025-12-24,977.92,0.27,852.75,10.73
8,3,2,2025-12-24,1714.41,1.51,1802.09,11.87
1,1,3,2025-12-24,307.73,2.8,358.68,103.83
2,4,3,2025-12-24,1038.38,2.68,879.36,106.99
3,5,3,2025-12-24,459.16,0.68,292.57,103.45
4,5,3,2025-12-24,2193.46,3.74,1439.89,113.69
5,2,3,2025-12-24,936.21,7.68,1044.38,104.02
6,4,3,2025-12-24,309.17,0.92,266.09,117.22
7,4,3,2025-12-24,1040.7,3.04,889.92,118.02
8,5,3,2025-12-24,1817.54,2.98,1183.22,111.47
1,4,4,2025-12-24,696.71,1.05,609.45,61.69
2,3,4,2025-12-24,1052.07,5.0,1105.03,65.86
3,5,4,2025-12-24,920.98,0.77,603.8,58.17
4,5,4,2025-12-24,1874.08,1.74,1204.65,62.68
5,2,4,2025-12-24,1296.19,6.08,1426.69,60.94
6,2,4,2025-12-24,746.12,3.34,835.99,54.52
7,2,4,2025-12-24,668.16,2.79,722.29,54.02
8,5,4,2025-12-24,1297.39,1.18,861.69,61.79
1,1,5,2025-12-24,631.33,14.87,747.46,272.08
2,2,5,2025-12-24,679.43,16.36,750.95,296.85
3,1,5,2025-12-24,1122.93,26.07,1331.51,261.76
4,5,5,2025-12-24,1634.7,6.33,1095.42,250.0
5,2,5,2025-12-24,1076.44,23.54,1183.13,278.71
6,2,5,2025-12-24,648.39,15.13,711.7,284.79
7,1,5,2025-12-24,879.95,19.67,986.0,255.89
8,5,5,2025-12-24,1192.78,4.69,789.11,252.98
1,4,1,2025-12-25,478.84,0.91,407.86,76.76
2,2,1,2025-12-25,736.76,4.5,797.56,73.2
3,2,1,2025-12-25,901.29,6.29,1017.77,83.35
4,5,1,2025-12-25,1940.0,2.31,1270.75,80.81
5,4,1,2025-12-25,941.28,1.95,794.7,81.04
6,2,1,2025-12-25,447.97,2.77,483.95,76.75
7,2,1,2025-12-25,757.15,5.09,842.12,83.5
8,5,1,2025-12-25,1489.95,1.77,974.76,76.68
1,4,2,2025-12-25,536.7,0.12,459.85,9.52
2,4,2,2025-12-25,958.78,0.21,805.96,9.11
3,2,2,2025-12-25,597.44,0.45,666.31,9.61
4,5,2,2025-12-25,2138.84,0.32,1396.8,9.61
5,1,2,2025-12-25,1161.55,0.95,1340.96,9.28
6,2,2,2025-12-25,525.87,0.4,585.04,9.27
7,2,2,2025-12-25,905.22,0.69,974.7,9.24
8,3,2,2025-12-25,1568.08,0.93,1693.5,8.23
1,4,3,2025-12-25,295.62,1.34,252.32,174.2
2,3,3,2025-12-25,1017.34,12.18,1091.03,161.65
3,2,3,2025-12-25,465.91,5.68,520.0,146.77
4,5,3,2025-12-25,2149.39,5.11,1397.8,160.45
5,2,3,2025-12-25,907.34,11.5,993.46,163.16
6,4,3,2025-12-25,297.82,1.18,256.4,165.15
7,2,3,2025-12-25,1084.42,14.02,1194.86,164.36
8,3,3,2025-12-25,1770.06,22.03,1874.45,173.45
1,2,4,2025-12-25,707.9,2.99,779.95,54.43
2,3,4,2025-12-25,1038.48,3.92,1076.04,52.15
3,2,4,2025-12-25,860.22,3.61,918.43,53.53
4,5,4,2025-12-25,2021.3,1.87,1338.2,61.39
5,2,4,2025-12-25,1238.65,5.08,1329.28,53.42
6,4,4,2025-12-25,703.39,1.05,589.67,59.21
7,1,4,2025-12-25,672.42,3.58,753.11,61.91
8,5,4,2025-12-25,1410.56,1.25,942.84,62.01
1,2,5,2025-12-25,629.92,13.74,688.51,281.81
2,3,5,2025-12-25,680.43,14.24,732.2,283.94
3,5,5,2025-12-25,1130.95,5.44,716.31,328.82
4,3,5,2025-12-25,1776.1,42.29,1832.66,311.91
5,1,5,2025-12-25,1035.5,24.09,1160.53,281.32
6,4,5,2025-12-25,649.41,5.45,544.36,332.51
7,1,5,2025-12-25,872.82,23.08,1018.87,316.68
8,3,5,2025-12-25,1231.55,27.36,1333.3,285.23
1,1,1,2025-12-26,458.86,2.79,538.57,74.8
2,4,1,2025-12-26,714.43,1.37,618.24,73.32
3,5,1,2025-12-26,932.32,1.03,602.19,70.51
4,5,1,2025-12-26,1759.74,2.08,1136.33,75.97
5,1,1,2025-12-26,893.52,5.96,1001.31,76.75
6,2,1,2025-12-26,460.12,2.42,498.65,68.62
7,4,1,2025-12-26,767.25,1.25,636.9,63.92
8,5,1,2025-12-26,1482.65,1.44,951.0,64.18
1,4,2,2025-12-26,566.6,0.16,476.53,10.91
2,2,2,2025-12-26,975.54,0.86,1068.91,10.61
3,2,2,2025-12-26,644.94,0.49,715.97,9.84
4,3,2,2025-12-26,1961.18,1.55,2106.11,11.0
5,1,2,2025-12-26,1108.41,1.0,1303.34,10.59
6,2,2,2025-12-26,532.98,0.44,591.18,10.52
7,2,2,2025-12-26,925.29,0.74,1027.09,9.53
8,5,2,2025-12-26,1697.5,0.26,1117.73,10.22
1,2,3,2025-12-26,314.08,3.71,352.47,151.04
2,4,3,2025-12-26,1063.58,3.33,910.91,131.26
3,1,3,2025-12-26,467.02,5.58,544.12,140.76
4,5,3,2025-12-26,2162.69,4.3,1384.91,126.58
5,4,3,2025-12-26,926.53,3.12,795.61,130.79
6,4,3,2025-12-26,292.65,0.95,252.71,129.71
7,2,3,2025-12-26,1032.03,12.16,1119.83,147.31
8,3,3,2025-12-26,1842.33,18.18,1884.44,128.36
1,2,4,2025-12-26,692.25,3.51,756.98,64.63
2,3,4,2025-12-26,1094.17,4.59,1179.1,53.29
3,5,4,2025-12-26,892.97,0.88,581.07,62.79
4,5,4,2025-12-26,1932.17,1.67,1257.08,60.17
5,4,4,2025-12-26,1327.54,2.01,1146.2,59.27
6,2,4,2025-12-26,722.02,2.99,792.87,54.24
7,4,4,2025-12-26,660.05,0.94,553.17,56.07
8,5,4,2025-12-26,1398.22,1.22,918.65,55.63
1,2,5,2025-12-26,614.17,18.47,696.27,358.85
2,2,5,2025-12-26,654.08,20.51,740.55,409.31
3,1,5,2025-12-26,1157.85,37.75,1358.99,376.53
4,5,5,2025-12-26,1675.11,10.37,1067.22,407.05
5,2,5,2025-12-26,1033.35,30.27,1118.19,355.33
6,1,5,2025-12-26,641.7,19.99,744.02,349.01
7,4,5,2025-12-26,862.98,9.18,727.98,419.63
8,3,5,2025-12-26,1226.04,35.11,1264.85,383.94
1,4,1,2025-12-27,463.83,0.4,396.41,34.48
2,4,1,2025-12-27,733.31,0.55,625.93,29.01
3,2,1,2025-12-27,880.86,2.31,982.16,32.05
4,5,1,2025-12-27,1794.65,0.88,1197.65,31.45
5,1,1,2025-12-27,908.18,2.74,1028.33,34.73
6,2,1,2025-12-27,467.71,1.03,504.61,29.07
7,2,1,2025-12-27,764.28,1.81,849.07,29.74
8,3,1,2025-12-27,1407.72,3.57,1495.72,34.46
1,2,2,2025-12-27,549.03,0.2,587.29,4.5
2,2,2,2025-12-27,979.5,0.37,1100.17,4.76
3,1,2,2025-12-27,603.09,0.23,707.47,4.35
4,3,2,2025-12-27,1968.84,0.68,2099.15,4.8
5,4,2,2025-12-27,1178.83,0.13,1017.87,4.33
6,1,2,2025-12-27,530.5,0.22,605.14,4.81
7,2,2,2025-12-27,953.36,0.35,1079.84,4.5
8,3,2,2025-12-27,1609.04,0.53,1730.99,4.27
1,2,3,2025-12-27,302.8,0.98,328.52,40.67
2,3,3,2025-12-27,1090.75,3.04,1173.13,37.64
3,2,3,2025-12-27,462.82,1.3,500.76,34.59
4,5,3,2025-12-27,2274.61,1.13,1474.78,34.84
5,1,3,2025-12-27,913.51,3.15,1070.95,39.6
6,2,3,2025-12-27,290.4,0.87,320.27,36.14
7,4,3,2025-12-27,1016.54,0.86,867.65,34.98
8,3,3,2025-12-27,1827.67,4.78,1899.21,35.26
1,4,4,2025-12-27,704.97,0.33,604.93,19.5
2,4,4,2025-12-27,1097.79,0.54,937.44,19.53
3,5,4,2025-12-27,942.45,0.3,630.51,20.35
4,3,4,2025-12-27,1974.08,3.15,2039.34,20.6
5,4,4,2025-12-27,1239.1,0.57,1052.02,19.04
6,2,4,2025-12-27,755.68,1.18,845.37,19.12
7,2,4,2025-12-27,633.86,0.93,689.6,19.32
8,3,4,2025-12-27,1317.36,2.07,1405.51,21.34
1,4,5,2025-12-27,607.05,2.07,508.27,137.73
2,3,5,2025-12-27,664.61,6.8,710.41,133.08
3,2,5,2025-12-27,1189.48,11.57,1287.88,127.23
4,5,5,2025-12-27,1714.65,3.23,1111.28,121.37
5,1,5,2025-12-27,1009.76,10.96,1184.01,133.9
6,4,5,2025-12-27,613.47,1.94,522.46,124.37
7,4,5,2025-12-27,878.19,2.93,766.59,134.38
8,3,5,2025-12-27,1278.05,12.13,1343.1,131.81
1,4,1,2025-12-29,487.87,1.11,406.47,91.89
2,2,1,2025-12-29,752.47,5.36,851.67,91.43
3,5,1,2025-12-29,939.64,1.28,598.53,90.83
4,5,1,2025-12-29,1900.85,2.96,1215.8,99.52
5,4,1,2025-12-29,883.36,2.22,764.57,98.48
6,1,1,2025-12-29,450.7,3.24,520.28,88.63
7,4,1,2025-12-29,736.7,1.54,619.04,87.64
8,5,1,2025-12-29,1428.27,1.94,948.08,90.69
1,1,2,2025-12-29,564.79,0.5,653.65,10.97
2,3,2,2025-12-29,944.89,0.74,987.42,10.85
3,1,2,2025-12-29,630.29,0.61,733.62,11.65
4,5,2,2025-12-29,1976.27,0.3,1279.79,10.7
5,4,2,2025-12-29,1167.51,0.32,967.36,11.38
6,1,2,2025-12-29,520.24,0.48,601.47,11.4
7,2,2,2025-12-29,922.34,0.84,985.37,11.94
8,3,2,2025-12-29,1617.61,1.53,1686.79,12.92
1,1,3,2025-12-29,314.35,3.57,354.74,135.13
2,3,3,2025-12-29,1023.3,10.82,1099.29,137.9
3,1,3,2025-12-29,427.84,5.05,506.51,132.89
4,5,3,2025-12-29,2242.44,4.03,1439.14,122.6
5,2,3,2025-12-29,938.41,8.54,1029.51,118.99
6,4,3,2025-12-29,312.34,1.08,270.47,136.74
7,1,3,2025-12-29,1080.76,11.21,1260.42,120.67
8,5,3,2025-12-29,1768.36,4.02,1169.18,144.47
1,2,4,2025-12-29,709.68,3.78,784.26,66.18
2,4,4,2025-12-29,1035.62,1.47,878.84,58.33
3,5,4,2025-12-29,873.25,0.83,553.2,65.87
4,3,4,2025-12-29,2000.29,10.12,2148.24,66.05
5,4,4,2025-12-29,1360.31,2.17,1126.49,66.26
6,4,4,2025-12-29,695.52,1.07,601.97,59.59
7,4,4,2025-12-29,633.11,1.08,529.21,67.9
8,3,4,2025-12-29,1374.69,5.83,1414.52,58.1
1,4,5,2025-12-29,625.54,6.81,530.5,416.33
2,3,5,2025-12-29,632.27,20.21,665.58,427.8
3,5,5,2025-12-29,1178.04,8.16,775.0,443.26
4,3,5,2025-12-29,1708.52,55.29,1747.76,437.16
5,1,5,2025-12-29,1099.19,38.69,1287.4,394.74
6,1,5,2025-12-29,619.71,20.06,699.24,388.59
7,1,5,2025-12-29,887.47,33.49,1049.65,443.46
8,5,5,2025-12-29,1278.99,7.77,815.47,396.66
1,2,1,2025-12-30,461.72,3.1,501.34,82.86
2,2,1,2025-12-30,696.17,4.24,746.87,73.49
3,1,1,2025-12-30,935.34,6.49,1053.85,79.73
4,5,1,2025-12-30,1855.16,2.0,1185.39,74.86
5,1,1,2025-12-30,938.5,5.62,1054.18,71.55
6,4,1,2025-12-30,488.85,0.82,419.98,69.95
7,1,1,2025-12-30,749.45,5.37,881.93,82.61
8,5,1,2025-12-30,1445.56,1.63,922.06,78.76
1,1,2,2025-12-30,564.04,0.64,653.95,13.56
2,4,2,2025-12-30,1021.58,0.29,847.8,11.84
3,5,2,2025-12-30,590.86,0.11,389.46,13.12
4,5,2,2025-12-30,2067.37,0.37,1307.31,12.2
5,4,2,2025-12-30,1187.15,0.37,1015.52,12.13
6,4,2,2025-12-30,547.82,0.19,463.59,13.1
7,1,2,2025-12-30,917.86,1.12,1056.35,13.86
8,5,2,2025-12-30,1675.93,0.34,1064.48,13.36
1,1,3,2025-12-30,292.98,3.36,348.67,137.59
2,4,3,2025-12-30,1041.77,4.07,910.34,160.42
3,5,3,2025-12-30,459.8,0.95,300.1,131.87
4,5,3,2025-12-30,2196.92,5.3,1428.98,159.45
5,2,3,2025-12-30,941.25,10.51,1023.26,146.1
6,2,3,2025-12-30,292.84,3.1,320.6,136.26
7,4,3,2025-12-30,1053.11,4.32,884.15,160.44
8,5,3,2025-12-30,1715.09,4.04,1094.69,152.85
1,2,4,2025-12-30,686.11,2.88,754.63,55.0
2,3,4,2025-12-30,1024.34,4.36,1053.7,55.0
3,5,4,2025-12-30,878.73,0.76,564.72,60.18
4,5,4,2025-12-30,1957.97,1.82,1250.67,59.79
5,2,4,2025-12-30,1259.73,6.33,1372.72,61.25
6,4,4,2025-12-30,712.2,1.1,612.31,62.33
7,4,4,2025-12-30,679.08,0.99,589.28,56.51
8,5,4,2025-12-30,1402.32,1.34,907.59,64.68
1,4,5,2025-12-30,639.65,6.6,536.2,406.69
2,3,5,2025-12-30,629.85,17.43,647.34,362.38
3,5,5,2025-12-30,1100.59,6.72,732.17,412.68
4,5,5,2025-12-30,1684.36,9.0,1084.15,349.15
5,2,5,2025-12-30,1038.34,31.0,1152.24,382.08
6,4,5,2025-12-30,632.01,6.51,539.48,403.5
7,1,5,2025-12-30,848.59,25.73,1002.03,371.78
8,3,5,2025-12-30,1208.34,32.98,1302.45,358.83
1,4,1,2025-12-31,466.14,0.79,392.84,68.94
2,3,1,2025-12-31,696.5,4.01,745.38,76.16
3,2,1,2025-12-31,857.06,4.91,939.88,73.1
4,5,1,2025-12-31,1856.31,2.05,1218.48,75.08
5,4,1,2025-12-31,916.1,1.62,761.01,73.78
6,2,1,2025-12-31,461.69,2.72,509.38,74.18
7,1,1,2025-12-31,744.92,4.19,867.65,66.63
8,3,1,2025-12-31,1469.62,8.5,1541.68,76.49
1,1,2,2025-12-31,548.01,0.38,647.94,8.19
2,4,2,2025-12-31,1015.33,0.21,859.15,8.16
3,2,2,2025-12-31,602.33,0.4,670.88,8.64
4,5,2,2025-12-31,1958.51,0.26,1243.31,8.71
5,4,2,2025-12-31,1187.0,0.26,1035.92,8.47
6,2,2,2025-12-31,559.67,0.45,633.54,9.9
7,2,2,2025-12-31,971.39,0.77,1055.09,9.86
8,5,2,2025-12-31,1682.26,0.22,1084.08,8.27
1,4,3,2025-12-31,292.72,0.94,244.22,129.79
2,4,3,2025-12-31,1002.6,2.99,843.94,119.15
3,1,3,2025-12-31,444.65,4.89,500.14,133.23
4,5,3,2025-12-31,2244.59,4.55,1470.89,130.47
5,2,3,2025-12-31,947.12,9.41,1038.11,123.65
6,1,3,2025-12-31,296.15,2.83,346.03,118.13
7,1,3,2025-12-31,1051.94,10.8,1208.99,120.65
8,5,3,2025-12-31,1750.83,2.98,1139.39,118.45
1,1,4,2025-12-31,704.36,4.3,821.7,70.32
2,2,4,2025-12-31,1055.22,5.5,1186.98,65.14
3,2,4,2025-12-31,862.16,4.96,963.27,69.15
4,3,4,2025-12-31,2003.55,11.33,2107.72,74.76
5,4,4,2025-12-31,1304.98,2.44,1123.06,74.96
6,2,4,2025-12-31,699.11,4.03,763.87,72.57
7,4,4,2025-12-31,624.29,1.21,528.12,75.44
8,3,4,2025-12-31,1325.34,7.08,1420.51,68.07
1,2,5,2025-12-31,609.64,14.25,693.07,282.75
2,3,5,2025-12-31,629.53,14.03,662.15,292.14
3,1,5,2025-12-31,1106.75,30.88,1279.64,318.13
4,5,5,2025-12-31,1627.6,7.05,1060.5,291.13
5,4,5,2025-12-31,1012.73,7.05,885.72,282.53
6,1,5,2025-12-31,640.51,16.64,744.29,302.86
7,2,5,2025-12-31,863.93,22.53,931.27,333.56
8,5,5,2025-12-31,1302.16,6.28,827.08,309.08
