site_id,waste_date,waste_type,waste_quantity_kg,recyclable
1,2025-01-01,Metal Scrap,9.86,True
1,2025-01-01,Plastic Waste,4.46,True
1,2025-01-01,Electrical Waste,2.09,True
1,2025-01-01,Packaging Waste,3.11,False
2,2025-01-01,Metal Scrap,0.47,True
2,2025-01-01,Plastic Waste,0.24,True
2,2025-01-01,Electrical Waste,0.11,True
2,2025-01-01,Packaging Waste,0.14,False
3,2025-01-01,Metal Scrap,20.05,True
3,2025-01-01,Plastic Waste,9.49,True
3,2025-01-01,Electrical Waste,4.39,True
3,2025-01-01,Packaging Waste,6.99,False
4,2025-01-01,Metal Scrap,4.09,True
4,2025-01-01,Plastic Waste,2.19,True
4,2025-01-01,Electrical Waste,1.06,True
4,2025-01-01,Packaging Waste,1.56,False
5,2025-01-01,Metal Scrap,71.45,True
5,2025-01-01,Plastic Waste,39.62,True
5,2025-01-01,Electrical Waste,18.37,True
5,2025-01-01,Packaging Waste,23.39,False
1,2025-01-02,Metal Scrap,11.55,True
1,2025-01-02,Plastic Waste,5.82,True
1,2025-01-02,Electrical Waste,2.41,True
1,2025-01-02,Packaging Waste,3.47,False
2,2025-01-02,Metal Scrap,0.36,True
2,2025-01-02,Plastic Waste,0.16,True
2,2025-01-02,Electrical Waste,0.07,True
2,2025-01-02,Packaging Waste,0.1,False
3,2025-01-02,Metal Scrap,20.09,True
3,2025-01-02,Plastic Waste,9.86,True
3,2025-01-02,Electrical Waste,4.56,True
3,2025-01-02,Packaging Waste,6.74,False
4,2025-01-02,Metal Scrap,6.46,True
4,2025-01-02,Plastic Waste,3.61,True
4,2025-01-02,Electrical Waste,1.43,True
4,2025-01-02,Packaging Waste,2.22,False
5,2025-01-02,Metal Scrap,67.78,True
5,2025-01-02,Plastic Waste,33.48,True
5,2025-01-02,Electrical Waste,15.59,True
5,2025-01-02,Packaging Waste,22.14,False
1,2025-01-03,Metal Scrap,11.77,True
1,2025-01-03,Plastic Waste,5.29,True
1,2025-01-03,Electrical Waste,2.44,True
1,2025-01-03,Packaging Waste,3.71,False
2,2025-01-03,Metal Scrap,0.68,True
2,2025-01-03,Plastic Waste,0.36,True
2,2025-01-03,Electrical Waste,0.16,True
2,2025-01-03,Packaging Waste,0.24,False
3,2025-01-03,Metal Scrap,22.66,True
3,2025-01-03,Plastic Waste,11.04,True
3,2025-01-03,Electrical Waste,4.91,True
3,2025-01-03,Packaging Waste,7.12,False
4,2025-01-03,Metal Scrap,5.64,True
4,2025-01-03,Plastic Waste,3.31,True
4,2025-01-03,Electrical Waste,1.39,True
4,2025-01-03,Packaging Waste,2.07,False
5,2025-01-03,Metal Scrap,62.54,True
5,2025-01-03,Plastic Waste,36.01,True
5,2025-01-03,Electrical Waste,14.27,True
5,2025-01-03,Packaging Waste,22.4,False
1,2025-01-04,Metal Scrap,4.03,True
1,2025-01-04,Plastic Waste,1.94,True
1,2025-01-04,Electrical Waste,0.85,True
1,2025-01-04,Packaging Waste,1.31,False
2,2025-01-04,Metal Scrap,0.27,True
2,2025-01-04,Plastic Waste,0.14,True
2,2025-01-04,Electrical Waste,0.05,True
2,2025-01-04,Packaging Waste,0.08,False
3,2025-01-04,Metal Scrap,7.59,True
3,2025-01-04,Plastic Waste,3.86,True
3,2025-01-04,Electrical Waste,1.7,True
3,2025-01-04,Packaging Waste,2.94,False
4,2025-01-04,Metal Scrap,1.93,True
4,2025-01-04,Plastic Waste,0.89,True
4,2025-01-04,Electrical Waste,0.42,True
4,2025-01-04,Packaging Waste,0.6,False
5,2025-01-04,Metal Scrap,26.12,True
5,2025-01-04,Plastic Waste,12.3,True
5,2025-01-04,Electrical Waste,5.25,True
5,2025-01-04,Packaging Waste,7.85,False
1,2025-01-06,Metal Scrap,9.74,True
1,2025-01-06,Plastic Waste,4.72,True
1,2025-01-06,Electrical Waste,2.24,True
1,2025-01-06,Packaging Waste,3.56,False
2,2025-01-06,Metal Scrap,0.55,True
2,2025-01-06,Plastic Waste,0.27,True
2,2025-01-06,Electrical Waste,0.14,True
2,2025-01-06,Packaging Waste,0.19,False
3,2025-01-06,Metal Scrap,22.8,True
3,2025-01-06,Plastic Waste,11.61,True
3,2025-01-06,Electrical Waste,5.23,True
3,2025-01-06,Packaging Waste,8.73,False
4,2025-01-06,Metal Scrap,7.04,True
4,2025-01-06,Plastic Waste,3.37,True
4,2025-01-06,Electrical Waste,1.39,True
4,2025-01-06,Packaging Waste,2.23,False
5,2025-01-06,Metal Scrap,87.21,True
5,2025-01-06,Plastic Waste,41.04,True
5,2025-01-06,Electrical Waste,19.84,True
5,2025-01-06,Packaging Waste,29.16,False
1,2025-01-07,Metal Scrap,8.62,True
1,2025-01-07,Plastic Waste,5.13,True
1,2025-01-07,Electrical Waste,2.26,True
1,2025-01-07,Packaging Waste,3.3,False
2,2025-01-07,Metal Scrap,0.4,True
2,2025-01-07,Plastic Waste,0.22,True
2,2025-01-07,Electrical Waste,0.09,True
2,2025-01-07,Packaging Waste,0.14,False
3,2025-01-07,Metal Scrap,19.22,True
3,2025-01-07,Plastic Waste,10.88,True
3,2025-01-07,Electrical Waste,4.77,True
3,2025-01-07,Packaging Waste,6.34,False
4,2025-01-07,Metal Scrap,4.69,True
4,2025-01-07,Plastic Waste,2.26,True
4,2025-01-07,Electrical Waste,1.16,True
4,2025-01-07,Packaging Waste,1.73,False
5,2025-01-07,Metal Scrap,69.77,True
5,2025-01-07,Plastic Waste,38.43,True
5,2025-01-07,Electrical Waste,16.98,True
5,2025-01-07,Packaging Waste,23.2,False
1,2025-01-08,Metal Scrap,12.16,True
1,2025-01-08,Plastic Waste,5.99,True
1,2025-01-08,Electrical Waste,2.79,True
1,2025-01-08,Packaging Waste,3.98,False
2,2025-01-08,Metal Scrap,0.62,True
2,2025-01-08,Plastic Waste,0.34,True
2,2025-01-08,Electrical Waste,0.14,True
2,2025-01-08,Packaging Waste,0.25,False
3,2025-01-08,Metal Scrap,22.57,True
3,2025-01-08,Plastic Waste,11.51,True
3,2025-01-08,Electrical Waste,4.61,True
3,2025-01-08,Packaging Waste,6.56,False
4,2025-01-08,Metal Scrap,5.83,True
4,2025-01-08,Plastic Waste,3.04,True
4,2025-01-08,Electrical Waste,1.14,True
4,2025-01-08,Packaging Waste,1.85,False
5,2025-01-08,Metal Scrap,70.31,True
5,2025-01-08,Plastic Waste,41.63,True
5,2025-01-08,Electrical Waste,18.52,True
5,2025-01-08,Packaging Waste,24.42,False
1,2025-01-09,Metal Scrap,12.75,True
1,2025-01-09,Plastic Waste,6.65,True
1,2025-01-09,Electrical Waste,2.79,True
1,2025-01-09,Packaging Waste,4.72,False
2,2025-01-09,Metal Scrap,0.53,True
2,2025-01-09,Plastic Waste,0.26,True
2,2025-01-09,Electrical Waste,0.12,True
2,2025-01-09,Packaging Waste,0.19,False
3,2025-01-09,Metal Scrap,21.32,True
3,2025-01-09,Plastic Waste,11.22,True
3,2025-01-09,Electrical Waste,5.7,True
3,2025-01-09,Packaging Waste,8.01,False
4,2025-01-09,Metal Scrap,4.93,True
4,2025-01-09,Plastic Waste,2.57,True
4,2025-01-09,Electrical Waste,1.05,True
4,2025-01-09,Packaging Waste,1.62,False
5,2025-01-09,Metal Scrap,75.87,True
5,2025-01-09,Plastic Waste,41.04,True
5,2025-01-09,Electrical Waste,16.96,True
5,2025-01-09,Packaging Waste,25.38,False
1,2025-01-10,Metal Scrap,10.18,True
1,2025-01-10,Plastic Waste,5.87,True
1,2025-01-10,Electrical Waste,2.41,True
1,2025-01-10,Packaging Waste,4.13,False
2,2025-01-10,Metal Scrap,0.8,True
2,2025-01-10,Plastic Waste,0.35,True
2,2025-01-10,Electrical Waste,0.16,True
2,2025-01-10,Packaging Waste,0.26,False
3,2025-01-10,Metal Scrap,23.27,True
3,2025-01-10,Plastic Waste,11.76,True
3,2025-01-10,Electrical Waste,6.13,True
3,2025-01-10,Packaging Waste,8.58,False
4,2025-01-10,Metal Scrap,4.7,True
4,2025-01-10,Plastic Waste,2.57,True
4,2025-01-10,Electrical Waste,1.15,True
4,2025-01-10,Packaging Waste,1.52,False
5,2025-01-10,Metal Scrap,71.59,True
5,2025-01-10,Plastic Waste,39.49,True
5,2025-01-10,Electrical Waste,17.53,True
5,2025-01-10,Packaging Waste,26.52,False
1,2025-01-11,Metal Scrap,3.45,True
1,2025-01-11,Plastic Waste,1.75,True
1,2025-01-11,Electrical Waste,0.83,True
1,2025-01-11,Packaging Waste,1.04,False
2,2025-01-11,Metal Scrap,0.19,True
2,2025-01-11,Plastic Waste,0.1,True
2,2025-01-11,Electrical Waste,0.05,True
2,2025-01-11,Packaging Waste,0.06,False
3,2025-01-11,Metal Scrap,6.24,True
3,2025-01-11,Plastic Waste,3.39,True
3,2025-01-11,Electrical Waste,1.5,True
3,2025-01-11,Packaging Waste,2.18,False
4,2025-01-11,Metal Scrap,2.18,True
4,2025-01-11,Plastic Waste,1.28,True
4,2025-01-11,Electrical Waste,0.52,True
4,2025-01-11,Packaging Waste,0.84,False
5,2025-01-11,Metal Scrap,26.75,True
5,2025-01-11,Plastic Waste,12.4,True
5,2025-01-11,Electrical Waste,6.66,True
5,2025-01-11,Packaging Waste,9.69,False
1,2025-01-13,Metal Scrap,12.67,True
1,2025-01-13,Plastic Waste,6.47,True
1,2025-01-13,Electrical Waste,2.83,True
1,2025-01-13,Packaging Waste,3.71,False
2,2025-01-13,Metal Scrap,0.65,True
2,2025-01-13,Plastic Waste,0.32,True
2,2025-01-13,Electrical Waste,0.15,True
2,2025-01-13,Packaging Waste,0.2,False
3,2025-01-13,Metal Scrap,22.69,True
3,2025-01-13,Plastic Waste,13.12,True
3,2025-01-13,Electrical Waste,5.07,True
3,2025-01-13,Packaging Waste,8.43,False
4,2025-01-13,Metal Scrap,4.81,True
4,2025-01-13,Plastic Waste,2.46,True
4,2025-01-13,Electrical Waste,1.21,True
4,2025-01-13,Packaging Waste,1.83,False
5,2025-01-13,Metal Scrap,83.79,True
5,2025-01-13,Plastic Waste,44.48,True
5,2025-01-13,Electrical Waste,17.63,True
5,2025-01-13,Packaging Waste,27.26,False
1,2025-01-14,Metal Scrap,12.29,True
1,2025-01-14,Plastic Waste,5.87,True
1,2025-01-14,Electrical Waste,2.59,True
1,2025-01-14,Packaging Waste,4.04,False
2,2025-01-14,Metal Scrap,0.33,True
2,2025-01-14,Plastic Waste,0.19,True
2,2025-01-14,Electrical Waste,0.08,True
2,2025-01-14,Packaging Waste,0.13,False
3,2025-01-14,Metal Scrap,21.84,True
3,2025-01-14,Plastic Waste,13.17,True
3,2025-01-14,Electrical Waste,4.91,True
3,2025-01-14,Packaging Waste,7.53,False
4,2025-01-14,Metal Scrap,6.06,True
4,2025-01-14,Plastic Waste,3.17,True
4,2025-01-14,Electrical Waste,1.29,True
4,2025-01-14,Packaging Waste,1.89,False
5,2025-01-14,Metal Scrap,66.2,True
5,2025-01-14,Plastic Waste,29.98,True
5,2025-01-14,Electrical Waste,14.3,True
5,2025-01-14,Packaging Waste,21.56,False
1,2025-01-15,Metal Scrap,11.02,True
1,2025-01-15,Plastic Waste,5.86,True
1,2025-01-15,Electrical Waste,2.57,True
1,2025-01-15,Packaging Waste,4.17,False
2,2025-01-15,Metal Scrap,0.64,True
2,2025-01-15,Plastic Waste,0.37,True
2,2025-01-15,Electrical Waste,0.15,True
2,2025-01-15,Packaging Waste,0.23,False
3,2025-01-15,Metal Scrap,24.49,True
3,2025-01-15,Plastic Waste,11.69,True
3,2025-01-15,Electrical Waste,5.21,True
3,2025-01-15,Packaging Waste,8.53,False
4,2025-01-15,Metal Scrap,3.92,True
4,2025-01-15,Plastic Waste,2.19,True
4,2025-01-15,Electrical Waste,1.08,True
4,2025-01-15,Packaging Waste,1.62,False
5,2025-01-15,Metal Scrap,81.94,True
5,2025-01-15,Plastic Waste,43.43,True
5,2025-01-15,Electrical Waste,19.52,True
5,2025-01-15,Packaging Waste,33.38,False
1,2025-01-16,Metal Scrap,12.62,True
1,2025-01-16,Plastic Waste,6.49,True
1,2025-01-16,Electrical Waste,2.61,True
1,2025-01-16,Packaging Waste,3.74,False
2,2025-01-16,Metal Scrap,0.7,True
2,2025-01-16,Plastic Waste,0.35,True
2,2025-01-16,Electrical Waste,0.15,True
2,2025-01-16,Packaging Waste,0.25,False
3,2025-01-16,Metal Scrap,20.36,True
3,2025-01-16,Plastic Waste,9.16,True
3,2025-01-16,Electrical Waste,4.8,True
3,2025-01-16,Packaging Waste,6.5,False
4,2025-01-16,Metal Scrap,5.56,True
4,2025-01-16,Plastic Waste,3.01,True
4,2025-01-16,Electrical Waste,1.14,True
4,2025-01-16,Packaging Waste,1.7,False
5,2025-01-16,Metal Scrap,64.43,True
5,2025-01-16,Plastic Waste,36.35,True
5,2025-01-16,Electrical Waste,15.26,True
5,2025-01-16,Packaging Waste,24.48,False
1,2025-01-17,Metal Scrap,13.08,True
1,2025-01-17,Plastic Waste,6.06,True
1,2025-01-17,Electrical Waste,2.94,True
1,2025-01-17,Packaging Waste,4.09,False
2,2025-01-17,Metal Scrap,0.65,True
2,2025-01-17,Plastic Waste,0.36,True
2,2025-01-17,Electrical Waste,0.16,True
2,2025-01-17,Packaging Waste,0.21,False
3,2025-01-17,Metal Scrap,22.14,True
3,2025-01-17,Plastic Waste,11.05,True
3,2025-01-17,Electrical Waste,4.63,True
3,2025-01-17,Packaging Waste,8.13,False
4,2025-01-17,Metal Scrap,5.43,True
4,2025-01-17,Plastic Waste,2.59,True
4,2025-01-17,Electrical Waste,1.27,True
4,2025-01-17,Packaging Waste,1.83,False
5,2025-01-17,Metal Scrap,84.03,True
5,2025-01-17,Plastic Waste,39.55,True
5,2025-01-17,Electrical Waste,17.83,True
5,2025-01-17,Packaging Waste,31.47,False
1,2025-01-18,Metal Scrap,3.4,True
1,2025-01-18,Plastic Waste,1.63,True
1,2025-01-18,Electrical Waste,0.77,True
1,2025-01-18,Packaging Waste,1.1,False
2,2025-01-18,Metal Scrap,0.17,True
2,2025-01-18,Plastic Waste,0.08,True
2,2025-01-18,Electrical Waste,0.04,True
2,2025-01-18,Packaging Waste,0.07,False
3,2025-01-18,Metal Scrap,10.96,True
3,2025-01-18,Plastic Waste,5.71,True
3,2025-01-18,Electrical Waste,2.55,True
3,2025-01-18,Packaging Waste,3.34,False
4,2025-01-18,Metal Scrap,1.69,True
4,2025-01-18,Plastic Waste,0.84,True
4,2025-01-18,Electrical Waste,0.43,True
4,2025-01-18,Packaging Waste,0.66,False
5,2025-01-18,Metal Scrap,26.43,True
5,2025-01-18,Plastic Waste,14.19,True
5,2025-01-18,Electrical Waste,5.73,True
5,2025-01-18,Packaging Waste,10.03,False
1,2025-01-20,Metal Scrap,9.73,True
1,2025-01-20,Plastic Waste,5.11,True
1,2025-01-20,Electrical Waste,2.2,True
1,2025-01-20,Packaging Waste,3.35,False
2,2025-01-20,Metal Scrap,0.7,True
2,2025-01-20,Plastic Waste,0.42,True
2,2025-01-20,Electrical Waste,0.17,True
2,2025-01-20,Packaging Waste,0.29,False
3,2025-01-20,Metal Scrap,19.35,True
3,2025-01-20,Plastic Waste,10.07,True
3,2025-01-20,Electrical Waste,4.43,True
3,2025-01-20,Packaging Waste,5.96,False
4,2025-01-20,Metal Scrap,7.63,True
4,2025-01-20,Plastic Waste,3.42,True
4,2025-01-20,Electrical Waste,1.77,True
4,2025-01-20,Packaging Waste,2.65,False
5,2025-01-20,Metal Scrap,73.23,True
5,2025-01-20,Plastic Waste,42.4,True
5,2025-01-20,Electrical Waste,17.58,True
5,2025-01-20,Packaging Waste,25.55,False
1,2025-01-21,Metal Scrap,11.23,True
1,2025-01-21,Plastic Waste,5.16,True
1,2025-01-21,Electrical Waste,2.19,True
1,2025-01-21,Packaging Waste,3.41,False
2,2025-01-21,Metal Scrap,0.69,True
2,2025-01-21,Plastic Waste,0.39,True
2,2025-01-21,Electrical Waste,0.18,True
2,2025-01-21,Packaging Waste,0.23,False
3,2025-01-21,Metal Scrap,23.83,True
3,2025-01-21,Plastic Waste,11.68,True
3,2025-01-21,Electrical Waste,5.81,True
3,2025-01-21,Packaging Waste,8.0,False
4,2025-01-21,Metal Scrap,6.66,True
4,2025-01-21,Plastic Waste,2.9,True
4,2025-01-21,Electrical Waste,1.53,True
4,2025-01-21,Packaging Waste,1.96,False
5,2025-01-21,Metal Scrap,79.06,True
5,2025-01-21,Plastic Waste,35.47,True
5,2025-01-21,Electrical Waste,15.25,True
5,2025-01-21,Packaging Waste,24.49,False
1,2025-01-22,Metal Scrap,12.63,True
1,2025-01-22,Plastic Waste,5.98,True
1,2025-01-22,Electrical Waste,2.82,True
1,2025-01-22,Packaging Waste,4.15,False
2,2025-01-22,Metal Scrap,0.61,True
2,2025-01-22,Plastic Waste,0.33,True
2,2025-01-22,Electrical Waste,0.14,True
2,2025-01-22,Packaging Waste,0.22,False
3,2025-01-22,Metal Scrap,22.77,True
3,2025-01-22,Plastic Waste,14.12,True
3,2025-01-22,Electrical Waste,5.83,True
3,2025-01-22,Packaging Waste,9.05,False
4,2025-01-22,Metal Scrap,5.33,True
4,2025-01-22,Plastic Waste,2.71,True
4,2025-01-22,Electrical Waste,1.13,True
4,2025-01-22,Packaging Waste,1.59,False
5,2025-01-22,Metal Scrap,63.42,True
5,2025-01-22,Plastic Waste,30.51,True
5,2025-01-22,Electrical Waste,13.51,True
5,2025-01-22,Packaging Waste,22.52,False
1,2025-01-23,Metal Scrap,8.88,True
1,2025-01-23,Plastic Waste,4.2,True
1,2025-01-23,Electrical Waste,1.87,True
1,2025-01-23,Packaging Waste,2.86,False
2,2025-01-23,Metal Scrap,0.7,True
2,2025-01-23,Plastic Waste,0.35,True
2,2025-01-23,Electrical Waste,0.15,True
2,2025-01-23,Packaging Waste,0.24,False
3,2025-01-23,Metal Scrap,25.89,True
3,2025-01-23,Plastic Waste,12.67,True
3,2025-01-23,Electrical Waste,5.88,True
3,2025-01-23,Packaging Waste,8.35,False
4,2025-01-23,Metal Scrap,4.12,True
4,2025-01-23,Plastic Waste,2.23,True
4,2025-01-23,Electrical Waste,0.88,True
4,2025-01-23,Packaging Waste,1.41,False
5,2025-01-23,Metal Scrap,67.67,True
5,2025-01-23,Plastic Waste,35.86,True
5,2025-01-23,Electrical Waste,16.17,True
5,2025-01-23,Packaging Waste,23.36,False
1,2025-01-24,Metal Scrap,9.24,True
1,2025-01-24,Plastic Waste,4.53,True
1,2025-01-24,Electrical Waste,2.12,True
1,2025-01-24,Packaging Waste,3.46,False
2,2025-01-24,Metal Scrap,0.44,True
2,2025-01-24,Plastic Waste,0.2,True
2,2025-01-24,Electrical Waste,0.09,True
2,2025-01-24,Packaging Waste,0.14,False
3,2025-01-24,Metal Scrap,19.84,True
3,2025-01-24,Plastic Waste,9.61,True
3,2025-01-24,Electrical Waste,4.7,True
3,2025-01-24,Packaging Waste,6.96,False
4,2025-01-24,Metal Scrap,6.33,True
4,2025-01-24,Plastic Waste,2.97,True
4,2025-01-24,Electrical Waste,1.31,True
4,2025-01-24,Packaging Waste,1.9,False
5,2025-01-24,Metal Scrap,63.17,True
5,2025-01-24,Plastic Waste,34.07,True
5,2025-01-24,Electrical Waste,16.28,True
5,2025-01-24,Packaging Waste,20.87,False
1,2025-01-25,Metal Scrap,4.0,True
1,2025-01-25,Plastic Waste,2.15,True
1,2025-01-25,Electrical Waste,0.87,True
1,2025-01-25,Packaging Waste,1.45,False
2,2025-01-25,Metal Scrap,0.21,True
2,2025-01-25,Plastic Waste,0.1,True
2,2025-01-25,Electrical Waste,0.05,True
2,2025-01-25,Packaging Waste,0.07,False
3,2025-01-25,Metal Scrap,9.15,True
3,2025-01-25,Plastic Waste,4.72,True
3,2025-01-25,Electrical Waste,1.83,True
3,2025-01-25,Packaging Waste,2.94,False
4,2025-01-25,Metal Scrap,2.37,True
4,2025-01-25,Plastic Waste,1.42,True
4,2025-01-25,Electrical Waste,0.58,True
4,2025-01-25,Packaging Waste,0.79,False
5,2025-01-25,Metal Scrap,26.57,True
5,2025-01-25,Plastic Waste,15.39,True
5,2025-01-25,Electrical Waste,6.34,True
5,2025-01-25,Packaging Waste,10.17,False
1,2025-01-27,Metal Scrap,12.37,True
1,2025-01-27,Plastic Waste,6.76,True
1,2025-01-27,Electrical Waste,2.79,True
1,2025-01-27,Packaging Waste,4.47,False
2,2025-01-27,Metal Scrap,0.38,True
2,2025-01-27,Plastic Waste,0.19,True
2,2025-01-27,Electrical Waste,0.09,True
2,2025-01-27,Packaging Waste,0.12,False
3,2025-01-27,Metal Scrap,21.67,True
3,2025-01-27,Plastic Waste,10.55,True
3,2025-01-27,Electrical Waste,5.02,True
3,2025-01-27,Packaging Waste,7.31,False
4,2025-01-27,Metal Scrap,4.93,True
4,2025-01-27,Plastic Waste,2.43,True
4,2025-01-27,Electrical Waste,1.08,True
4,2025-01-27,Packaging Waste,1.75,False
5,2025-01-27,Metal Scrap,68.65,True
5,2025-01-27,Plastic Waste,33.67,True
5,2025-01-27,Electrical Waste,15.28,True
5,2025-01-27,Packaging Waste,21.34,False
1,2025-01-28,Metal Scrap,9.61,True
1,2025-01-28,Plastic Waste,5.17,True
1,2025-01-28,Electrical Waste,2.29,True
1,2025-01-28,Packaging Waste,3.47,False
2,2025-01-28,Metal Scrap,0.51,True
2,2025-01-28,Plastic Waste,0.24,True
2,2025-01-28,Electrical Waste,0.11,True
2,2025-01-28,Packaging Waste,0.18,False
3,2025-01-28,Metal Scrap,22.61,True
3,2025-01-28,Plastic Waste,10.19,True
3,2025-01-28,Electrical Waste,4.87,True
3,2025-01-28,Packaging Waste,7.51,False
4,2025-01-28,Metal Scrap,6.24,True
4,2025-01-28,Plastic Waste,3.07,True
4,2025-01-28,Electrical Waste,1.43,True
4,2025-01-28,Packaging Waste,2.35,False
5,2025-01-28,Metal Scrap,81.23,True
5,2025-01-28,Plastic Waste,42.69,True
5,2025-01-28,Electrical Waste,19.56,True
5,2025-01-28,Packaging Waste,28.84,False
1,2025-01-29,Metal Scrap,9.84,True
1,2025-01-29,Plastic Waste,4.67,True
1,2025-01-29,Electrical Waste,2.24,True
1,2025-01-29,Packaging Waste,3.63,False
2,2025-01-29,Metal Scrap,0.73,True
2,2025-01-29,Plastic Waste,0.38,True
2,2025-01-29,Electrical Waste,0.15,True
2,2025-01-29,Packaging Waste,0.25,False
3,2025-01-29,Metal Scrap,17.37,True
3,2025-01-29,Plastic Waste,9.03,True
3,2025-01-29,Electrical Waste,3.71,True
3,2025-01-29,Packaging Waste,5.57,False
4,2025-01-29,Metal Scrap,7.39,True
4,2025-01-29,Plastic Waste,3.49,True
4,2025-01-29,Electrical Waste,1.65,True
4,2025-01-29,Packaging Waste,2.66,False
5,2025-01-29,Metal Scrap,70.49,True
5,2025-01-29,Plastic Waste,34.48,True
5,2025-01-29,Electrical Waste,16.32,True
5,2025-01-29,Packaging Waste,22.8,False
1,2025-01-30,Metal Scrap,11.51,True
1,2025-01-30,Plastic Waste,5.23,True
1,2025-01-30,Electrical Waste,2.51,True
1,2025-01-30,Packaging Waste,3.9,False
2,2025-01-30,Metal Scrap,0.57,True
2,2025-01-30,Plastic Waste,0.33,True
2,2025-01-30,Electrical Waste,0.13,True
2,2025-01-30,Packaging Waste,0.21,False
3,2025-01-30,Metal Scrap,19.48,True
3,2025-01-30,Plastic Waste,10.74,True
3,2025-01-30,Electrical Waste,4.61,True
3,2025-01-30,Packaging Waste,7.09,False
4,2025-01-30,Metal Scrap,7.24,True
4,2025-01-30,Plastic Waste,3.45,True
4,2025-01-30,Electrical Waste,1.65,True
4,2025-01-30,Packaging Waste,2.52,False
5,2025-01-30,Metal Scrap,74.25,True
5,2025-01-30,Plastic Waste,36.82,True
5,2025-01-30,Electrical Waste,16.14,True
5,2025-01-30,Packaging Waste,27.0,False
1,2025-01-31,Metal Scrap,9.7,True
1,2025-01-31,Plastic Waste,4.4,True
1,2025-01-31,Electrical Waste,2.08,True
1,2025-01-31,Packaging Waste,3.19,False
2,2025-01-31,Metal Scrap,0.58,True
2,2025-01-31,Plastic Waste,0.31,True
2,2025-01-31,Electrical Waste,0.14,True
2,2025-01-31,Packaging Waste,0.18,False
3,2025-01-31,Metal Scrap,17.72,True
3,2025-01-31,Plastic Waste,9.38,True
3,2025-01-31,Electrical Waste,4.14,True
3,2025-01-31,Packaging Waste,6.95,False
4,2025-01-31,Metal Scrap,6.36,True
4,2025-01-31,Plastic Waste,3.05,True
4,2025-01-31,Electrical Waste,1.49,True
4,2025-01-31,Packaging Waste,2.27,False
5,2025-01-31,Metal Scrap,66.97,True
5,2025-01-31,Plastic Waste,37.68,True
5,2025-01-31,Electrical Waste,17.21,True
5,2025-01-31,Packaging Waste,22.7,False
1,2025-02-01,Metal Scrap,4.78,True
1,2025-02-01,Plastic Waste,2.53,True
1,2025-02-01,Electrical Waste,0.95,True
1,2025-02-01,Packaging Waste,1.39,False
2,2025-02-01,Metal Scrap,0.27,True
2,2025-02-01,Plastic Waste,0.15,True
2,2025-02-01,Electrical Waste,0.07,True
2,2025-02-01,Packaging Waste,0.1,False
3,2025-02-01,Metal Scrap,8.26,True
3,2025-02-01,Plastic Waste,3.73,True
3,2025-02-01,Electrical Waste,1.88,True
3,2025-02-01,Packaging Waste,2.79,False
4,2025-02-01,Metal Scrap,1.8,True
4,2025-02-01,Plastic Waste,1.06,True
4,2025-02-01,Electrical Waste,0.48,True
4,2025-02-01,Packaging Waste,0.68,False
5,2025-02-01,Metal Scrap,26.78,True
5,2025-02-01,Plastic Waste,16.35,True
5,2025-02-01,Electrical Waste,7.0,True
5,2025-02-01,Packaging Waste,9.63,False
1,2025-02-03,Metal Scrap,10.83,True
1,2025-02-03,Plastic Waste,5.51,True
1,2025-02-03,Electrical Waste,2.51,True
1,2025-02-03,Packaging Waste,3.65,False
2,2025-02-03,Metal Scrap,0.83,True
2,2025-02-03,Plastic Waste,0.42,True
2,2025-02-03,Electrical Waste,0.16,True
2,2025-02-03,Packaging Waste,0.29,False
3,2025-02-03,Metal Scrap,18.35,True
3,2025-02-03,Plastic Waste,9.79,True
3,2025-02-03,Electrical Waste,4.25,True
3,2025-02-03,Packaging Waste,6.05,False
4,2025-02-03,Metal Scrap,5.46,True
4,2025-02-03,Plastic Waste,2.93,True
4,2025-02-03,Electrical Waste,1.14,True
4,2025-02-03,Packaging Waste,1.9,False
5,2025-02-03,Metal Scrap,60.31,True
5,2025-02-03,Plastic Waste,30.68,True
5,2025-02-03,Electrical Waste,13.5,True
5,2025-02-03,Packaging Waste,21.47,False
1,2025-02-04,Metal Scrap,8.88,True
1,2025-02-04,Plastic Waste,5.12,True
1,2025-02-04,Electrical Waste,2.27,True
1,2025-02-04,Packaging Waste,2.93,False
2,2025-02-04,Metal Scrap,0.64,True
2,2025-02-04,Plastic Waste,0.29,True
2,2025-02-04,Electrical Waste,0.14,True
2,2025-02-04,Packaging Waste,0.21,False
3,2025-02-04,Metal Scrap,20.4,True
3,2025-02-04,Plastic Waste,9.74,True
3,2025-02-04,Electrical Waste,5.11,True
3,2025-02-04,Packaging Waste,6.71,False
4,2025-02-04,Metal Scrap,5.7,True
4,2025-02-04,Plastic Waste,3.3,True
4,2025-02-04,Electrical Waste,1.34,True
4,2025-02-04,Packaging Waste,2.23,False
5,2025-02-04,Metal Scrap,91.57,True
5,2025-02-04,Plastic Waste,43.25,True
5,2025-02-04,Electrical Waste,18.15,True
5,2025-02-04,Packaging Waste,32.89,False
1,2025-02-05,Metal Scrap,9.66,True
1,2025-02-05,Plastic Waste,5.66,True
1,2025-02-05,Electrical Waste,2.4,True
1,2025-02-05,Packaging Waste,3.8,False
2,2025-02-05,Metal Scrap,0.53,True
2,2025-02-05,Plastic Waste,0.27,True
2,2025-02-05,Electrical Waste,0.12,True
2,2025-02-05,Packaging Waste,0.18,False
3,2025-02-05,Metal Scrap,22.03,True
3,2025-02-05,Plastic Waste,11.65,True
3,2025-02-05,Electrical Waste,5.69,True
3,2025-02-05,Packaging Waste,7.9,False
4,2025-02-05,Metal Scrap,5.31,True
4,2025-02-05,Plastic Waste,2.67,True
4,2025-02-05,Electrical Waste,1.2,True
4,2025-02-05,Packaging Waste,1.76,False
5,2025-02-05,Metal Scrap,72.4,True
5,2025-02-05,Plastic Waste,34.29,True
5,2025-02-05,Electrical Waste,16.41,True
5,2025-02-05,Packaging Waste,22.58,False
1,2025-02-06,Metal Scrap,9.51,True
1,2025-02-06,Plastic Waste,4.76,True
1,2025-02-06,Electrical Waste,2.15,True
1,2025-02-06,Packaging Waste,3.17,False
2,2025-02-06,Metal Scrap,0.51,True
2,2025-02-06,Plastic Waste,0.27,True
2,2025-02-06,Electrical Waste,0.11,True
2,2025-02-06,Packaging Waste,0.16,False
3,2025-02-06,Metal Scrap,23.3,True
3,2025-02-06,Plastic Waste,12.56,True
3,2025-02-06,Electrical Waste,5.85,True
3,2025-02-06,Packaging Waste,8.05,False
4,2025-02-06,Metal Scrap,3.82,True
4,2025-02-06,Plastic Waste,1.89,True
4,2025-02-06,Electrical Waste,0.86,True
4,2025-02-06,Packaging Waste,1.29,False
5,2025-02-06,Metal Scrap,78.1,True
5,2025-02-06,Plastic Waste,38.75,True
5,2025-02-06,Electrical Waste,19.21,True
5,2025-02-06,Packaging Waste,27.32,False
1,2025-02-07,Metal Scrap,10.27,True
1,2025-02-07,Plastic Waste,4.88,True
1,2025-02-07,Electrical Waste,2.23,True
1,2025-02-07,Packaging Waste,2.98,False
2,2025-02-07,Metal Scrap,0.61,True
2,2025-02-07,Plastic Waste,0.29,True
2,2025-02-07,Electrical Waste,0.14,True
2,2025-02-07,Packaging Waste,0.2,False
3,2025-02-07,Metal Scrap,22.69,True
3,2025-02-07,Plastic Waste,11.6,True
3,2025-02-07,Electrical Waste,4.89,True
3,2025-02-07,Packaging Waste,7.13,False
4,2025-02-07,Metal Scrap,5.32,True
4,2025-02-07,Plastic Waste,2.5,True
4,2025-02-07,Electrical Waste,1.19,True
4,2025-02-07,Packaging Waste,1.64,False
5,2025-02-07,Metal Scrap,77.15,True
5,2025-02-07,Plastic Waste,44.5,True
5,2025-02-07,Electrical Waste,17.56,True
5,2025-02-07,Packaging Waste,26.89,False
1,2025-02-08,Metal Scrap,3.25,True
1,2025-02-08,Plastic Waste,1.59,True
1,2025-02-08,Electrical Waste,0.81,True
1,2025-02-08,Packaging Waste,1.02,False
2,2025-02-08,Metal Scrap,0.21,True
2,2025-02-08,Plastic Waste,0.1,True
2,2025-02-08,Electrical Waste,0.05,True
2,2025-02-08,Packaging Waste,0.06,False
3,2025-02-08,Metal Scrap,7.82,True
3,2025-02-08,Plastic Waste,3.96,True
3,2025-02-08,Electrical Waste,1.76,True
3,2025-02-08,Packaging Waste,2.86,False
4,2025-02-08,Metal Scrap,2.45,True
4,2025-02-08,Plastic Waste,1.1,True
4,2025-02-08,Electrical Waste,0.52,True
4,2025-02-08,Packaging Waste,0.78,False
5,2025-02-08,Metal Scrap,27.65,True
5,2025-02-08,Plastic Waste,14.78,True
5,2025-02-08,Electrical Waste,5.68,True
5,2025-02-08,Packaging Waste,8.52,False
1,2025-02-10,Metal Scrap,9.86,True
1,2025-02-10,Plastic Waste,4.58,True
1,2025-02-10,Electrical Waste,2.04,True
1,2025-02-10,Packaging Waste,3.0,False
2,2025-02-10,Metal Scrap,0.51,True
2,2025-02-10,Plastic Waste,0.29,True
2,2025-02-10,Electrical Waste,0.13,True
2,2025-02-10,Packaging Waste,0.19,False
3,2025-02-10,Metal Scrap,20.0,True
3,2025-02-10,Plastic Waste,11.32,True
3,2025-02-10,Electrical Waste,5.03,True
3,2025-02-10,Packaging Waste,7.18,False
4,2025-02-10,Metal Scrap,6.59,True
4,2025-02-10,Plastic Waste,3.54,True
4,2025-02-10,Electrical Waste,1.54,True
4,2025-02-10,Packaging Waste,2.23,False
5,2025-02-10,Metal Scrap,85.28,True
5,2025-02-10,Plastic Waste,46.17,True
5,2025-02-10,Electrical Waste,18.6,True
5,2025-02-10,Packaging Waste,28.58,False
1,2025-02-11,Metal Scrap,8.72,True
1,2025-02-11,Plastic Waste,4.71,True
1,2025-02-11,Electrical Waste,2.06,True
1,2025-02-11,Packaging Waste,2.66,False
2,2025-02-11,Metal Scrap,0.47,True
2,2025-02-11,Plastic Waste,0.25,True
2,2025-02-11,Electrical Waste,0.12,True
2,2025-02-11,Packaging Waste,0.18,False
3,2025-02-11,Metal Scrap,18.1,True
3,2025-02-11,Plastic Waste,8.99,True
3,2025-02-11,Electrical Waste,4.48,True
3,2025-02-11,Packaging Waste,6.74,False
4,2025-02-11,Metal Scrap,5.68,True
4,2025-02-11,Plastic Waste,2.68,True
4,2025-02-11,Electrical Waste,1.19,True
4,2025-02-11,Packaging Waste,1.64,False
5,2025-02-11,Metal Scrap,63.27,True
5,2025-02-11,Plastic Waste,35.35,True
5,2025-02-11,Electrical Waste,15.36,True
5,2025-02-11,Packaging Waste,22.7,False
1,2025-02-12,Metal Scrap,8.23,True
1,2025-02-12,Plastic Waste,5.03,True
1,2025-02-12,Electrical Waste,2.19,True
1,2025-02-12,Packaging Waste,3.12,False
2,2025-02-12,Metal Scrap,0.78,True
2,2025-02-12,Plastic Waste,0.4,True
2,2025-02-12,Electrical Waste,0.17,True
2,2025-02-12,Packaging Waste,0.23,False
3,2025-02-12,Metal Scrap,23.14,True
3,2025-02-12,Plastic Waste,13.78,True
3,2025-02-12,Electrical Waste,5.79,True
3,2025-02-12,Packaging Waste,9.0,False
4,2025-02-12,Metal Scrap,4.65,True
4,2025-02-12,Plastic Waste,2.07,True
4,2025-02-12,Electrical Waste,1.0,True
4,2025-02-12,Packaging Waste,1.51,False
5,2025-02-12,Metal Scrap,73.8,True
5,2025-02-12,Plastic Waste,34.91,True
5,2025-02-12,Electrical Waste,16.38,True
5,2025-02-12,Packaging Waste,24.5,False
1,2025-02-13,Metal Scrap,13.17,True
1,2025-02-13,Plastic Waste,7.02,True
1,2025-02-13,Electrical Waste,2.81,True
1,2025-02-13,Packaging Waste,4.54,False
2,2025-02-13,Metal Scrap,0.6,True
2,2025-02-13,Plastic Waste,0.35,True
2,2025-02-13,Electrical Waste,0.15,True
2,2025-02-13,Packaging Waste,0.22,False
3,2025-02-13,Metal Scrap,19.57,True
3,2025-02-13,Plastic Waste,9.78,True
3,2025-02-13,Electrical Waste,4.35,True
3,2025-02-13,Packaging Waste,7.41,False
4,2025-02-13,Metal Scrap,7.24,True
4,2025-02-13,Plastic Waste,3.81,True
4,2025-02-13,Electrical Waste,1.85,True
4,2025-02-13,Packaging Waste,2.61,False
5,2025-02-13,Metal Scrap,66.54,True
5,2025-02-13,Plastic Waste,33.34,True
5,2025-02-13,Electrical Waste,14.14,True
5,2025-02-13,Packaging Waste,22.0,False
1,2025-02-14,Metal Scrap,8.57,True
1,2025-02-14,Plastic Waste,4.3,True
1,2025-02-14,Electrical Waste,1.96,True
1,2025-02-14,Packaging Waste,2.63,False
2,2025-02-14,Metal Scrap,0.57,True
2,2025-02-14,Plastic Waste,0.32,True
2,2025-02-14,Electrical Waste,0.13,True
2,2025-02-14,Packaging Waste,0.2,False
3,2025-02-14,Metal Scrap,18.18,True
3,2025-02-14,Plastic Waste,11.08,True
3,2025-02-14,Electrical Waste,4.59,True
3,2025-02-14,Packaging Waste,6.39,False
4,2025-02-14,Metal Scrap,4.93,True
4,2025-02-14,Plastic Waste,2.75,True
4,2025-02-14,Electrical Waste,1.22,True
4,2025-02-14,Packaging Waste,1.67,False
5,2025-02-14,Metal Scrap,68.56,True
5,2025-02-14,Plastic Waste,34.75,True
5,2025-02-14,Electrical Waste,14.16,True
5,2025-02-14,Packaging Waste,19.76,False
1,2025-02-15,Metal Scrap,4.57,True
1,2025-02-15,Plastic Waste,2.2,True
1,2025-02-15,Electrical Waste,1.02,True
1,2025-02-15,Packaging Waste,1.47,False
2,2025-02-15,Metal Scrap,0.26,True
2,2025-02-15,Plastic Waste,0.15,True
2,2025-02-15,Electrical Waste,0.07,True
2,2025-02-15,Packaging Waste,0.09,False
3,2025-02-15,Metal Scrap,7.12,True
3,2025-02-15,Plastic Waste,3.54,True
3,2025-02-15,Electrical Waste,1.75,True
3,2025-02-15,Packaging Waste,2.42,False
4,2025-02-15,Metal Scrap,1.89,True
4,2025-02-15,Plastic Waste,0.97,True
4,2025-02-15,Electrical Waste,0.38,True
4,2025-02-15,Packaging Waste,0.64,False
5,2025-02-15,Metal Scrap,24.28,True
5,2025-02-15,Plastic Waste,13.8,True
5,2025-02-15,Electrical Waste,5.65,True
5,2025-02-15,Packaging Waste,9.01,False
1,2025-02-17,Metal Scrap,9.44,True
1,2025-02-17,Plastic Waste,4.87,True
1,2025-02-17,Electrical Waste,2.3,True
1,2025-02-17,Packaging Waste,3.72,False
2,2025-02-17,Metal Scrap,0.48,True
2,2025-02-17,Plastic Waste,0.23,True
2,2025-02-17,Electrical Waste,0.11,True
2,2025-02-17,Packaging Waste,0.16,False
3,2025-02-17,Metal Scrap,23.96,True
3,2025-02-17,Plastic Waste,12.3,True
3,2025-02-17,Electrical Waste,5.37,True
3,2025-02-17,Packaging Waste,7.84,False
4,2025-02-17,Metal Scrap,5.08,True
4,2025-02-17,Plastic Waste,2.9,True
4,2025-02-17,Electrical Waste,1.26,True
4,2025-02-17,Packaging Waste,1.76,False
5,2025-02-17,Metal Scrap,63.81,True
5,2025-02-17,Plastic Waste,28.27,True
5,2025-02-17,Electrical Waste,14.5,True
5,2025-02-17,Packaging Waste,21.59,False
1,2025-02-18,Metal Scrap,10.63,True
1,2025-02-18,Plastic Waste,5.03,True
1,2025-02-18,Electrical Waste,2.36,True
1,2025-02-18,Packaging Waste,3.65,False
2,2025-02-18,Metal Scrap,0.65,True
2,2025-02-18,Plastic Waste,0.31,True
2,2025-02-18,Electrical Waste,0.12,True
2,2025-02-18,Packaging Waste,0.2,False
3,2025-02-18,Metal Scrap,19.52,True
3,2025-02-18,Plastic Waste,10.59,True
3,2025-02-18,Electrical Waste,4.71,True
3,2025-02-18,Packaging Waste,6.5,False
4,2025-02-18,Metal Scrap,5.88,True
4,2025-02-18,Plastic Waste,2.98,True
4,2025-02-18,Electrical Waste,1.4,True
4,2025-02-18,Packaging Waste,1.97,False
5,2025-02-18,Metal Scrap,83.35,True
5,2025-02-18,Plastic Waste,38.71,True
5,2025-02-18,Electrical Waste,18.37,True
5,2025-02-18,Packaging Waste,30.32,False
1,2025-02-19,Metal Scrap,11.21,True
1,2025-02-19,Plastic Waste,6.19,True
1,2025-02-19,Electrical Waste,2.73,True
1,2025-02-19,Packaging Waste,4.25,False
2,2025-02-19,Metal Scrap,0.45,True
2,2025-02-19,Plastic Waste,0.23,True
2,2025-02-19,Electrical Waste,0.09,True
2,2025-02-19,Packaging Waste,0.14,False
3,2025-02-19,Metal Scrap,20.29,True
3,2025-02-19,Plastic Waste,10.52,True
3,2025-02-19,Electrical Waste,4.77,True
3,2025-02-19,Packaging Waste,6.05,False
4,2025-02-19,Metal Scrap,4.83,True
4,2025-02-19,Plastic Waste,2.79,True
4,2025-02-19,Electrical Waste,1.31,True
4,2025-02-19,Packaging Waste,1.99,False
5,2025-02-19,Metal Scrap,57.03,True
5,2025-02-19,Plastic Waste,27.58,True
5,2025-02-19,Electrical Waste,11.42,True
5,2025-02-19,Packaging Waste,19.13,False
1,2025-02-20,Metal Scrap,11.77,True
1,2025-02-20,Plastic Waste,5.57,True
1,2025-02-20,Electrical Waste,2.6,True
1,2025-02-20,Packaging Waste,4.06,False
2,2025-02-20,Metal Scrap,0.51,True
2,2025-02-20,Plastic Waste,0.31,True
2,2025-02-20,Electrical Waste,0.12,True
2,2025-02-20,Packaging Waste,0.19,False
3,2025-02-20,Metal Scrap,24.18,True
3,2025-02-20,Plastic Waste,13.47,True
3,2025-02-20,Electrical Waste,6.03,True
3,2025-02-20,Packaging Waste,9.45,False
4,2025-02-20,Metal Scrap,5.0,True
4,2025-02-20,Plastic Waste,2.52,True
4,2025-02-20,Electrical Waste,1.31,True
4,2025-02-20,Packaging Waste,1.88,False
5,2025-02-20,Metal Scrap,81.8,True
5,2025-02-20,Plastic Waste,48.03,True
5,2025-02-20,Electrical Waste,18.31,True
5,2025-02-20,Packaging Waste,29.35,False
1,2025-02-21,Metal Scrap,9.32,True
1,2025-02-21,Plastic Waste,4.79,True
1,2025-02-21,Electrical Waste,2.02,True
1,2025-02-21,Packaging Waste,3.56,False
2,2025-02-21,Metal Scrap,0.45,True
2,2025-02-21,Plastic Waste,0.22,True
2,2025-02-21,Electrical Waste,0.09,True
2,2025-02-21,Packaging Waste,0.14,False
3,2025-02-21,Metal Scrap,19.44,True
3,2025-02-21,Plastic Waste,10.5,True
3,2025-02-21,Electrical Waste,4.71,True
3,2025-02-21,Packaging Waste,6.77,False
4,2025-02-21,Metal Scrap,6.82,True
4,2025-02-21,Plastic Waste,3.95,True
4,2025-02-21,Electrical Waste,1.54,True
4,2025-02-21,Packaging Waste,2.41,False
5,2025-02-21,Metal Scrap,66.43,True
5,2025-02-21,Plastic Waste,32.48,True
5,2025-02-21,Electrical Waste,15.45,True
5,2025-02-21,Packaging Waste,23.19,False
1,2025-02-22,Metal Scrap,3.53,True
1,2025-02-22,Plastic Waste,1.58,True
1,2025-02-22,Electrical Waste,0.8,True
1,2025-02-22,Packaging Waste,1.14,False
2,2025-02-22,Metal Scrap,0.24,True
2,2025-02-22,Plastic Waste,0.13,True
2,2025-02-22,Electrical Waste,0.06,True
2,2025-02-22,Packaging Waste,0.09,False
3,2025-02-22,Metal Scrap,8.3,True
3,2025-02-22,Plastic Waste,4.79,True
3,2025-02-22,Electrical Waste,2.08,True
3,2025-02-22,Packaging Waste,3.38,False
4,2025-02-22,Metal Scrap,1.83,True
4,2025-02-22,Plastic Waste,1.04,True
4,2025-02-22,Electrical Waste,0.45,True
4,2025-02-22,Packaging Waste,0.64,False
5,2025-02-22,Metal Scrap,29.15,True
5,2025-02-22,Plastic Waste,14.95,True
5,2025-02-22,Electrical Waste,6.72,True
5,2025-02-22,Packaging Waste,10.16,False
1,2025-02-24,Metal Scrap,11.85,True
1,2025-02-24,Plastic Waste,6.3,True
1,2025-02-24,Electrical Waste,2.69,True
1,2025-02-24,Packaging Waste,4.25,False
2,2025-02-24,Metal Scrap,0.58,True
2,2025-02-24,Plastic Waste,0.28,True
2,2025-02-24,Electrical Waste,0.13,True
2,2025-02-24,Packaging Waste,0.2,False
3,2025-02-24,Metal Scrap,23.77,True
3,2025-02-24,Plastic Waste,10.72,True
3,2025-02-24,Electrical Waste,4.98,True
3,2025-02-24,Packaging Waste,8.17,False
4,2025-02-24,Metal Scrap,4.66,True
4,2025-02-24,Plastic Waste,2.38,True
4,2025-02-24,Electrical Waste,1.15,True
4,2025-02-24,Packaging Waste,1.87,False
5,2025-02-24,Metal Scrap,70.02,True
5,2025-02-24,Plastic Waste,38.75,True
5,2025-02-24,Electrical Waste,16.96,True
5,2025-02-24,Packaging Waste,22.7,False
1,2025-02-25,Metal Scrap,10.73,True
1,2025-02-25,Plastic Waste,5.17,True
1,2025-02-25,Electrical Waste,2.45,True
1,2025-02-25,Packaging Waste,3.63,False
2,2025-02-25,Metal Scrap,0.66,True
2,2025-02-25,Plastic Waste,0.32,True
2,2025-02-25,Electrical Waste,0.17,True
2,2025-02-25,Packaging Waste,0.22,False
3,2025-02-25,Metal Scrap,27.02,True
3,2025-02-25,Plastic Waste,13.63,True
3,2025-02-25,Electrical Waste,5.9,True
3,2025-02-25,Packaging Waste,9.29,False
4,2025-02-25,Metal Scrap,6.18,True
4,2025-02-25,Plastic Waste,3.08,True
4,2025-02-25,Electrical Waste,1.26,True
4,2025-02-25,Packaging Waste,2.05,False
5,2025-02-25,Metal Scrap,74.51,True
5,2025-02-25,Plastic Waste,42.75,True
5,2025-02-25,Electrical Waste,18.69,True
5,2025-02-25,Packaging Waste,29.27,False
1,2025-02-26,Metal Scrap,13.18,True
1,2025-02-26,Plastic Waste,6.66,True
1,2025-02-26,Electrical Waste,3.1,True
1,2025-02-26,Packaging Waste,4.75,False
2,2025-02-26,Metal Scrap,0.38,True
2,2025-02-26,Plastic Waste,0.2,True
2,2025-02-26,Electrical Waste,0.09,True
2,2025-02-26,Packaging Waste,0.15,False
3,2025-02-26,Metal Scrap,23.89,True
3,2025-02-26,Plastic Waste,13.15,True
3,2025-02-26,Electrical Waste,5.09,True
3,2025-02-26,Packaging Waste,7.38,False
4,2025-02-26,Metal Scrap,7.05,True
4,2025-02-26,Plastic Waste,3.68,True
4,2025-02-26,Electrical Waste,1.45,True
4,2025-02-26,Packaging Waste,2.23,False
5,2025-02-26,Metal Scrap,66.8,True
5,2025-02-26,Plastic Waste,40.33,True
5,2025-02-26,Electrical Waste,15.81,True
5,2025-02-26,Packaging Waste,24.65,False
1,2025-02-27,Metal Scrap,12.1,True
1,2025-02-27,Plastic Waste,7.29,True
1,2025-02-27,Electrical Waste,2.79,True
1,2025-02-27,Packaging Waste,4.47,False
2,2025-02-27,Metal Scrap,0.52,True
2,2025-02-27,Plastic Waste,0.27,True
2,2025-02-27,Electrical Waste,0.13,True
2,2025-02-27,Packaging Waste,0.17,False
3,2025-02-27,Metal Scrap,20.87,True
3,2025-02-27,Plastic Waste,9.53,True
3,2025-02-27,Electrical Waste,4.47,True
3,2025-02-27,Packaging Waste,6.28,False
4,2025-02-27,Metal Scrap,4.21,True
4,2025-02-27,Plastic Waste,2.13,True
4,2025-02-27,Electrical Waste,1.05,True
4,2025-02-27,Packaging Waste,1.31,False
5,2025-02-27,Metal Scrap,56.13,True
5,2025-02-27,Plastic Waste,29.3,True
5,2025-02-27,Electrical Waste,14.36,True
5,2025-02-27,Packaging Waste,21.16,False
1,2025-02-28,Metal Scrap,10.56,True
1,2025-02-28,Plastic Waste,6.12,True
1,2025-02-28,Electrical Waste,2.65,True
1,2025-02-28,Packaging Waste,4.31,False
2,2025-02-28,Metal Scrap,0.55,True
2,2025-02-28,Plastic Waste,0.28,True
2,2025-02-28,Electrical Waste,0.12,True
2,2025-02-28,Packaging Waste,0.18,False
3,2025-02-28,Metal Scrap,26.03,True
3,2025-02-28,Plastic Waste,12.4,True
3,2025-02-28,Electrical Waste,5.74,True
3,2025-02-28,Packaging Waste,8.58,False
4,2025-02-28,Metal Scrap,6.07,True
4,2025-02-28,Plastic Waste,2.77,True
4,2025-02-28,Electrical Waste,1.44,True
4,2025-02-28,Packaging Waste,1.94,False
5,2025-02-28,Metal Scrap,71.73,True
5,2025-02-28,Plastic Waste,40.39,True
5,2025-02-28,Electrical Waste,16.19,True
5,2025-02-28,Packaging Waste,27.99,False
1,2025-03-01,Metal Scrap,3.28,True
1,2025-03-01,Plastic Waste,1.69,True
1,2025-03-01,Electrical Waste,0.86,True
1,2025-03-01,Packaging Waste,1.15,False
2,2025-03-01,Metal Scrap,0.12,True
2,2025-03-01,Plastic Waste,0.07,True
2,2025-03-01,Electrical Waste,0.03,True
2,2025-03-01,Packaging Waste,0.05,False
3,2025-03-01,Metal Scrap,8.99,True
3,2025-03-01,Plastic Waste,4.61,True
3,2025-03-01,Electrical Waste,2.1,True
3,2025-03-01,Packaging Waste,3.1,False
4,2025-03-01,Metal Scrap,2.1,True
4,2025-03-01,Plastic Waste,0.95,True
4,2025-03-01,Electrical Waste,0.42,True
4,2025-03-01,Packaging Waste,0.74,False
5,2025-03-01,Metal Scrap,25.67,True
5,2025-03-01,Plastic Waste,13.44,True
5,2025-03-01,Electrical Waste,5.79,True
5,2025-03-01,Packaging Waste,8.46,False
1,2025-03-03,Metal Scrap,11.89,True
1,2025-03-03,Plastic Waste,5.86,True
1,2025-03-03,Electrical Waste,2.72,True
1,2025-03-03,Packaging Waste,3.87,False
2,2025-03-03,Metal Scrap,0.6,True
2,2025-03-03,Plastic Waste,0.29,True
2,2025-03-03,Electrical Waste,0.12,True
2,2025-03-03,Packaging Waste,0.19,False
3,2025-03-03,Metal Scrap,31.32,True
3,2025-03-03,Plastic Waste,13.44,True
3,2025-03-03,Electrical Waste,6.95,True
3,2025-03-03,Packaging Waste,10.58,False
4,2025-03-03,Metal Scrap,6.71,True
4,2025-03-03,Plastic Waste,3.41,True
4,2025-03-03,Electrical Waste,1.67,True
4,2025-03-03,Packaging Waste,2.09,False
5,2025-03-03,Metal Scrap,83.19,True
5,2025-03-03,Plastic Waste,42.12,True
5,2025-03-03,Electrical Waste,19.81,True
5,2025-03-03,Packaging Waste,28.59,False
1,2025-03-04,Metal Scrap,11.25,True
1,2025-03-04,Plastic Waste,4.89,True
1,2025-03-04,Electrical Waste,2.18,True
1,2025-03-04,Packaging Waste,3.64,False
2,2025-03-04,Metal Scrap,0.6,True
2,2025-03-04,Plastic Waste,0.32,True
2,2025-03-04,Electrical Waste,0.15,True
2,2025-03-04,Packaging Waste,0.23,False
3,2025-03-04,Metal Scrap,24.15,True
3,2025-03-04,Plastic Waste,14.14,True
3,2025-03-04,Electrical Waste,5.75,True
3,2025-03-04,Packaging Waste,8.5,False
4,2025-03-04,Metal Scrap,5.6,True
4,2025-03-04,Plastic Waste,2.6,True
4,2025-03-04,Electrical Waste,1.3,True
4,2025-03-04,Packaging Waste,2.01,False
5,2025-03-04,Metal Scrap,85.71,True
5,2025-03-04,Plastic Waste,45.09,True
5,2025-03-04,Electrical Waste,19.86,True
5,2025-03-04,Packaging Waste,26.9,False
1,2025-03-05,Metal Scrap,10.05,True
1,2025-03-05,Plastic Waste,4.94,True
1,2025-03-05,Electrical Waste,2.25,True
1,2025-03-05,Packaging Waste,3.45,False
2,2025-03-05,Metal Scrap,0.56,True
2,2025-03-05,Plastic Waste,0.27,True
2,2025-03-05,Electrical Waste,0.13,True
2,2025-03-05,Packaging Waste,0.2,False
3,2025-03-05,Metal Scrap,25.22,True
3,2025-03-05,Plastic Waste,12.38,True
3,2025-03-05,Electrical Waste,6.41,True
3,2025-03-05,Packaging Waste,8.1,False
4,2025-03-05,Metal Scrap,5.78,True
4,2025-03-05,Plastic Waste,2.56,True
4,2025-03-05,Electrical Waste,1.14,True
4,2025-03-05,Packaging Waste,1.95,False
5,2025-03-05,Metal Scrap,73.58,True
5,2025-03-05,Plastic Waste,36.02,True
5,2025-03-05,Electrical Waste,16.1,True
5,2025-03-05,Packaging Waste,24.04,False
1,2025-03-06,Metal Scrap,10.45,True
1,2025-03-06,Plastic Waste,5.14,True
1,2025-03-06,Electrical Waste,2.4,True
1,2025-03-06,Packaging Waste,3.83,False
2,2025-03-06,Metal Scrap,0.37,True
2,2025-03-06,Plastic Waste,0.2,True
2,2025-03-06,Electrical Waste,0.09,True
2,2025-03-06,Packaging Waste,0.13,False
3,2025-03-06,Metal Scrap,21.91,True
3,2025-03-06,Plastic Waste,10.72,True
3,2025-03-06,Electrical Waste,4.99,True
3,2025-03-06,Packaging Waste,6.94,False
4,2025-03-06,Metal Scrap,5.42,True
4,2025-03-06,Plastic Waste,2.55,True
4,2025-03-06,Electrical Waste,1.11,True
4,2025-03-06,Packaging Waste,1.93,False
5,2025-03-06,Metal Scrap,59.33,True
5,2025-03-06,Plastic Waste,32.99,True
5,2025-03-06,Electrical Waste,14.14,True
5,2025-03-06,Packaging Waste,22.18,False
1,2025-03-07,Metal Scrap,11.15,True
1,2025-03-07,Plastic Waste,5.87,True
1,2025-03-07,Electrical Waste,2.54,True
1,2025-03-07,Packaging Waste,3.66,False
2,2025-03-07,Metal Scrap,0.61,True
2,2025-03-07,Plastic Waste,0.28,True
2,2025-03-07,Electrical Waste,0.15,True
2,2025-03-07,Packaging Waste,0.22,False
3,2025-03-07,Metal Scrap,25.66,True
3,2025-03-07,Plastic Waste,12.96,True
3,2025-03-07,Electrical Waste,6.4,True
3,2025-03-07,Packaging Waste,8.87,False
4,2025-03-07,Metal Scrap,4.63,True
4,2025-03-07,Plastic Waste,2.22,True
4,2025-03-07,Electrical Waste,1.18,True
4,2025-03-07,Packaging Waste,1.66,False
5,2025-03-07,Metal Scrap,75.29,True
5,2025-03-07,Plastic Waste,36.68,True
5,2025-03-07,Electrical Waste,18.03,True
5,2025-03-07,Packaging Waste,23.87,False
1,2025-03-08,Metal Scrap,4.96,True
1,2025-03-08,Plastic Waste,2.29,True
1,2025-03-08,Electrical Waste,1.06,True
1,2025-03-08,Packaging Waste,1.57,False
2,2025-03-08,Metal Scrap,0.16,True
2,2025-03-08,Plastic Waste,0.09,True
2,2025-03-08,Electrical Waste,0.04,True
2,2025-03-08,Packaging Waste,0.06,False
3,2025-03-08,Metal Scrap,8.77,True
3,2025-03-08,Plastic Waste,4.48,True
3,2025-03-08,Electrical Waste,2.04,True
3,2025-03-08,Packaging Waste,3.36,False
4,2025-03-08,Metal Scrap,1.98,True
4,2025-03-08,Plastic Waste,0.94,True
4,2025-03-08,Electrical Waste,0.45,True
4,2025-03-08,Packaging Waste,0.65,False
5,2025-03-08,Metal Scrap,28.25,True
5,2025-03-08,Plastic Waste,14.03,True
5,2025-03-08,Electrical Waste,6.86,True
5,2025-03-08,Packaging Waste,9.04,False
1,2025-03-10,Metal Scrap,9.32,True
1,2025-03-10,Plastic Waste,4.65,True
1,2025-03-10,Electrical Waste,2.24,True
1,2025-03-10,Packaging Waste,3.23,False
2,2025-03-10,Metal Scrap,0.55,True
2,2025-03-10,Plastic Waste,0.25,True
2,2025-03-10,Electrical Waste,0.12,True
2,2025-03-10,Packaging Waste,0.19,False
3,2025-03-10,Metal Scrap,21.8,True
3,2025-03-10,Plastic Waste,11.94,True
3,2025-03-10,Electrical Waste,5.21,True
3,2025-03-10,Packaging Waste,7.69,False
4,2025-03-10,Metal Scrap,6.04,True
4,2025-03-10,Plastic Waste,3.15,True
4,2025-03-10,Electrical Waste,1.31,True
4,2025-03-10,Packaging Waste,2.28,False
5,2025-03-10,Metal Scrap,66.42,True
5,2025-03-10,Plastic Waste,35.65,True
5,2025-03-10,Electrical Waste,16.89,True
5,2025-03-10,Packaging Waste,24.35,False
1,2025-03-11,Metal Scrap,11.95,True
1,2025-03-11,Plastic Waste,6.11,True
1,2025-03-11,Electrical Waste,2.34,True
1,2025-03-11,Packaging Waste,4.12,False
2,2025-03-11,Metal Scrap,0.38,True
2,2025-03-11,Plastic Waste,0.19,True
2,2025-03-11,Electrical Waste,0.1,True
2,2025-03-11,Packaging Waste,0.15,False
3,2025-03-11,Metal Scrap,25.56,True
3,2025-03-11,Plastic Waste,13.14,True
3,2025-03-11,Electrical Waste,6.0,True
3,2025-03-11,Packaging Waste,8.49,False
4,2025-03-11,Metal Scrap,4.88,True
4,2025-03-11,Plastic Waste,2.46,True
4,2025-03-11,Electrical Waste,1.17,True
4,2025-03-11,Packaging Waste,1.92,False
5,2025-03-11,Metal Scrap,75.88,True
5,2025-03-11,Plastic Waste,40.66,True
5,2025-03-11,Electrical Waste,18.37,True
5,2025-03-11,Packaging Waste,23.32,False
1,2025-03-12,Metal Scrap,9.58,True
1,2025-03-12,Plastic Waste,4.37,True
1,2025-03-12,Electrical Waste,2.08,True
1,2025-03-12,Packaging Waste,3.09,False
2,2025-03-12,Metal Scrap,0.52,True
2,2025-03-12,Plastic Waste,0.26,True
2,2025-03-12,Electrical Waste,0.12,True
2,2025-03-12,Packaging Waste,0.18,False
3,2025-03-12,Metal Scrap,22.93,True
3,2025-03-12,Plastic Waste,12.66,True
3,2025-03-12,Electrical Waste,5.18,True
3,2025-03-12,Packaging Waste,8.44,False
4,2025-03-12,Metal Scrap,6.4,True
4,2025-03-12,Plastic Waste,2.95,True
4,2025-03-12,Electrical Waste,1.41,True
4,2025-03-12,Packaging Waste,2.16,False
5,2025-03-12,Metal Scrap,77.24,True
5,2025-03-12,Plastic Waste,35.4,True
5,2025-03-12,Electrical Waste,15.43,True
5,2025-03-12,Packaging Waste,23.4,False
1,2025-03-13,Metal Scrap,11.47,True
1,2025-03-13,Plastic Waste,6.08,True
1,2025-03-13,Electrical Waste,2.65,True
1,2025-03-13,Packaging Waste,3.6,False
2,2025-03-13,Metal Scrap,0.41,True
2,2025-03-13,Plastic Waste,0.2,True
2,2025-03-13,Electrical Waste,0.09,True
2,2025-03-13,Packaging Waste,0.14,False
3,2025-03-13,Metal Scrap,22.37,True
3,2025-03-13,Plastic Waste,12.61,True
3,2025-03-13,Electrical Waste,5.23,True
3,2025-03-13,Packaging Waste,7.96,False
4,2025-03-13,Metal Scrap,5.28,True
4,2025-03-13,Plastic Waste,2.84,True
4,2025-03-13,Electrical Waste,1.21,True
4,2025-03-13,Packaging Waste,1.64,False
5,2025-03-13,Metal Scrap,64.16,True
5,2025-03-13,Plastic Waste,35.7,True
5,2025-03-13,Electrical Waste,15.42,True
5,2025-03-13,Packaging Waste,22.99,False
1,2025-03-14,Metal Scrap,8.58,True
1,2025-03-14,Plastic Waste,4.85,True
1,2025-03-14,Electrical Waste,2.07,True
1,2025-03-14,Packaging Waste,3.2,False
2,2025-03-14,Metal Scrap,0.43,True
2,2025-03-14,Plastic Waste,0.26,True
2,2025-03-14,Electrical Waste,0.1,True
2,2025-03-14,Packaging Waste,0.18,False
3,2025-03-14,Metal Scrap,21.77,True
3,2025-03-14,Plastic Waste,10.69,True
3,2025-03-14,Electrical Waste,4.65,True
3,2025-03-14,Packaging Waste,6.92,False
4,2025-03-14,Metal Scrap,4.34,True
4,2025-03-14,Plastic Waste,2.33,True
4,2025-03-14,Electrical Waste,1.06,True
4,2025-03-14,Packaging Waste,1.46,False
5,2025-03-14,Metal Scrap,65.92,True
5,2025-03-14,Plastic Waste,32.89,True
5,2025-03-14,Electrical Waste,13.68,True
5,2025-03-14,Packaging Waste,21.18,False
1,2025-03-15,Metal Scrap,3.38,True
1,2025-03-15,Plastic Waste,1.7,True
1,2025-03-15,Electrical Waste,0.76,True
1,2025-03-15,Packaging Waste,1.35,False
2,2025-03-15,Metal Scrap,0.16,True
2,2025-03-15,Plastic Waste,0.09,True
2,2025-03-15,Electrical Waste,0.04,True
2,2025-03-15,Packaging Waste,0.05,False
3,2025-03-15,Metal Scrap,8.44,True
3,2025-03-15,Plastic Waste,4.52,True
3,2025-03-15,Electrical Waste,2.01,True
3,2025-03-15,Packaging Waste,3.06,False
4,2025-03-15,Metal Scrap,2.12,True
4,2025-03-15,Plastic Waste,1.14,True
4,2025-03-15,Electrical Waste,0.5,True
4,2025-03-15,Packaging Waste,0.77,False
5,2025-03-15,Metal Scrap,24.31,True
5,2025-03-15,Plastic Waste,13.17,True
5,2025-03-15,Electrical Waste,6.07,True
5,2025-03-15,Packaging Waste,8.87,False
1,2025-03-17,Metal Scrap,9.94,True
1,2025-03-17,Plastic Waste,5.14,True
1,2025-03-17,Electrical Waste,2.58,True
1,2025-03-17,Packaging Waste,3.57,False
2,2025-03-17,Metal Scrap,0.5,True
2,2025-03-17,Plastic Waste,0.25,True
2,2025-03-17,Electrical Waste,0.12,True
2,2025-03-17,Packaging Waste,0.18,False
3,2025-03-17,Metal Scrap,23.74,True
3,2025-03-17,Plastic Waste,12.84,True
3,2025-03-17,Electrical Waste,5.21,True
3,2025-03-17,Packaging Waste,8.17,False
4,2025-03-17,Metal Scrap,6.91,True
4,2025-03-17,Plastic Waste,3.38,True
4,2025-03-17,Electrical Waste,1.41,True
4,2025-03-17,Packaging Waste,2.21,False
5,2025-03-17,Metal Scrap,75.83,True
5,2025-03-17,Plastic Waste,34.49,True
5,2025-03-17,Electrical Waste,15.54,True
5,2025-03-17,Packaging Waste,25.3,False
1,2025-03-18,Metal Scrap,11.42,True
1,2025-03-18,Plastic Waste,5.71,True
1,2025-03-18,Electrical Waste,2.62,True
1,2025-03-18,Packaging Waste,3.86,False
2,2025-03-18,Metal Scrap,0.52,True
2,2025-03-18,Plastic Waste,0.26,True
2,2025-03-18,Electrical Waste,0.12,True
2,2025-03-18,Packaging Waste,0.17,False
3,2025-03-18,Metal Scrap,20.93,True
3,2025-03-18,Plastic Waste,10.76,True
3,2025-03-18,Electrical Waste,4.6,True
3,2025-03-18,Packaging Waste,6.96,False
4,2025-03-18,Metal Scrap,7.35,True
4,2025-03-18,Plastic Waste,3.46,True
4,2025-03-18,Electrical Waste,1.46,True
4,2025-03-18,Packaging Waste,2.15,False
5,2025-03-18,Metal Scrap,62.06,True
5,2025-03-18,Plastic Waste,37.26,True
5,2025-03-18,Electrical Waste,14.26,True
5,2025-03-18,Packaging Waste,24.5,False
1,2025-03-19,Metal Scrap,12.47,True
1,2025-03-19,Plastic Waste,6.47,True
1,2025-03-19,Electrical Waste,2.42,True
1,2025-03-19,Packaging Waste,3.88,False
2,2025-03-19,Metal Scrap,0.38,True
2,2025-03-19,Plastic Waste,0.17,True
2,2025-03-19,Electrical Waste,0.08,True
2,2025-03-19,Packaging Waste,0.11,False
3,2025-03-19,Metal Scrap,29.02,True
3,2025-03-19,Plastic Waste,14.76,True
3,2025-03-19,Electrical Waste,6.61,True
3,2025-03-19,Packaging Waste,8.71,False
4,2025-03-19,Metal Scrap,5.78,True
4,2025-03-19,Plastic Waste,2.96,True
4,2025-03-19,Electrical Waste,1.38,True
4,2025-03-19,Packaging Waste,1.9,False
5,2025-03-19,Metal Scrap,78.7,True
5,2025-03-19,Plastic Waste,39.17,True
5,2025-03-19,Electrical Waste,19.1,True
5,2025-03-19,Packaging Waste,27.01,False
1,2025-03-20,Metal Scrap,11.8,True
1,2025-03-20,Plastic Waste,5.8,True
1,2025-03-20,Electrical Waste,2.85,True
1,2025-03-20,Packaging Waste,4.0,False
2,2025-03-20,Metal Scrap,0.54,True
2,2025-03-20,Plastic Waste,0.25,True
2,2025-03-20,Electrical Waste,0.13,True
2,2025-03-20,Packaging Waste,0.19,False
3,2025-03-20,Metal Scrap,23.76,True
3,2025-03-20,Plastic Waste,11.78,True
3,2025-03-20,Electrical Waste,5.34,True
3,2025-03-20,Packaging Waste,8.26,False
4,2025-03-20,Metal Scrap,6.62,True
4,2025-03-20,Plastic Waste,3.31,True
4,2025-03-20,Electrical Waste,1.47,True
4,2025-03-20,Packaging Waste,1.92,False
5,2025-03-20,Metal Scrap,85.67,True
5,2025-03-20,Plastic Waste,47.68,True
5,2025-03-20,Electrical Waste,22.15,True
5,2025-03-20,Packaging Waste,31.25,False
1,2025-03-21,Metal Scrap,9.96,True
1,2025-03-21,Plastic Waste,5.95,True
1,2025-03-21,Electrical Waste,2.65,True
1,2025-03-21,Packaging Waste,3.55,False
2,2025-03-21,Metal Scrap,0.53,True
2,2025-03-21,Plastic Waste,0.25,True
2,2025-03-21,Electrical Waste,0.12,True
2,2025-03-21,Packaging Waste,0.16,False
3,2025-03-21,Metal Scrap,23.15,True
3,2025-03-21,Plastic Waste,13.13,True
3,2025-03-21,Electrical Waste,5.06,True
3,2025-03-21,Packaging Waste,7.96,False
4,2025-03-21,Metal Scrap,5.0,True
4,2025-03-21,Plastic Waste,2.4,True
4,2025-03-21,Electrical Waste,1.07,True
4,2025-03-21,Packaging Waste,1.77,False
5,2025-03-21,Metal Scrap,71.01,True
5,2025-03-21,Plastic Waste,42.37,True
5,2025-03-21,Electrical Waste,16.71,True
5,2025-03-21,Packaging Waste,23.28,False
1,2025-03-22,Metal Scrap,4.47,True
1,2025-03-22,Plastic Waste,2.26,True
1,2025-03-22,Electrical Waste,0.97,True
1,2025-03-22,Packaging Waste,1.49,False
2,2025-03-22,Metal Scrap,0.2,True
2,2025-03-22,Plastic Waste,0.11,True
2,2025-03-22,Electrical Waste,0.05,True
2,2025-03-22,Packaging Waste,0.08,False
3,2025-03-22,Metal Scrap,7.12,True
3,2025-03-22,Plastic Waste,4.11,True
3,2025-03-22,Electrical Waste,1.73,True
3,2025-03-22,Packaging Waste,2.37,False
4,2025-03-22,Metal Scrap,2.06,True
4,2025-03-22,Plastic Waste,1.1,True
4,2025-03-22,Electrical Waste,0.55,True
4,2025-03-22,Packaging Waste,0.78,False
5,2025-03-22,Metal Scrap,25.84,True
5,2025-03-22,Plastic Waste,12.78,True
5,2025-03-22,Electrical Waste,5.21,True
5,2025-03-22,Packaging Waste,8.12,False
1,2025-03-24,Metal Scrap,9.31,True
1,2025-03-24,Plastic Waste,4.54,True
1,2025-03-24,Electrical Waste,2.18,True
1,2025-03-24,Packaging Waste,3.52,False
2,2025-03-24,Metal Scrap,0.38,True
2,2025-03-24,Plastic Waste,0.18,True
2,2025-03-24,Electrical Waste,0.1,True
2,2025-03-24,Packaging Waste,0.14,False
3,2025-03-24,Metal Scrap,24.45,True
3,2025-03-24,Plastic Waste,13.96,True
3,2025-03-24,Electrical Waste,5.87,True
3,2025-03-24,Packaging Waste,8.62,False
4,2025-03-24,Metal Scrap,5.9,True
4,2025-03-24,Plastic Waste,3.15,True
4,2025-03-24,Electrical Waste,1.3,True
4,2025-03-24,Packaging Waste,2.02,False
5,2025-03-24,Metal Scrap,87.5,True
5,2025-03-24,Plastic Waste,39.96,True
5,2025-03-24,Electrical Waste,21.2,True
5,2025-03-24,Packaging Waste,26.53,False
1,2025-03-25,Metal Scrap,11.5,True
1,2025-03-25,Plastic Waste,5.89,True
1,2025-03-25,Electrical Waste,2.87,True
1,2025-03-25,Packaging Waste,3.97,False
2,2025-03-25,Metal Scrap,0.38,True
2,2025-03-25,Plastic Waste,0.2,True
2,2025-03-25,Electrical Waste,0.09,True
2,2025-03-25,Packaging Waste,0.15,False
3,2025-03-25,Metal Scrap,20.46,True
3,2025-03-25,Plastic Waste,10.0,True
3,2025-03-25,Electrical Waste,5.2,True
3,2025-03-25,Packaging Waste,7.15,False
4,2025-03-25,Metal Scrap,6.26,True
4,2025-03-25,Plastic Waste,3.16,True
4,2025-03-25,Electrical Waste,1.44,True
4,2025-03-25,Packaging Waste,2.15,False
5,2025-03-25,Metal Scrap,65.15,True
5,2025-03-25,Plastic Waste,31.51,True
5,2025-03-25,Electrical Waste,15.55,True
5,2025-03-25,Packaging Waste,24.56,False
1,2025-03-26,Metal Scrap,11.0,True
1,2025-03-26,Plastic Waste,6.39,True
1,2025-03-26,Electrical Waste,2.67,True
1,2025-03-26,Packaging Waste,4.19,False
2,2025-03-26,Metal Scrap,0.58,True
2,2025-03-26,Plastic Waste,0.31,True
2,2025-03-26,Electrical Waste,0.12,True
2,2025-03-26,Packaging Waste,0.2,False
3,2025-03-26,Metal Scrap,26.57,True
3,2025-03-26,Plastic Waste,13.21,True
3,2025-03-26,Electrical Waste,5.57,True
3,2025-03-26,Packaging Waste,8.63,False
4,2025-03-26,Metal Scrap,6.4,True
4,2025-03-26,Plastic Waste,3.94,True
4,2025-03-26,Electrical Waste,1.62,True
4,2025-03-26,Packaging Waste,2.65,False
5,2025-03-26,Metal Scrap,72.78,True
5,2025-03-26,Plastic Waste,35.28,True
5,2025-03-26,Electrical Waste,17.33,True
5,2025-03-26,Packaging Waste,23.21,False
1,2025-03-27,Metal Scrap,10.95,True
1,2025-03-27,Plastic Waste,6.12,True
1,2025-03-27,Electrical Waste,2.76,True
1,2025-03-27,Packaging Waste,3.73,False
2,2025-03-27,Metal Scrap,0.44,True
2,2025-03-27,Plastic Waste,0.24,True
2,2025-03-27,Electrical Waste,0.12,True
2,2025-03-27,Packaging Waste,0.17,False
3,2025-03-27,Metal Scrap,24.34,True
3,2025-03-27,Plastic Waste,11.34,True
3,2025-03-27,Electrical Waste,5.65,True
3,2025-03-27,Packaging Waste,7.73,False
4,2025-03-27,Metal Scrap,4.85,True
4,2025-03-27,Plastic Waste,2.71,True
4,2025-03-27,Electrical Waste,1.11,True
4,2025-03-27,Packaging Waste,1.76,False
5,2025-03-27,Metal Scrap,69.55,True
5,2025-03-27,Plastic Waste,31.33,True
5,2025-03-27,Electrical Waste,15.52,True
5,2025-03-27,Packaging Waste,24.28,False
1,2025-03-28,Metal Scrap,11.83,True
1,2025-03-28,Plastic Waste,5.81,True
1,2025-03-28,Electrical Waste,2.45,True
1,2025-03-28,Packaging Waste,4.15,False
2,2025-03-28,Metal Scrap,0.51,True
2,2025-03-28,Plastic Waste,0.28,True
2,2025-03-28,Electrical Waste,0.12,True
2,2025-03-28,Packaging Waste,0.19,False
3,2025-03-28,Metal Scrap,21.14,True
3,2025-03-28,Plastic Waste,10.18,True
3,2025-03-28,Electrical Waste,5.35,True
3,2025-03-28,Packaging Waste,7.25,False
4,2025-03-28,Metal Scrap,6.58,True
4,2025-03-28,Plastic Waste,2.94,True
4,2025-03-28,Electrical Waste,1.5,True
4,2025-03-28,Packaging Waste,2.24,False
5,2025-03-28,Metal Scrap,78.47,True
5,2025-03-28,Plastic Waste,45.32,True
5,2025-03-28,Electrical Waste,19.07,True
5,2025-03-28,Packaging Waste,31.18,False
1,2025-03-29,Metal Scrap,3.26,True
1,2025-03-29,Plastic Waste,1.77,True
1,2025-03-29,Electrical Waste,0.67,True
1,2025-03-29,Packaging Waste,1.1,False
2,2025-03-29,Metal Scrap,0.21,True
2,2025-03-29,Plastic Waste,0.09,True
2,2025-03-29,Electrical Waste,0.04,True
2,2025-03-29,Packaging Waste,0.07,False
3,2025-03-29,Metal Scrap,8.07,True
3,2025-03-29,Plastic Waste,4.16,True
3,2025-03-29,Electrical Waste,1.92,True
3,2025-03-29,Packaging Waste,2.9,False
4,2025-03-29,Metal Scrap,1.98,True
4,2025-03-29,Plastic Waste,1.07,True
4,2025-03-29,Electrical Waste,0.43,True
4,2025-03-29,Packaging Waste,0.69,False
5,2025-03-29,Metal Scrap,23.25,True
5,2025-03-29,Plastic Waste,11.85,True
5,2025-03-29,Electrical Waste,5.13,True
5,2025-03-29,Packaging Waste,8.09,False
1,2025-03-31,Metal Scrap,12.33,True
1,2025-03-31,Plastic Waste,6.16,True
1,2025-03-31,Electrical Waste,3.11,True
1,2025-03-31,Packaging Waste,4.45,False
2,2025-03-31,Metal Scrap,0.41,True
2,2025-03-31,Plastic Waste,0.22,True
2,2025-03-31,Electrical Waste,0.09,True
2,2025-03-31,Packaging Waste,0.14,False
3,2025-03-31,Metal Scrap,23.42,True
3,2025-03-31,Plastic Waste,13.39,True
3,2025-03-31,Electrical Waste,5.18,True
3,2025-03-31,Packaging Waste,8.79,False
4,2025-03-31,Metal Scrap,6.41,True
4,2025-03-31,Plastic Waste,3.05,True
4,2025-03-31,Electrical Waste,1.57,True
4,2025-03-31,Packaging Waste,2.18,False
5,2025-03-31,Metal Scrap,86.84,True
5,2025-03-31,Plastic Waste,40.91,True
5,2025-03-31,Electrical Waste,16.87,True
5,2025-03-31,Packaging Waste,28.58,False
1,2025-04-01,Metal Scrap,9.88,True
1,2025-04-01,Plastic Waste,4.58,True
1,2025-04-01,Electrical Waste,2.05,True
1,2025-04-01,Packaging Waste,2.89,False
2,2025-04-01,Metal Scrap,0.42,True
2,2025-04-01,Plastic Waste,0.23,True
2,2025-04-01,Electrical Waste,0.1,True
2,2025-04-01,Packaging Waste,0.15,False
3,2025-04-01,Metal Scrap,25.78,True
3,2025-04-01,Plastic Waste,12.55,True
3,2025-04-01,Electrical Waste,5.75,True
3,2025-04-01,Packaging Waste,8.16,False
4,2025-04-01,Metal Scrap,5.22,True
4,2025-04-01,Plastic Waste,2.73,True
4,2025-04-01,Electrical Waste,1.2,True
4,2025-04-01,Packaging Waste,2.05,False
5,2025-04-01,Metal Scrap,66.16,True
5,2025-04-01,Plastic Waste,37.99,True
5,2025-04-01,Electrical Waste,16.27,True
5,2025-04-01,Packaging Waste,26.58,False
1,2025-04-02,Metal Scrap,11.88,True
1,2025-04-02,Plastic Waste,6.18,True
1,2025-04-02,Electrical Waste,2.47,True
1,2025-04-02,Packaging Waste,3.88,False
2,2025-04-02,Metal Scrap,0.49,True
2,2025-04-02,Plastic Waste,0.24,True
2,2025-04-02,Electrical Waste,0.1,True
2,2025-04-02,Packaging Waste,0.16,False
3,2025-04-02,Metal Scrap,21.93,True
3,2025-04-02,Plastic Waste,9.69,True
3,2025-04-02,Electrical Waste,5.15,True
3,2025-04-02,Packaging Waste,7.26,False
4,2025-04-02,Metal Scrap,6.22,True
4,2025-04-02,Plastic Waste,3.35,True
4,2025-04-02,Electrical Waste,1.39,True
4,2025-04-02,Packaging Waste,2.32,False
5,2025-04-02,Metal Scrap,62.72,True
5,2025-04-02,Plastic Waste,31.4,True
5,2025-04-02,Electrical Waste,12.71,True
5,2025-04-02,Packaging Waste,22.26,False
1,2025-04-03,Metal Scrap,10.29,True
1,2025-04-03,Plastic Waste,5.8,True
1,2025-04-03,Electrical Waste,2.17,True
1,2025-04-03,Packaging Waste,3.31,False
2,2025-04-03,Metal Scrap,0.61,True
2,2025-04-03,Plastic Waste,0.31,True
2,2025-04-03,Electrical Waste,0.14,True
2,2025-04-03,Packaging Waste,0.23,False
3,2025-04-03,Metal Scrap,27.31,True
3,2025-04-03,Plastic Waste,15.77,True
3,2025-04-03,Electrical Waste,6.95,True
3,2025-04-03,Packaging Waste,10.33,False
4,2025-04-03,Metal Scrap,6.19,True
4,2025-04-03,Plastic Waste,3.44,True
4,2025-04-03,Electrical Waste,1.5,True
4,2025-04-03,Packaging Waste,2.07,False
5,2025-04-03,Metal Scrap,85.77,True
5,2025-04-03,Plastic Waste,46.23,True
5,2025-04-03,Electrical Waste,20.42,True
5,2025-04-03,Packaging Waste,28.59,False
1,2025-04-04,Metal Scrap,10.89,True
1,2025-04-04,Plastic Waste,4.79,True
1,2025-04-04,Electrical Waste,2.36,True
1,2025-04-04,Packaging Waste,3.58,False
2,2025-04-04,Metal Scrap,0.67,True
2,2025-04-04,Plastic Waste,0.36,True
2,2025-04-04,Electrical Waste,0.15,True
2,2025-04-04,Packaging Waste,0.24,False
3,2025-04-04,Metal Scrap,24.3,True
3,2025-04-04,Plastic Waste,12.55,True
3,2025-04-04,Electrical Waste,6.31,True
3,2025-04-04,Packaging Waste,9.34,False
4,2025-04-04,Metal Scrap,5.52,True
4,2025-04-04,Plastic Waste,2.9,True
4,2025-04-04,Electrical Waste,1.2,True
4,2025-04-04,Packaging Waste,1.89,False
5,2025-04-04,Metal Scrap,74.98,True
5,2025-04-04,Plastic Waste,39.56,True
5,2025-04-04,Electrical Waste,16.42,True
5,2025-04-04,Packaging Waste,28.07,False
1,2025-04-05,Metal Scrap,3.7,True
1,2025-04-05,Plastic Waste,2.03,True
1,2025-04-05,Electrical Waste,0.88,True
1,2025-04-05,Packaging Waste,1.22,False
2,2025-04-05,Metal Scrap,0.16,True
2,2025-04-05,Plastic Waste,0.08,True
2,2025-04-05,Electrical Waste,0.04,True
2,2025-04-05,Packaging Waste,0.06,False
3,2025-04-05,Metal Scrap,9.26,True
3,2025-04-05,Plastic Waste,5.17,True
3,2025-04-05,Electrical Waste,2.16,True
3,2025-04-05,Packaging Waste,3.52,False
4,2025-04-05,Metal Scrap,1.75,True
4,2025-04-05,Plastic Waste,0.92,True
4,2025-04-05,Electrical Waste,0.42,True
4,2025-04-05,Packaging Waste,0.53,False
5,2025-04-05,Metal Scrap,22.58,True
5,2025-04-05,Plastic Waste,12.07,True
5,2025-04-05,Electrical Waste,5.11,True
5,2025-04-05,Packaging Waste,7.9,False
1,2025-04-07,Metal Scrap,9.01,True
1,2025-04-07,Plastic Waste,4.61,True
1,2025-04-07,Electrical Waste,1.99,True
1,2025-04-07,Packaging Waste,3.1,False
2,2025-04-07,Metal Scrap,0.55,True
2,2025-04-07,Plastic Waste,0.3,True
2,2025-04-07,Electrical Waste,0.12,True
2,2025-04-07,Packaging Waste,0.21,False
3,2025-04-07,Metal Scrap,21.49,True
3,2025-04-07,Plastic Waste,11.45,True
3,2025-04-07,Electrical Waste,5.35,True
3,2025-04-07,Packaging Waste,7.61,False
4,2025-04-07,Metal Scrap,6.54,True
4,2025-04-07,Plastic Waste,3.2,True
4,2025-04-07,Electrical Waste,1.43,True
4,2025-04-07,Packaging Waste,2.13,False
5,2025-04-07,Metal Scrap,75.65,True
5,2025-04-07,Plastic Waste,36.6,True
5,2025-04-07,Electrical Waste,19.58,True
5,2025-04-07,Packaging Waste,27.0,False
1,2025-04-08,Metal Scrap,13.39,True
1,2025-04-08,Plastic Waste,5.94,True
1,2025-04-08,Electrical Waste,2.72,True
1,2025-04-08,Packaging Waste,3.82,False
2,2025-04-08,Metal Scrap,0.51,True
2,2025-04-08,Plastic Waste,0.28,True
2,2025-04-08,Electrical Waste,0.12,True
2,2025-04-08,Packaging Waste,0.17,False
3,2025-04-08,Metal Scrap,23.35,True
3,2025-04-08,Plastic Waste,12.75,True
3,2025-04-08,Electrical Waste,5.22,True
3,2025-04-08,Packaging Waste,8.55,False
4,2025-04-08,Metal Scrap,6.15,True
4,2025-04-08,Plastic Waste,3.19,True
4,2025-04-08,Electrical Waste,1.31,True
4,2025-04-08,Packaging Waste,1.98,False
5,2025-04-08,Metal Scrap,77.39,True
5,2025-04-08,Plastic Waste,36.85,True
5,2025-04-08,Electrical Waste,17.63,True
5,2025-04-08,Packaging Waste,23.93,False
1,2025-04-09,Metal Scrap,8.93,True
1,2025-04-09,Plastic Waste,4.83,True
1,2025-04-09,Electrical Waste,1.95,True
1,2025-04-09,Packaging Waste,3.36,False
2,2025-04-09,Metal Scrap,0.31,True
2,2025-04-09,Plastic Waste,0.14,True
2,2025-04-09,Electrical Waste,0.07,True
2,2025-04-09,Packaging Waste,0.1,False
3,2025-04-09,Metal Scrap,23.77,True
3,2025-04-09,Plastic Waste,11.17,True
3,2025-04-09,Electrical Waste,5.58,True
3,2025-04-09,Packaging Waste,8.09,False
4,2025-04-09,Metal Scrap,5.91,True
4,2025-04-09,Plastic Waste,3.24,True
4,2025-04-09,Electrical Waste,1.44,True
4,2025-04-09,Packaging Waste,1.96,False
5,2025-04-09,Metal Scrap,66.68,True
5,2025-04-09,Plastic Waste,35.74,True
5,2025-04-09,Electrical Waste,16.35,True
5,2025-04-09,Packaging Waste,24.44,False
1,2025-04-10,Metal Scrap,12.05,True
1,2025-04-10,Plastic Waste,6.08,True
1,2025-04-10,Electrical Waste,2.6,True
1,2025-04-10,Packaging Waste,4.14,False
2,2025-04-10,Metal Scrap,0.5,True
2,2025-04-10,Plastic Waste,0.3,True
2,2025-04-10,Electrical Waste,0.13,True
2,2025-04-10,Packaging Waste,0.18,False
3,2025-04-10,Metal Scrap,24.88,True
3,2025-04-10,Plastic Waste,14.09,True
3,2025-04-10,Electrical Waste,5.92,True
3,2025-04-10,Packaging Waste,9.19,False
4,2025-04-10,Metal Scrap,6.77,True
4,2025-04-10,Plastic Waste,3.85,True
4,2025-04-10,Electrical Waste,1.57,True
4,2025-04-10,Packaging Waste,2.5,False
5,2025-04-10,Metal Scrap,77.75,True
5,2025-04-10,Plastic Waste,37.09,True
5,2025-04-10,Electrical Waste,17.18,True
5,2025-04-10,Packaging Waste,25.42,False
1,2025-04-11,Metal Scrap,9.55,True
1,2025-04-11,Plastic Waste,4.29,True
1,2025-04-11,Electrical Waste,2.09,True
1,2025-04-11,Packaging Waste,3.45,False
2,2025-04-11,Metal Scrap,0.57,True
2,2025-04-11,Plastic Waste,0.29,True
2,2025-04-11,Electrical Waste,0.12,True
2,2025-04-11,Packaging Waste,0.19,False
3,2025-04-11,Metal Scrap,20.67,True
3,2025-04-11,Plastic Waste,9.77,True
3,2025-04-11,Electrical Waste,4.77,True
3,2025-04-11,Packaging Waste,7.14,False
4,2025-04-11,Metal Scrap,5.29,True
4,2025-04-11,Plastic Waste,2.37,True
4,2025-04-11,Electrical Waste,1.17,True
4,2025-04-11,Packaging Waste,1.54,False
5,2025-04-11,Metal Scrap,95.6,True
5,2025-04-11,Plastic Waste,41.6,True
5,2025-04-11,Electrical Waste,18.12,True
5,2025-04-11,Packaging Waste,28.96,False
1,2025-04-12,Metal Scrap,3.3,True
1,2025-04-12,Plastic Waste,1.89,True
1,2025-04-12,Electrical Waste,0.8,True
1,2025-04-12,Packaging Waste,1.28,False
2,2025-04-12,Metal Scrap,0.23,True
2,2025-04-12,Plastic Waste,0.12,True
2,2025-04-12,Electrical Waste,0.05,True
2,2025-04-12,Packaging Waste,0.07,False
3,2025-04-12,Metal Scrap,8.7,True
3,2025-04-12,Plastic Waste,4.54,True
3,2025-04-12,Electrical Waste,2.07,True
3,2025-04-12,Packaging Waste,3.32,False
4,2025-04-12,Metal Scrap,2.25,True
4,2025-04-12,Plastic Waste,1.11,True
4,2025-04-12,Electrical Waste,0.48,True
4,2025-04-12,Packaging Waste,0.83,False
5,2025-04-12,Metal Scrap,30.24,True
5,2025-04-12,Plastic Waste,15.59,True
5,2025-04-12,Electrical Waste,7.52,True
5,2025-04-12,Packaging Waste,11.18,False
1,2025-04-14,Metal Scrap,11.7,True
1,2025-04-14,Plastic Waste,6.08,True
1,2025-04-14,Electrical Waste,2.66,True
1,2025-04-14,Packaging Waste,3.66,False
2,2025-04-14,Metal Scrap,0.34,True
2,2025-04-14,Plastic Waste,0.19,True
2,2025-04-14,Electrical Waste,0.08,True
2,2025-04-14,Packaging Waste,0.13,False
3,2025-04-14,Metal Scrap,24.34,True
3,2025-04-14,Plastic Waste,12.5,True
3,2025-04-14,Electrical Waste,5.46,True
3,2025-04-14,Packaging Waste,9.06,False
4,2025-04-14,Metal Scrap,7.11,True
4,2025-04-14,Plastic Waste,3.68,True
4,2025-04-14,Electrical Waste,1.83,True
4,2025-04-14,Packaging Waste,2.68,False
5,2025-04-14,Metal Scrap,73.54,True
5,2025-04-14,Plastic Waste,36.62,True
5,2025-04-14,Electrical Waste,18.23,True
5,2025-04-14,Packaging Waste,25.77,False
1,2025-04-15,Metal Scrap,12.7,True
1,2025-04-15,Plastic Waste,6.34,True
1,2025-04-15,Electrical Waste,2.89,True
1,2025-04-15,Packaging Waste,4.21,False
2,2025-04-15,Metal Scrap,0.68,True
2,2025-04-15,Plastic Waste,0.35,True
2,2025-04-15,Electrical Waste,0.17,True
2,2025-04-15,Packaging Waste,0.24,False
3,2025-04-15,Metal Scrap,22.42,True
3,2025-04-15,Plastic Waste,11.09,True
3,2025-04-15,Electrical Waste,5.16,True
3,2025-04-15,Packaging Waste,7.31,False
4,2025-04-15,Metal Scrap,5.36,True
4,2025-04-15,Plastic Waste,2.97,True
4,2025-04-15,Electrical Waste,1.26,True
4,2025-04-15,Packaging Waste,1.69,False
5,2025-04-15,Metal Scrap,69.74,True
5,2025-04-15,Plastic Waste,35.67,True
5,2025-04-15,Electrical Waste,14.78,True
5,2025-04-15,Packaging Waste,24.17,False
1,2025-04-16,Metal Scrap,11.45,True
1,2025-04-16,Plastic Waste,6.01,True
1,2025-04-16,Electrical Waste,2.37,True
1,2025-04-16,Packaging Waste,3.83,False
2,2025-04-16,Metal Scrap,0.65,True
2,2025-04-16,Plastic Waste,0.3,True
2,2025-04-16,Electrical Waste,0.15,True
2,2025-04-16,Packaging Waste,0.19,False
3,2025-04-16,Metal Scrap,24.73,True
3,2025-04-16,Plastic Waste,13.67,True
3,2025-04-16,Electrical Waste,5.49,True
3,2025-04-16,Packaging Waste,9.13,False
4,2025-04-16,Metal Scrap,7.44,True
4,2025-04-16,Plastic Waste,3.54,True
4,2025-04-16,Electrical Waste,1.49,True
4,2025-04-16,Packaging Waste,2.59,False
5,2025-04-16,Metal Scrap,66.82,True
5,2025-04-16,Plastic Waste,36.68,True
5,2025-04-16,Electrical Waste,17.13,True
5,2025-04-16,Packaging Waste,21.81,False
1,2025-04-17,Metal Scrap,10.58,True
1,2025-04-17,Plastic Waste,5.4,True
1,2025-04-17,Electrical Waste,2.49,True
1,2025-04-17,Packaging Waste,3.89,False
2,2025-04-17,Metal Scrap,0.61,True
2,2025-04-17,Plastic Waste,0.27,True
2,2025-04-17,Electrical Waste,0.14,True
2,2025-04-17,Packaging Waste,0.18,False
3,2025-04-17,Metal Scrap,32.88,True
3,2025-04-17,Plastic Waste,17.15,True
3,2025-04-17,Electrical Waste,6.79,True
3,2025-04-17,Packaging Waste,10.39,False
4,2025-04-17,Metal Scrap,5.21,True
4,2025-04-17,Plastic Waste,2.69,True
4,2025-04-17,Electrical Waste,1.19,True
4,2025-04-17,Packaging Waste,1.77,False
5,2025-04-17,Metal Scrap,66.44,True
5,2025-04-17,Plastic Waste,38.4,True
5,2025-04-17,Electrical Waste,15.52,True
5,2025-04-17,Packaging Waste,27.7,False
1,2025-04-18,Metal Scrap,8.84,True
1,2025-04-18,Plastic Waste,5.22,True
1,2025-04-18,Electrical Waste,2.13,True
1,2025-04-18,Packaging Waste,3.16,False
2,2025-04-18,Metal Scrap,0.65,True
2,2025-04-18,Plastic Waste,0.33,True
2,2025-04-18,Electrical Waste,0.14,True
2,2025-04-18,Packaging Waste,0.19,False
3,2025-04-18,Metal Scrap,17.51,True
3,2025-04-18,Plastic Waste,9.1,True
3,2025-04-18,Electrical Waste,4.3,True
3,2025-04-18,Packaging Waste,6.19,False
4,2025-04-18,Metal Scrap,5.77,True
4,2025-04-18,Plastic Waste,3.31,True
4,2025-04-18,Electrical Waste,1.49,True
4,2025-04-18,Packaging Waste,2.14,False
5,2025-04-18,Metal Scrap,67.17,True
5,2025-04-18,Plastic Waste,30.72,True
5,2025-04-18,Electrical Waste,15.64,True
5,2025-04-18,Packaging Waste,23.64,False
1,2025-04-19,Metal Scrap,3.45,True
1,2025-04-19,Plastic Waste,1.67,True
1,2025-04-19,Electrical Waste,0.68,True
1,2025-04-19,Packaging Waste,1.15,False
2,2025-04-19,Metal Scrap,0.2,True
2,2025-04-19,Plastic Waste,0.1,True
2,2025-04-19,Electrical Waste,0.05,True
2,2025-04-19,Packaging Waste,0.07,False
3,2025-04-19,Metal Scrap,7.1,True
3,2025-04-19,Plastic Waste,3.63,True
3,2025-04-19,Electrical Waste,1.79,True
3,2025-04-19,Packaging Waste,2.79,False
4,2025-04-19,Metal Scrap,2.07,True
4,2025-04-19,Plastic Waste,1.16,True
4,2025-04-19,Electrical Waste,0.44,True
4,2025-04-19,Packaging Waste,0.76,False
5,2025-04-19,Metal Scrap,25.94,True
5,2025-04-19,Plastic Waste,11.72,True
5,2025-04-19,Electrical Waste,5.27,True
5,2025-04-19,Packaging Waste,8.23,False
1,2025-04-21,Metal Scrap,10.06,True
1,2025-04-21,Plastic Waste,5.28,True
1,2025-04-21,Electrical Waste,2.53,True
1,2025-04-21,Packaging Waste,3.66,False
2,2025-04-21,Metal Scrap,0.46,True
2,2025-04-21,Plastic Waste,0.23,True
2,2025-04-21,Electrical Waste,0.12,True
2,2025-04-21,Packaging Waste,0.16,False
3,2025-04-21,Metal Scrap,24.1,True
3,2025-04-21,Plastic Waste,11.44,True
3,2025-04-21,Electrical Waste,4.99,True
3,2025-04-21,Packaging Waste,7.52,False
4,2025-04-21,Metal Scrap,7.61,True
4,2025-04-21,Plastic Waste,3.81,True
4,2025-04-21,Electrical Waste,1.63,True
4,2025-04-21,Packaging Waste,2.51,False
5,2025-04-21,Metal Scrap,74.37,True
5,2025-04-21,Plastic Waste,38.76,True
5,2025-04-21,Electrical Waste,17.66,True
5,2025-04-21,Packaging Waste,24.2,False
1,2025-04-22,Metal Scrap,8.61,True
1,2025-04-22,Plastic Waste,4.9,True
1,2025-04-22,Electrical Waste,2.23,True
1,2025-04-22,Packaging Waste,2.85,False
2,2025-04-22,Metal Scrap,0.65,True
2,2025-04-22,Plastic Waste,0.35,True
2,2025-04-22,Electrical Waste,0.14,True
2,2025-04-22,Packaging Waste,0.23,False
3,2025-04-22,Metal Scrap,24.2,True
3,2025-04-22,Plastic Waste,13.77,True
3,2025-04-22,Electrical Waste,6.07,True
3,2025-04-22,Packaging Waste,9.23,False
4,2025-04-22,Metal Scrap,4.08,True
4,2025-04-22,Plastic Waste,2.18,True
4,2025-04-22,Electrical Waste,1.01,True
4,2025-04-22,Packaging Waste,1.39,False
5,2025-04-22,Metal Scrap,73.52,True
5,2025-04-22,Plastic Waste,40.84,True
5,2025-04-22,Electrical Waste,16.4,True
5,2025-04-22,Packaging Waste,26.84,False
1,2025-04-23,Metal Scrap,11.67,True
1,2025-04-23,Plastic Waste,5.6,True
1,2025-04-23,Electrical Waste,2.52,True
1,2025-04-23,Packaging Waste,3.74,False
2,2025-04-23,Metal Scrap,0.57,True
2,2025-04-23,Plastic Waste,0.32,True
2,2025-04-23,Electrical Waste,0.15,True
2,2025-04-23,Packaging Waste,0.22,False
3,2025-04-23,Metal Scrap,23.3,True
3,2025-04-23,Plastic Waste,13.01,True
3,2025-04-23,Electrical Waste,5.71,True
3,2025-04-23,Packaging Waste,8.29,False
4,2025-04-23,Metal Scrap,6.35,True
4,2025-04-23,Plastic Waste,3.48,True
4,2025-04-23,Electrical Waste,1.46,True
4,2025-04-23,Packaging Waste,2.63,False
5,2025-04-23,Metal Scrap,78.66,True
5,2025-04-23,Plastic Waste,34.01,True
5,2025-04-23,Electrical Waste,17.98,True
5,2025-04-23,Packaging Waste,22.49,False
1,2025-04-24,Metal Scrap,12.1,True
1,2025-04-24,Plastic Waste,6.68,True
1,2025-04-24,Electrical Waste,2.97,True
1,2025-04-24,Packaging Waste,4.63,False
2,2025-04-24,Metal Scrap,0.61,True
2,2025-04-24,Plastic Waste,0.3,True
2,2025-04-24,Electrical Waste,0.15,True
2,2025-04-24,Packaging Waste,0.2,False
3,2025-04-24,Metal Scrap,27.66,True
3,2025-04-24,Plastic Waste,14.32,True
3,2025-04-24,Electrical Waste,5.74,True
3,2025-04-24,Packaging Waste,9.15,False
4,2025-04-24,Metal Scrap,5.39,True
4,2025-04-24,Plastic Waste,2.71,True
4,2025-04-24,Electrical Waste,1.23,True
4,2025-04-24,Packaging Waste,1.74,False
5,2025-04-24,Metal Scrap,77.85,True
5,2025-04-24,Plastic Waste,43.11,True
5,2025-04-24,Electrical Waste,19.13,True
5,2025-04-24,Packaging Waste,29.83,False
1,2025-04-25,Metal Scrap,11.01,True
1,2025-04-25,Plastic Waste,5.4,True
1,2025-04-25,Electrical Waste,2.41,True
1,2025-04-25,Packaging Waste,3.83,False
2,2025-04-25,Metal Scrap,0.4,True
2,2025-04-25,Plastic Waste,0.2,True
2,2025-04-25,Electrical Waste,0.09,True
2,2025-04-25,Packaging Waste,0.14,False
3,2025-04-25,Metal Scrap,27.38,True
3,2025-04-25,Plastic Waste,14.37,True
3,2025-04-25,Electrical Waste,6.3,True
3,2025-04-25,Packaging Waste,10.75,False
4,2025-04-25,Metal Scrap,6.71,True
4,2025-04-25,Plastic Waste,3.04,True
4,2025-04-25,Electrical Waste,1.56,True
4,2025-04-25,Packaging Waste,2.16,False
5,2025-04-25,Metal Scrap,85.55,True
5,2025-04-25,Plastic Waste,44.98,True
5,2025-04-25,Electrical Waste,16.77,True
5,2025-04-25,Packaging Waste,26.21,False
1,2025-04-26,Metal Scrap,4.1,True
1,2025-04-26,Plastic Waste,2.08,True
1,2025-04-26,Electrical Waste,1.04,True
1,2025-04-26,Packaging Waste,1.59,False
2,2025-04-26,Metal Scrap,0.18,True
2,2025-04-26,Plastic Waste,0.11,True
2,2025-04-26,Electrical Waste,0.04,True
2,2025-04-26,Packaging Waste,0.06,False
3,2025-04-26,Metal Scrap,6.47,True
3,2025-04-26,Plastic Waste,3.79,True
3,2025-04-26,Electrical Waste,1.43,True
3,2025-04-26,Packaging Waste,2.35,False
4,2025-04-26,Metal Scrap,2.16,True
4,2025-04-26,Plastic Waste,1.23,True
4,2025-04-26,Electrical Waste,0.54,True
4,2025-04-26,Packaging Waste,0.74,False
5,2025-04-26,Metal Scrap,26.95,True
5,2025-04-26,Plastic Waste,14.06,True
5,2025-04-26,Electrical Waste,5.83,True
5,2025-04-26,Packaging Waste,8.7,False
1,2025-04-28,Metal Scrap,11.38,True
1,2025-04-28,Plastic Waste,6.5,True
1,2025-04-28,Electrical Waste,2.64,True
1,2025-04-28,Packaging Waste,4.03,False
2,2025-04-28,Metal Scrap,0.46,True
2,2025-04-28,Plastic Waste,0.28,True
2,2025-04-28,Electrical Waste,0.12,True
2,2025-04-28,Packaging Waste,0.19,False
3,2025-04-28,Metal Scrap,29.41,True
3,2025-04-28,Plastic Waste,14.54,True
3,2025-04-28,Electrical Waste,6.55,True
3,2025-04-28,Packaging Waste,10.76,False
4,2025-04-28,Metal Scrap,5.86,True
4,2025-04-28,Plastic Waste,2.87,True
4,2025-04-28,Electrical Waste,1.3,True
4,2025-04-28,Packaging Waste,1.78,False
5,2025-04-28,Metal Scrap,80.12,True
5,2025-04-28,Plastic Waste,38.96,True
5,2025-04-28,Electrical Waste,18.16,True
5,2025-04-28,Packaging Waste,29.36,False
1,2025-04-29,Metal Scrap,11.14,True
1,2025-04-29,Plastic Waste,6.16,True
1,2025-04-29,Electrical Waste,2.46,True
1,2025-04-29,Packaging Waste,4.0,False
2,2025-04-29,Metal Scrap,0.69,True
2,2025-04-29,Plastic Waste,0.36,True
2,2025-04-29,Electrical Waste,0.15,True
2,2025-04-29,Packaging Waste,0.25,False
3,2025-04-29,Metal Scrap,23.87,True
3,2025-04-29,Plastic Waste,11.25,True
3,2025-04-29,Electrical Waste,5.12,True
3,2025-04-29,Packaging Waste,7.61,False
4,2025-04-29,Metal Scrap,5.54,True
4,2025-04-29,Plastic Waste,3.0,True
4,2025-04-29,Electrical Waste,1.32,True
4,2025-04-29,Packaging Waste,1.7,False
5,2025-04-29,Metal Scrap,77.37,True
5,2025-04-29,Plastic Waste,35.72,True
5,2025-04-29,Electrical Waste,16.14,True
5,2025-04-29,Packaging Waste,26.27,False
1,2025-04-30,Metal Scrap,10.68,True
1,2025-04-30,Plastic Waste,5.78,True
1,2025-04-30,Electrical Waste,2.24,True
1,2025-04-30,Packaging Waste,3.78,False
2,2025-04-30,Metal Scrap,0.37,True
2,2025-04-30,Plastic Waste,0.19,True
2,2025-04-30,Electrical Waste,0.08,True
2,2025-04-30,Packaging Waste,0.13,False
3,2025-04-30,Metal Scrap,22.33,True
3,2025-04-30,Plastic Waste,12.97,True
3,2025-04-30,Electrical Waste,4.77,True
3,2025-04-30,Packaging Waste,8.61,False
4,2025-04-30,Metal Scrap,6.07,True
4,2025-04-30,Plastic Waste,2.64,True
4,2025-04-30,Electrical Waste,1.4,True
4,2025-04-30,Packaging Waste,1.9,False
5,2025-04-30,Metal Scrap,69.28,True
5,2025-04-30,Plastic Waste,38.35,True
5,2025-04-30,Electrical Waste,15.71,True
5,2025-04-30,Packaging Waste,27.12,False
1,2025-05-01,Metal Scrap,10.68,True
1,2025-05-01,Plastic Waste,5.74,True
1,2025-05-01,Electrical Waste,2.36,True
1,2025-05-01,Packaging Waste,3.65,False
2,2025-05-01,Metal Scrap,0.29,True
2,2025-05-01,Plastic Waste,0.15,True
2,2025-05-01,Electrical Waste,0.07,True
2,2025-05-01,Packaging Waste,0.1,False
3,2025-05-01,Metal Scrap,19.72,True
3,2025-05-01,Plastic Waste,12.09,True
3,2025-05-01,Electrical Waste,4.87,True
3,2025-05-01,Packaging Waste,7.85,False
4,2025-05-01,Metal Scrap,6.41,True
4,2025-05-01,Plastic Waste,2.97,True
4,2025-05-01,Electrical Waste,1.33,True
4,2025-05-01,Packaging Waste,2.05,False
5,2025-05-01,Metal Scrap,71.5,True
5,2025-05-01,Plastic Waste,36.19,True
5,2025-05-01,Electrical Waste,16.48,True
5,2025-05-01,Packaging Waste,28.22,False
1,2025-05-02,Metal Scrap,9.24,True
1,2025-05-02,Plastic Waste,4.6,True
1,2025-05-02,Electrical Waste,1.94,True
1,2025-05-02,Packaging Waste,3.01,False
2,2025-05-02,Metal Scrap,0.58,True
2,2025-05-02,Plastic Waste,0.33,True
2,2025-05-02,Electrical Waste,0.14,True
2,2025-05-02,Packaging Waste,0.21,False
3,2025-05-02,Metal Scrap,21.92,True
3,2025-05-02,Plastic Waste,10.34,True
3,2025-05-02,Electrical Waste,5.14,True
3,2025-05-02,Packaging Waste,7.92,False
4,2025-05-02,Metal Scrap,4.65,True
4,2025-05-02,Plastic Waste,2.32,True
4,2025-05-02,Electrical Waste,0.97,True
4,2025-05-02,Packaging Waste,1.64,False
5,2025-05-02,Metal Scrap,74.84,True
5,2025-05-02,Plastic Waste,43.03,True
5,2025-05-02,Electrical Waste,18.27,True
5,2025-05-02,Packaging Waste,29.77,False
1,2025-05-03,Metal Scrap,3.73,True
1,2025-05-03,Plastic Waste,1.95,True
1,2025-05-03,Electrical Waste,0.77,True
1,2025-05-03,Packaging Waste,1.15,False
2,2025-05-03,Metal Scrap,0.17,True
2,2025-05-03,Plastic Waste,0.09,True
2,2025-05-03,Electrical Waste,0.04,True
2,2025-05-03,Packaging Waste,0.06,False
3,2025-05-03,Metal Scrap,8.78,True
3,2025-05-03,Plastic Waste,4.91,True
3,2025-05-03,Electrical Waste,1.93,True
3,2025-05-03,Packaging Waste,3.19,False
4,2025-05-03,Metal Scrap,2.02,True
4,2025-05-03,Plastic Waste,1.15,True
4,2025-05-03,Electrical Waste,0.5,True
4,2025-05-03,Packaging Waste,0.78,False
5,2025-05-03,Metal Scrap,28.12,True
5,2025-05-03,Plastic Waste,14.32,True
5,2025-05-03,Electrical Waste,6.2,True
5,2025-05-03,Packaging Waste,9.31,False
1,2025-05-05,Metal Scrap,10.22,True
1,2025-05-05,Plastic Waste,5.89,True
1,2025-05-05,Electrical Waste,2.34,True
1,2025-05-05,Packaging Waste,3.91,False
2,2025-05-05,Metal Scrap,0.51,True
2,2025-05-05,Plastic Waste,0.3,True
2,2025-05-05,Electrical Waste,0.11,True
2,2025-05-05,Packaging Waste,0.2,False
3,2025-05-05,Metal Scrap,30.44,True
3,2025-05-05,Plastic Waste,16.05,True
3,2025-05-05,Electrical Waste,7.27,True
3,2025-05-05,Packaging Waste,9.29,False
4,2025-05-05,Metal Scrap,5.78,True
4,2025-05-05,Plastic Waste,3.0,True
4,2025-05-05,Electrical Waste,1.35,True
4,2025-05-05,Packaging Waste,2.17,False
5,2025-05-05,Metal Scrap,71.88,True
5,2025-05-05,Plastic Waste,33.16,True
5,2025-05-05,Electrical Waste,15.14,True
5,2025-05-05,Packaging Waste,22.6,False
1,2025-05-06,Metal Scrap,10.47,True
1,2025-05-06,Plastic Waste,5.56,True
1,2025-05-06,Electrical Waste,2.68,True
1,2025-05-06,Packaging Waste,3.46,False
2,2025-05-06,Metal Scrap,0.4,True
2,2025-05-06,Plastic Waste,0.21,True
2,2025-05-06,Electrical Waste,0.09,True
2,2025-05-06,Packaging Waste,0.14,False
3,2025-05-06,Metal Scrap,29.12,True
3,2025-05-06,Plastic Waste,13.08,True
3,2025-05-06,Electrical Waste,6.17,True
3,2025-05-06,Packaging Waste,9.59,False
4,2025-05-06,Metal Scrap,5.27,True
4,2025-05-06,Plastic Waste,2.68,True
4,2025-05-06,Electrical Waste,1.24,True
4,2025-05-06,Packaging Waste,1.98,False
5,2025-05-06,Metal Scrap,62.71,True
5,2025-05-06,Plastic Waste,34.54,True
5,2025-05-06,Electrical Waste,14.72,True
5,2025-05-06,Packaging Waste,23.35,False
1,2025-05-07,Metal Scrap,11.48,True
1,2025-05-07,Plastic Waste,6.46,True
1,2025-05-07,Electrical Waste,2.59,True
1,2025-05-07,Packaging Waste,4.04,False
2,2025-05-07,Metal Scrap,0.54,True
2,2025-05-07,Plastic Waste,0.28,True
2,2025-05-07,Electrical Waste,0.12,True
2,2025-05-07,Packaging Waste,0.16,False
3,2025-05-07,Metal Scrap,21.52,True
3,2025-05-07,Plastic Waste,13.13,True
3,2025-05-07,Electrical Waste,5.81,True
3,2025-05-07,Packaging Waste,8.17,False
4,2025-05-07,Metal Scrap,4.94,True
4,2025-05-07,Plastic Waste,3.04,True
4,2025-05-07,Electrical Waste,1.2,True
4,2025-05-07,Packaging Waste,2.04,False
5,2025-05-07,Metal Scrap,91.19,True
5,2025-05-07,Plastic Waste,48.42,True
5,2025-05-07,Electrical Waste,21.36,True
5,2025-05-07,Packaging Waste,30.1,False
1,2025-05-08,Metal Scrap,10.03,True
1,2025-05-08,Plastic Waste,5.25,True
1,2025-05-08,Electrical Waste,2.37,True
1,2025-05-08,Packaging Waste,4.01,False
2,2025-05-08,Metal Scrap,0.55,True
2,2025-05-08,Plastic Waste,0.31,True
2,2025-05-08,Electrical Waste,0.12,True
2,2025-05-08,Packaging Waste,0.2,False
3,2025-05-08,Metal Scrap,21.87,True
3,2025-05-08,Plastic Waste,13.3,True
3,2025-05-08,Electrical Waste,5.63,True
3,2025-05-08,Packaging Waste,8.08,False
4,2025-05-08,Metal Scrap,6.52,True
4,2025-05-08,Plastic Waste,2.79,True
4,2025-05-08,Electrical Waste,1.34,True
4,2025-05-08,Packaging Waste,2.18,False
5,2025-05-08,Metal Scrap,73.31,True
5,2025-05-08,Plastic Waste,41.04,True
5,2025-05-08,Electrical Waste,18.88,True
5,2025-05-08,Packaging Waste,25.43,False
1,2025-05-09,Metal Scrap,13.29,True
1,2025-05-09,Plastic Waste,5.87,True
1,2025-05-09,Electrical Waste,2.75,True
1,2025-05-09,Packaging Waste,4.75,False
2,2025-05-09,Metal Scrap,0.53,True
2,2025-05-09,Plastic Waste,0.27,True
2,2025-05-09,Electrical Waste,0.13,True
2,2025-05-09,Packaging Waste,0.18,False
3,2025-05-09,Metal Scrap,26.04,True
3,2025-05-09,Plastic Waste,13.34,True
3,2025-05-09,Electrical Waste,5.27,True
3,2025-05-09,Packaging Waste,8.82,False
4,2025-05-09,Metal Scrap,5.67,True
4,2025-05-09,Plastic Waste,2.87,True
4,2025-05-09,Electrical Waste,1.12,True
4,2025-05-09,Packaging Waste,1.71,False
5,2025-05-09,Metal Scrap,84.01,True
5,2025-05-09,Plastic Waste,42.56,True
5,2025-05-09,Electrical Waste,19.31,True
5,2025-05-09,Packaging Waste,26.62,False
1,2025-05-10,Metal Scrap,2.92,True
1,2025-05-10,Plastic Waste,1.47,True
1,2025-05-10,Electrical Waste,0.7,True
1,2025-05-10,Packaging Waste,1.06,False
2,2025-05-10,Metal Scrap,0.2,True
2,2025-05-10,Plastic Waste,0.1,True
2,2025-05-10,Electrical Waste,0.05,True
2,2025-05-10,Packaging Waste,0.07,False
3,2025-05-10,Metal Scrap,7.19,True
3,2025-05-10,Plastic Waste,3.59,True
3,2025-05-10,Electrical Waste,1.47,True
3,2025-05-10,Packaging Waste,2.37,False
4,2025-05-10,Metal Scrap,1.92,True
4,2025-05-10,Plastic Waste,1.1,True
4,2025-05-10,Electrical Waste,0.46,True
4,2025-05-10,Packaging Waste,0.7,False
5,2025-05-10,Metal Scrap,24.83,True
5,2025-05-10,Plastic Waste,13.02,True
5,2025-05-10,Electrical Waste,5.43,True
5,2025-05-10,Packaging Waste,9.59,False
1,2025-05-12,Metal Scrap,12.83,True
1,2025-05-12,Plastic Waste,6.69,True
1,2025-05-12,Electrical Waste,2.75,True
1,2025-05-12,Packaging Waste,3.8,False
2,2025-05-12,Metal Scrap,0.58,True
2,2025-05-12,Plastic Waste,0.28,True
2,2025-05-12,Electrical Waste,0.13,True
2,2025-05-12,Packaging Waste,0.2,False
3,2025-05-12,Metal Scrap,20.31,True
3,2025-05-12,Plastic Waste,11.29,True
3,2025-05-12,Electrical Waste,5.01,True
3,2025-05-12,Packaging Waste,7.61,False
4,2025-05-12,Metal Scrap,4.66,True
4,2025-05-12,Plastic Waste,2.49,True
4,2025-05-12,Electrical Waste,1.1,True
4,2025-05-12,Packaging Waste,1.79,False
5,2025-05-12,Metal Scrap,74.02,True
5,2025-05-12,Plastic Waste,35.09,True
5,2025-05-12,Electrical Waste,15.3,True
5,2025-05-12,Packaging Waste,23.94,False
1,2025-05-13,Metal Scrap,12.21,True
1,2025-05-13,Plastic Waste,5.57,True
1,2025-05-13,Electrical Waste,2.62,True
1,2025-05-13,Packaging Waste,4.07,False
2,2025-05-13,Metal Scrap,0.6,True
2,2025-05-13,Plastic Waste,0.31,True
2,2025-05-13,Electrical Waste,0.15,True
2,2025-05-13,Packaging Waste,0.23,False
3,2025-05-13,Metal Scrap,24.36,True
3,2025-05-13,Plastic Waste,10.61,True
3,2025-05-13,Electrical Waste,4.9,True
3,2025-05-13,Packaging Waste,8.31,False
4,2025-05-13,Metal Scrap,4.41,True
4,2025-05-13,Plastic Waste,2.32,True
4,2025-05-13,Electrical Waste,1.17,True
4,2025-05-13,Packaging Waste,1.76,False
5,2025-05-13,Metal Scrap,70.19,True
5,2025-05-13,Plastic Waste,39.14,True
5,2025-05-13,Electrical Waste,16.71,True
5,2025-05-13,Packaging Waste,25.49,False
1,2025-05-14,Metal Scrap,9.46,True
1,2025-05-14,Plastic Waste,5.0,True
1,2025-05-14,Electrical Waste,2.42,True
1,2025-05-14,Packaging Waste,3.35,False
2,2025-05-14,Metal Scrap,0.44,True
2,2025-05-14,Plastic Waste,0.25,True
2,2025-05-14,Electrical Waste,0.11,True
2,2025-05-14,Packaging Waste,0.16,False
3,2025-05-14,Metal Scrap,29.41,True
3,2025-05-14,Plastic Waste,14.74,True
3,2025-05-14,Electrical Waste,7.07,True
3,2025-05-14,Packaging Waste,9.65,False
4,2025-05-14,Metal Scrap,5.23,True
4,2025-05-14,Plastic Waste,2.55,True
4,2025-05-14,Electrical Waste,1.1,True
4,2025-05-14,Packaging Waste,1.79,False
5,2025-05-14,Metal Scrap,75.06,True
5,2025-05-14,Plastic Waste,38.43,True
5,2025-05-14,Electrical Waste,15.83,True
5,2025-05-14,Packaging Waste,24.19,False
1,2025-05-15,Metal Scrap,10.78,True
1,2025-05-15,Plastic Waste,5.12,True
1,2025-05-15,Electrical Waste,2.48,True
1,2025-05-15,Packaging Waste,3.75,False
2,2025-05-15,Metal Scrap,0.6,True
2,2025-05-15,Plastic Waste,0.27,True
2,2025-05-15,Electrical Waste,0.14,True
2,2025-05-15,Packaging Waste,0.19,False
3,2025-05-15,Metal Scrap,26.23,True
3,2025-05-15,Plastic Waste,13.78,True
3,2025-05-15,Electrical Waste,6.63,True
3,2025-05-15,Packaging Waste,9.53,False
4,2025-05-15,Metal Scrap,5.97,True
4,2025-05-15,Plastic Waste,3.22,True
4,2025-05-15,Electrical Waste,1.31,True
4,2025-05-15,Packaging Waste,2.19,False
5,2025-05-15,Metal Scrap,77.89,True
5,2025-05-15,Plastic Waste,40.86,True
5,2025-05-15,Electrical Waste,16.21,True
5,2025-05-15,Packaging Waste,27.94,False
1,2025-05-16,Metal Scrap,9.39,True
1,2025-05-16,Plastic Waste,4.54,True
1,2025-05-16,Electrical Waste,2.14,True
1,2025-05-16,Packaging Waste,2.84,False
2,2025-05-16,Metal Scrap,0.36,True
2,2025-05-16,Plastic Waste,0.17,True
2,2025-05-16,Electrical Waste,0.07,True
2,2025-05-16,Packaging Waste,0.12,False
3,2025-05-16,Metal Scrap,22.98,True
3,2025-05-16,Plastic Waste,10.66,True
3,2025-05-16,Electrical Waste,4.33,True
3,2025-05-16,Packaging Waste,6.86,False
4,2025-05-16,Metal Scrap,5.33,True
4,2025-05-16,Plastic Waste,2.75,True
4,2025-05-16,Electrical Waste,1.24,True
4,2025-05-16,Packaging Waste,1.85,False
5,2025-05-16,Metal Scrap,58.95,True
5,2025-05-16,Plastic Waste,29.98,True
5,2025-05-16,Electrical Waste,14.36,True
5,2025-05-16,Packaging Waste,20.8,False
1,2025-05-17,Metal Scrap,4.35,True
1,2025-05-17,Plastic Waste,2.17,True
1,2025-05-17,Electrical Waste,0.9,True
1,2025-05-17,Packaging Waste,1.37,False
2,2025-05-17,Metal Scrap,0.18,True
2,2025-05-17,Plastic Waste,0.1,True
2,2025-05-17,Electrical Waste,0.04,True
2,2025-05-17,Packaging Waste,0.07,False
3,2025-05-17,Metal Scrap,8.79,True
3,2025-05-17,Plastic Waste,4.69,True
3,2025-05-17,Electrical Waste,2.15,True
3,2025-05-17,Packaging Waste,3.06,False
4,2025-05-17,Metal Scrap,2.68,True
4,2025-05-17,Plastic Waste,1.38,True
4,2025-05-17,Electrical Waste,0.61,True
4,2025-05-17,Packaging Waste,0.96,False
5,2025-05-17,Metal Scrap,28.1,True
5,2025-05-17,Plastic Waste,14.4,True
5,2025-05-17,Electrical Waste,7.08,True
5,2025-05-17,Packaging Waste,9.23,False
1,2025-05-19,Metal Scrap,11.65,True
1,2025-05-19,Plastic Waste,5.76,True
1,2025-05-19,Electrical Waste,2.58,True
1,2025-05-19,Packaging Waste,3.48,False
2,2025-05-19,Metal Scrap,0.59,True
2,2025-05-19,Plastic Waste,0.26,True
2,2025-05-19,Electrical Waste,0.11,True
2,2025-05-19,Packaging Waste,0.17,False
3,2025-05-19,Metal Scrap,24.97,True
3,2025-05-19,Plastic Waste,13.86,True
3,2025-05-19,Electrical Waste,5.34,True
3,2025-05-19,Packaging Waste,8.3,False
4,2025-05-19,Metal Scrap,4.67,True
4,2025-05-19,Plastic Waste,2.64,True
4,2025-05-19,Electrical Waste,1.12,True
4,2025-05-19,Packaging Waste,1.55,False
5,2025-05-19,Metal Scrap,79.65,True
5,2025-05-19,Plastic Waste,37.62,True
5,2025-05-19,Electrical Waste,18.13,True
5,2025-05-19,Packaging Waste,26.1,False
1,2025-05-20,Metal Scrap,13.08,True
1,2025-05-20,Plastic Waste,6.08,True
1,2025-05-20,Electrical Waste,3.02,True
1,2025-05-20,Packaging Waste,4.57,False
2,2025-05-20,Metal Scrap,0.33,True
2,2025-05-20,Plastic Waste,0.17,True
2,2025-05-20,Electrical Waste,0.09,True
2,2025-05-20,Packaging Waste,0.11,False
3,2025-05-20,Metal Scrap,23.75,True
3,2025-05-20,Plastic Waste,12.54,True
3,2025-05-20,Electrical Waste,5.36,True
3,2025-05-20,Packaging Waste,9.05,False
4,2025-05-20,Metal Scrap,4.75,True
4,2025-05-20,Plastic Waste,2.5,True
4,2025-05-20,Electrical Waste,1.1,True
4,2025-05-20,Packaging Waste,1.65,False
5,2025-05-20,Metal Scrap,73.11,True
5,2025-05-20,Plastic Waste,35.83,True
5,2025-05-20,Electrical Waste,17.56,True
5,2025-05-20,Packaging Waste,25.22,False
1,2025-05-21,Metal Scrap,10.75,True
1,2025-05-21,Plastic Waste,5.42,True
1,2025-05-21,Electrical Waste,2.22,True
1,2025-05-21,Packaging Waste,3.55,False
2,2025-05-21,Metal Scrap,0.41,True
2,2025-05-21,Plastic Waste,0.21,True
2,2025-05-21,Electrical Waste,0.09,True
2,2025-05-21,Packaging Waste,0.15,False
3,2025-05-21,Metal Scrap,20.12,True
3,2025-05-21,Plastic Waste,11.48,True
3,2025-05-21,Electrical Waste,4.92,True
3,2025-05-21,Packaging Waste,7.25,False
4,2025-05-21,Metal Scrap,4.5,True
4,2025-05-21,Plastic Waste,2.44,True
4,2025-05-21,Electrical Waste,1.04,True
4,2025-05-21,Packaging Waste,1.71,False
5,2025-05-21,Metal Scrap,82.15,True
5,2025-05-21,Plastic Waste,41.85,True
5,2025-05-21,Electrical Waste,19.88,True
5,2025-05-21,Packaging Waste,27.41,False
1,2025-05-22,Metal Scrap,11.21,True
1,2025-05-22,Plastic Waste,5.36,True
1,2025-05-22,Electrical Waste,2.47,True
1,2025-05-22,Packaging Waste,3.81,False
2,2025-05-22,Metal Scrap,0.46,True
2,2025-05-22,Plastic Waste,0.25,True
2,2025-05-22,Electrical Waste,0.1,True
2,2025-05-22,Packaging Waste,0.16,False
3,2025-05-22,Metal Scrap,23.61,True
3,2025-05-22,Plastic Waste,12.48,True
3,2025-05-22,Electrical Waste,5.08,True
3,2025-05-22,Packaging Waste,7.61,False
4,2025-05-22,Metal Scrap,5.31,True
4,2025-05-22,Plastic Waste,2.59,True
4,2025-05-22,Electrical Waste,1.25,True
4,2025-05-22,Packaging Waste,1.75,False
5,2025-05-22,Metal Scrap,51.7,True
5,2025-05-22,Plastic Waste,26.29,True
5,2025-05-22,Electrical Waste,13.57,True
5,2025-05-22,Packaging Waste,18.54,False
1,2025-05-23,Metal Scrap,9.76,True
1,2025-05-23,Plastic Waste,5.3,True
1,2025-05-23,Electrical Waste,2.18,True
1,2025-05-23,Packaging Waste,3.47,False
2,2025-05-23,Metal Scrap,0.59,True
2,2025-05-23,Plastic Waste,0.31,True
2,2025-05-23,Electrical Waste,0.13,True
2,2025-05-23,Packaging Waste,0.18,False
3,2025-05-23,Metal Scrap,20.22,True
3,2025-05-23,Plastic Waste,11.89,True
3,2025-05-23,Electrical Waste,5.33,True
3,2025-05-23,Packaging Waste,7.31,False
4,2025-05-23,Metal Scrap,4.42,True
4,2025-05-23,Plastic Waste,1.94,True
4,2025-05-23,Electrical Waste,0.99,True
4,2025-05-23,Packaging Waste,1.44,False
5,2025-05-23,Metal Scrap,61.84,True
5,2025-05-23,Plastic Waste,26.66,True
5,2025-05-23,Electrical Waste,13.72,True
5,2025-05-23,Packaging Waste,20.28,False
1,2025-05-24,Metal Scrap,4.13,True
1,2025-05-24,Plastic Waste,2.44,True
1,2025-05-24,Electrical Waste,0.97,True
1,2025-05-24,Packaging Waste,1.43,False
2,2025-05-24,Metal Scrap,0.19,True
2,2025-05-24,Plastic Waste,0.09,True
2,2025-05-24,Electrical Waste,0.04,True
2,2025-05-24,Packaging Waste,0.06,False
3,2025-05-24,Metal Scrap,6.61,True
3,2025-05-24,Plastic Waste,3.81,True
3,2025-05-24,Electrical Waste,1.62,True
3,2025-05-24,Packaging Waste,2.32,False
4,2025-05-24,Metal Scrap,1.73,True
4,2025-05-24,Plastic Waste,0.87,True
4,2025-05-24,Electrical Waste,0.35,True
4,2025-05-24,Packaging Waste,0.53,False
5,2025-05-24,Metal Scrap,24.29,True
5,2025-05-24,Plastic Waste,12.49,True
5,2025-05-24,Electrical Waste,5.38,True
5,2025-05-24,Packaging Waste,8.58,False
1,2025-05-26,Metal Scrap,9.37,True
1,2025-05-26,Plastic Waste,5.08,True
1,2025-05-26,Electrical Waste,2.16,True
1,2025-05-26,Packaging Waste,3.5,False
2,2025-05-26,Metal Scrap,0.4,True
2,2025-05-26,Plastic Waste,0.2,True
2,2025-05-26,Electrical Waste,0.1,True
2,2025-05-26,Packaging Waste,0.16,False
3,2025-05-26,Metal Scrap,27.2,True
3,2025-05-26,Plastic Waste,12.41,True
3,2025-05-26,Electrical Waste,6.56,True
3,2025-05-26,Packaging Waste,9.52,False
4,2025-05-26,Metal Scrap,5.3,True
4,2025-05-26,Plastic Waste,2.76,True
4,2025-05-26,Electrical Waste,1.2,True
4,2025-05-26,Packaging Waste,1.55,False
5,2025-05-26,Metal Scrap,67.93,True
5,2025-05-26,Plastic Waste,30.92,True
5,2025-05-26,Electrical Waste,15.08,True
5,2025-05-26,Packaging Waste,23.13,False
1,2025-05-27,Metal Scrap,11.97,True
1,2025-05-27,Plastic Waste,6.06,True
1,2025-05-27,Electrical Waste,2.59,True
1,2025-05-27,Packaging Waste,3.96,False
2,2025-05-27,Metal Scrap,0.4,True
2,2025-05-27,Plastic Waste,0.21,True
2,2025-05-27,Electrical Waste,0.09,True
2,2025-05-27,Packaging Waste,0.15,False
3,2025-05-27,Metal Scrap,32.69,True
3,2025-05-27,Plastic Waste,14.35,True
3,2025-05-27,Electrical Waste,6.96,True
3,2025-05-27,Packaging Waste,9.95,False
4,2025-05-27,Metal Scrap,5.5,True
4,2025-05-27,Plastic Waste,2.53,True
4,2025-05-27,Electrical Waste,1.26,True
4,2025-05-27,Packaging Waste,1.67,False
5,2025-05-27,Metal Scrap,54.69,True
5,2025-05-27,Plastic Waste,32.95,True
5,2025-05-27,Electrical Waste,14.53,True
5,2025-05-27,Packaging Waste,21.78,False
1,2025-05-28,Metal Scrap,9.58,True
1,2025-05-28,Plastic Waste,5.13,True
1,2025-05-28,Electrical Waste,2.15,True
1,2025-05-28,Packaging Waste,3.02,False
2,2025-05-28,Metal Scrap,0.36,True
2,2025-05-28,Plastic Waste,0.17,True
2,2025-05-28,Electrical Waste,0.08,True
2,2025-05-28,Packaging Waste,0.12,False
3,2025-05-28,Metal Scrap,25.81,True
3,2025-05-28,Plastic Waste,14.83,True
3,2025-05-28,Electrical Waste,5.99,True
3,2025-05-28,Packaging Waste,9.42,False
4,2025-05-28,Metal Scrap,7.58,True
4,2025-05-28,Plastic Waste,3.84,True
4,2025-05-28,Electrical Waste,1.66,True
4,2025-05-28,Packaging Waste,2.66,False
5,2025-05-28,Metal Scrap,65.98,True
5,2025-05-28,Plastic Waste,34.32,True
5,2025-05-28,Electrical Waste,17.52,True
5,2025-05-28,Packaging Waste,24.67,False
1,2025-05-29,Metal Scrap,10.52,True
1,2025-05-29,Plastic Waste,6.27,True
1,2025-05-29,Electrical Waste,2.57,True
1,2025-05-29,Packaging Waste,3.51,False
2,2025-05-29,Metal Scrap,0.62,True
2,2025-05-29,Plastic Waste,0.27,True
2,2025-05-29,Electrical Waste,0.13,True
2,2025-05-29,Packaging Waste,0.18,False
3,2025-05-29,Metal Scrap,30.22,True
3,2025-05-29,Plastic Waste,14.06,True
3,2025-05-29,Electrical Waste,7.29,True
3,2025-05-29,Packaging Waste,9.6,False
4,2025-05-29,Metal Scrap,5.28,True
4,2025-05-29,Plastic Waste,2.5,True
4,2025-05-29,Electrical Waste,1.14,True
4,2025-05-29,Packaging Waste,1.9,False
5,2025-05-29,Metal Scrap,68.7,True
5,2025-05-29,Plastic Waste,37.08,True
5,2025-05-29,Electrical Waste,16.17,True
5,2025-05-29,Packaging Waste,26.25,False
1,2025-05-30,Metal Scrap,11.4,True
1,2025-05-30,Plastic Waste,6.38,True
1,2025-05-30,Electrical Waste,2.86,True
1,2025-05-30,Packaging Waste,3.72,False
2,2025-05-30,Metal Scrap,0.71,True
2,2025-05-30,Plastic Waste,0.34,True
2,2025-05-30,Electrical Waste,0.15,True
2,2025-05-30,Packaging Waste,0.25,False
3,2025-05-30,Metal Scrap,21.98,True
3,2025-05-30,Plastic Waste,13.02,True
3,2025-05-30,Electrical Waste,5.92,True
3,2025-05-30,Packaging Waste,9.17,False
4,2025-05-30,Metal Scrap,5.63,True
4,2025-05-30,Plastic Waste,2.72,True
4,2025-05-30,Electrical Waste,1.19,True
4,2025-05-30,Packaging Waste,1.91,False
5,2025-05-30,Metal Scrap,78.91,True
5,2025-05-30,Plastic Waste,35.71,True
5,2025-05-30,Electrical Waste,16.6,True
5,2025-05-30,Packaging Waste,27.83,False
1,2025-05-31,Metal Scrap,3.86,True
1,2025-05-31,Plastic Waste,2.26,True
1,2025-05-31,Electrical Waste,1.0,True
1,2025-05-31,Packaging Waste,1.32,False
2,2025-05-31,Metal Scrap,0.22,True
2,2025-05-31,Plastic Waste,0.09,True
2,2025-05-31,Electrical Waste,0.05,True
2,2025-05-31,Packaging Waste,0.06,False
3,2025-05-31,Metal Scrap,8.07,True
3,2025-05-31,Plastic Waste,3.98,True
3,2025-05-31,Electrical Waste,1.87,True
3,2025-05-31,Packaging Waste,2.75,False
4,2025-05-31,Metal Scrap,2.02,True
4,2025-05-31,Plastic Waste,1.1,True
4,2025-05-31,Electrical Waste,0.52,True
4,2025-05-31,Packaging Waste,0.8,False
5,2025-05-31,Metal Scrap,22.93,True
5,2025-05-31,Plastic Waste,11.83,True
5,2025-05-31,Electrical Waste,6.0,True
5,2025-05-31,Packaging Waste,8.72,False
1,2025-06-02,Metal Scrap,10.74,True
1,2025-06-02,Plastic Waste,6.18,True
1,2025-06-02,Electrical Waste,2.42,True
1,2025-06-02,Packaging Waste,3.5,False
2,2025-06-02,Metal Scrap,0.51,True
2,2025-06-02,Plastic Waste,0.25,True
2,2025-06-02,Electrical Waste,0.12,True
2,2025-06-02,Packaging Waste,0.19,False
3,2025-06-02,Metal Scrap,27.14,True
3,2025-06-02,Plastic Waste,14.42,True
3,2025-06-02,Electrical Waste,6.3,True
3,2025-06-02,Packaging Waste,9.74,False
4,2025-06-02,Metal Scrap,6.59,True
4,2025-06-02,Plastic Waste,3.15,True
4,2025-06-02,Electrical Waste,1.46,True
4,2025-06-02,Packaging Waste,2.19,False
5,2025-06-02,Metal Scrap,67.67,True
5,2025-06-02,Plastic Waste,31.8,True
5,2025-06-02,Electrical Waste,13.42,True
5,2025-06-02,Packaging Waste,23.86,False
1,2025-06-03,Metal Scrap,12.49,True
1,2025-06-03,Plastic Waste,5.88,True
1,2025-06-03,Electrical Waste,2.41,True
1,2025-06-03,Packaging Waste,3.92,False
2,2025-06-03,Metal Scrap,0.67,True
2,2025-06-03,Plastic Waste,0.34,True
2,2025-06-03,Electrical Waste,0.16,True
2,2025-06-03,Packaging Waste,0.25,False
3,2025-06-03,Metal Scrap,24.94,True
3,2025-06-03,Plastic Waste,10.93,True
3,2025-06-03,Electrical Waste,5.62,True
3,2025-06-03,Packaging Waste,7.97,False
4,2025-06-03,Metal Scrap,6.21,True
4,2025-06-03,Plastic Waste,3.4,True
4,2025-06-03,Electrical Waste,1.54,True
4,2025-06-03,Packaging Waste,2.39,False
5,2025-06-03,Metal Scrap,71.41,True
5,2025-06-03,Plastic Waste,31.47,True
5,2025-06-03,Electrical Waste,14.15,True
5,2025-06-03,Packaging Waste,22.12,False
1,2025-06-04,Metal Scrap,10.17,True
1,2025-06-04,Plastic Waste,5.25,True
1,2025-06-04,Electrical Waste,2.71,True
1,2025-06-04,Packaging Waste,3.85,False
2,2025-06-04,Metal Scrap,0.4,True
2,2025-06-04,Plastic Waste,0.2,True
2,2025-06-04,Electrical Waste,0.09,True
2,2025-06-04,Packaging Waste,0.14,False
3,2025-06-04,Metal Scrap,24.98,True
3,2025-06-04,Plastic Waste,14.12,True
3,2025-06-04,Electrical Waste,6.38,True
3,2025-06-04,Packaging Waste,8.93,False
4,2025-06-04,Metal Scrap,5.28,True
4,2025-06-04,Plastic Waste,2.83,True
4,2025-06-04,Electrical Waste,1.18,True
4,2025-06-04,Packaging Waste,2.0,False
5,2025-06-04,Metal Scrap,82.79,True
5,2025-06-04,Plastic Waste,41.35,True
5,2025-06-04,Electrical Waste,19.29,True
5,2025-06-04,Packaging Waste,30.07,False
1,2025-06-05,Metal Scrap,11.75,True
1,2025-06-05,Plastic Waste,5.33,True
1,2025-06-05,Electrical Waste,2.69,True
1,2025-06-05,Packaging Waste,4.07,False
2,2025-06-05,Metal Scrap,0.48,True
2,2025-06-05,Plastic Waste,0.21,True
2,2025-06-05,Electrical Waste,0.09,True
2,2025-06-05,Packaging Waste,0.15,False
3,2025-06-05,Metal Scrap,30.32,True
3,2025-06-05,Plastic Waste,16.08,True
3,2025-06-05,Electrical Waste,6.73,True
3,2025-06-05,Packaging Waste,11.0,False
4,2025-06-05,Metal Scrap,5.47,True
4,2025-06-05,Plastic Waste,2.48,True
4,2025-06-05,Electrical Waste,1.24,True
4,2025-06-05,Packaging Waste,1.86,False
5,2025-06-05,Metal Scrap,58.26,True
5,2025-06-05,Plastic Waste,35.03,True
5,2025-06-05,Electrical Waste,14.34,True
5,2025-06-05,Packaging Waste,22.62,False
1,2025-06-06,Metal Scrap,9.68,True
1,2025-06-06,Plastic Waste,4.45,True
1,2025-06-06,Electrical Waste,1.96,True
1,2025-06-06,Packaging Waste,3.36,False
2,2025-06-06,Metal Scrap,0.54,True
2,2025-06-06,Plastic Waste,0.31,True
2,2025-06-06,Electrical Waste,0.14,True
2,2025-06-06,Packaging Waste,0.18,False
3,2025-06-06,Metal Scrap,28.69,True
3,2025-06-06,Plastic Waste,13.27,True
3,2025-06-06,Electrical Waste,5.64,True
3,2025-06-06,Packaging Waste,9.66,False
4,2025-06-06,Metal Scrap,4.66,True
4,2025-06-06,Plastic Waste,2.16,True
4,2025-06-06,Electrical Waste,1.04,True
4,2025-06-06,Packaging Waste,1.53,False
5,2025-06-06,Metal Scrap,68.66,True
5,2025-06-06,Plastic Waste,35.79,True
5,2025-06-06,Electrical Waste,15.28,True
5,2025-06-06,Packaging Waste,22.39,False
1,2025-06-07,Metal Scrap,3.63,True
1,2025-06-07,Plastic Waste,2.06,True
1,2025-06-07,Electrical Waste,0.94,True
1,2025-06-07,Packaging Waste,1.28,False
2,2025-06-07,Metal Scrap,0.13,True
2,2025-06-07,Plastic Waste,0.06,True
2,2025-06-07,Electrical Waste,0.03,True
2,2025-06-07,Packaging Waste,0.04,False
3,2025-06-07,Metal Scrap,7.28,True
3,2025-06-07,Plastic Waste,3.68,True
3,2025-06-07,Electrical Waste,1.56,True
3,2025-06-07,Packaging Waste,2.73,False
4,2025-06-07,Metal Scrap,2.24,True
4,2025-06-07,Plastic Waste,1.09,True
4,2025-06-07,Electrical Waste,0.52,True
4,2025-06-07,Packaging Waste,0.75,False
5,2025-06-07,Metal Scrap,26.75,True
5,2025-06-07,Plastic Waste,13.49,True
5,2025-06-07,Electrical Waste,6.11,True
5,2025-06-07,Packaging Waste,9.73,False
1,2025-06-09,Metal Scrap,10.89,True
1,2025-06-09,Plastic Waste,5.37,True
1,2025-06-09,Electrical Waste,2.54,True
1,2025-06-09,Packaging Waste,3.91,False
2,2025-06-09,Metal Scrap,0.45,True
2,2025-06-09,Plastic Waste,0.2,True
2,2025-06-09,Electrical Waste,0.1,True
2,2025-06-09,Packaging Waste,0.16,False
3,2025-06-09,Metal Scrap,25.16,True
3,2025-06-09,Plastic Waste,10.84,True
3,2025-06-09,Electrical Waste,5.23,True
3,2025-06-09,Packaging Waste,7.56,False
4,2025-06-09,Metal Scrap,7.0,True
4,2025-06-09,Plastic Waste,3.25,True
4,2025-06-09,Electrical Waste,1.51,True
4,2025-06-09,Packaging Waste,2.02,False
5,2025-06-09,Metal Scrap,79.25,True
5,2025-06-09,Plastic Waste,43.9,True
5,2025-06-09,Electrical Waste,18.51,True
5,2025-06-09,Packaging Waste,29.61,False
1,2025-06-10,Metal Scrap,10.46,True
1,2025-06-10,Plastic Waste,5.52,True
1,2025-06-10,Electrical Waste,2.4,True
1,2025-06-10,Packaging Waste,3.81,False
2,2025-06-10,Metal Scrap,0.42,True
2,2025-06-10,Plastic Waste,0.25,True
2,2025-06-10,Electrical Waste,0.11,True
2,2025-06-10,Packaging Waste,0.15,False
3,2025-06-10,Metal Scrap,23.73,True
3,2025-06-10,Plastic Waste,13.3,True
3,2025-06-10,Electrical Waste,5.7,True
3,2025-06-10,Packaging Waste,8.75,False
4,2025-06-10,Metal Scrap,6.82,True
4,2025-06-10,Plastic Waste,3.53,True
4,2025-06-10,Electrical Waste,1.59,True
4,2025-06-10,Packaging Waste,1.97,False
5,2025-06-10,Metal Scrap,63.16,True
5,2025-06-10,Plastic Waste,33.69,True
5,2025-06-10,Electrical Waste,14.63,True
5,2025-06-10,Packaging Waste,19.33,False
1,2025-06-11,Metal Scrap,12.29,True
1,2025-06-11,Plastic Waste,5.95,True
1,2025-06-11,Electrical Waste,2.79,True
1,2025-06-11,Packaging Waste,3.82,False
2,2025-06-11,Metal Scrap,0.69,True
2,2025-06-11,Plastic Waste,0.33,True
2,2025-06-11,Electrical Waste,0.13,True
2,2025-06-11,Packaging Waste,0.23,False
3,2025-06-11,Metal Scrap,35.62,True
3,2025-06-11,Plastic Waste,17.04,True
3,2025-06-11,Electrical Waste,7.84,True
3,2025-06-11,Packaging Waste,11.02,False
4,2025-06-11,Metal Scrap,5.06,True
4,2025-06-11,Plastic Waste,2.18,True
4,2025-06-11,Electrical Waste,0.97,True
4,2025-06-11,Packaging Waste,1.47,False
5,2025-06-11,Metal Scrap,72.71,True
5,2025-06-11,Plastic Waste,32.15,True
5,2025-06-11,Electrical Waste,15.83,True
5,2025-06-11,Packaging Waste,23.12,False
1,2025-06-12,Metal Scrap,10.14,True
1,2025-06-12,Plastic Waste,4.52,True
1,2025-06-12,Electrical Waste,2.02,True
1,2025-06-12,Packaging Waste,3.06,False
2,2025-06-12,Metal Scrap,0.41,True
2,2025-06-12,Plastic Waste,0.21,True
2,2025-06-12,Electrical Waste,0.09,True
2,2025-06-12,Packaging Waste,0.13,False
3,2025-06-12,Metal Scrap,23.85,True
3,2025-06-12,Plastic Waste,11.76,True
3,2025-06-12,Electrical Waste,5.37,True
3,2025-06-12,Packaging Waste,9.05,False
4,2025-06-12,Metal Scrap,5.24,True
4,2025-06-12,Plastic Waste,2.47,True
4,2025-06-12,Electrical Waste,1.1,True
4,2025-06-12,Packaging Waste,1.76,False
5,2025-06-12,Metal Scrap,68.54,True
5,2025-06-12,Plastic Waste,36.18,True
5,2025-06-12,Electrical Waste,17.45,True
5,2025-06-12,Packaging Waste,22.55,False
1,2025-06-13,Metal Scrap,7.64,True
1,2025-06-13,Plastic Waste,3.89,True
1,2025-06-13,Electrical Waste,1.68,True
1,2025-06-13,Packaging Waste,2.54,False
2,2025-06-13,Metal Scrap,0.59,True
2,2025-06-13,Plastic Waste,0.31,True
2,2025-06-13,Electrical Waste,0.13,True
2,2025-06-13,Packaging Waste,0.18,False
3,2025-06-13,Metal Scrap,24.04,True
3,2025-06-13,Plastic Waste,11.18,True
3,2025-06-13,Electrical Waste,4.73,True
3,2025-06-13,Packaging Waste,7.33,False
4,2025-06-13,Metal Scrap,6.68,True
4,2025-06-13,Plastic Waste,3.55,True
4,2025-06-13,Electrical Waste,1.63,True
4,2025-06-13,Packaging Waste,2.25,False
5,2025-06-13,Metal Scrap,77.99,True
5,2025-06-13,Plastic Waste,33.1,True
5,2025-06-13,Electrical Waste,15.92,True
5,2025-06-13,Packaging Waste,24.12,False
1,2025-06-14,Metal Scrap,4.5,True
1,2025-06-14,Plastic Waste,2.09,True
1,2025-06-14,Electrical Waste,0.97,True
1,2025-06-14,Packaging Waste,1.56,False
2,2025-06-14,Metal Scrap,0.22,True
2,2025-06-14,Plastic Waste,0.11,True
2,2025-06-14,Electrical Waste,0.06,True
2,2025-06-14,Packaging Waste,0.09,False
3,2025-06-14,Metal Scrap,8.15,True
3,2025-06-14,Plastic Waste,4.82,True
3,2025-06-14,Electrical Waste,1.96,True
3,2025-06-14,Packaging Waste,3.1,False
4,2025-06-14,Metal Scrap,2.11,True
4,2025-06-14,Plastic Waste,1.07,True
4,2025-06-14,Electrical Waste,0.45,True
4,2025-06-14,Packaging Waste,0.75,False
5,2025-06-14,Metal Scrap,19.87,True
5,2025-06-14,Plastic Waste,10.32,True
5,2025-06-14,Electrical Waste,5.43,True
5,2025-06-14,Packaging Waste,7.45,False
1,2025-06-16,Metal Scrap,8.0,True
1,2025-06-16,Plastic Waste,4.81,True
1,2025-06-16,Electrical Waste,2.11,True
1,2025-06-16,Packaging Waste,2.86,False
2,2025-06-16,Metal Scrap,0.38,True
2,2025-06-16,Plastic Waste,0.21,True
2,2025-06-16,Electrical Waste,0.09,True
2,2025-06-16,Packaging Waste,0.14,False
3,2025-06-16,Metal Scrap,34.54,True
3,2025-06-16,Plastic Waste,16.34,True
3,2025-06-16,Electrical Waste,6.72,True
3,2025-06-16,Packaging Waste,11.54,False
4,2025-06-16,Metal Scrap,4.63,True
4,2025-06-16,Plastic Waste,2.4,True
4,2025-06-16,Electrical Waste,1.06,True
4,2025-06-16,Packaging Waste,1.62,False
5,2025-06-16,Metal Scrap,94.01,True
5,2025-06-16,Plastic Waste,40.73,True
5,2025-06-16,Electrical Waste,20.43,True
5,2025-06-16,Packaging Waste,28.42,False
1,2025-06-17,Metal Scrap,8.63,True
1,2025-06-17,Plastic Waste,4.54,True
1,2025-06-17,Electrical Waste,2.08,True
1,2025-06-17,Packaging Waste,2.81,False
2,2025-06-17,Metal Scrap,0.54,True
2,2025-06-17,Plastic Waste,0.27,True
2,2025-06-17,Electrical Waste,0.12,True
2,2025-06-17,Packaging Waste,0.21,False
3,2025-06-17,Metal Scrap,26.2,True
3,2025-06-17,Plastic Waste,13.76,True
3,2025-06-17,Electrical Waste,6.32,True
3,2025-06-17,Packaging Waste,9.46,False
4,2025-06-17,Metal Scrap,6.53,True
4,2025-06-17,Plastic Waste,3.23,True
4,2025-06-17,Electrical Waste,1.32,True
4,2025-06-17,Packaging Waste,2.06,False
5,2025-06-17,Metal Scrap,69.51,True
5,2025-06-17,Plastic Waste,38.82,True
5,2025-06-17,Electrical Waste,15.94,True
5,2025-06-17,Packaging Waste,23.37,False
1,2025-06-18,Metal Scrap,11.14,True
1,2025-06-18,Plastic Waste,5.9,True
1,2025-06-18,Electrical Waste,2.57,True
1,2025-06-18,Packaging Waste,4.4,False
2,2025-06-18,Metal Scrap,0.38,True
2,2025-06-18,Plastic Waste,0.17,True
2,2025-06-18,Electrical Waste,0.09,True
2,2025-06-18,Packaging Waste,0.12,False
3,2025-06-18,Metal Scrap,34.15,True
3,2025-06-18,Plastic Waste,18.34,True
3,2025-06-18,Electrical Waste,8.11,True
3,2025-06-18,Packaging Waste,10.23,False
4,2025-06-18,Metal Scrap,6.48,True
4,2025-06-18,Plastic Waste,3.08,True
4,2025-06-18,Electrical Waste,1.53,True
4,2025-06-18,Packaging Waste,2.33,False
5,2025-06-18,Metal Scrap,69.69,True
5,2025-06-18,Plastic Waste,43.24,True
5,2025-06-18,Electrical Waste,16.5,True
5,2025-06-18,Packaging Waste,28.04,False
1,2025-06-19,Metal Scrap,13.94,True
1,2025-06-19,Plastic Waste,6.57,True
1,2025-06-19,Electrical Waste,3.21,True
1,2025-06-19,Packaging Waste,4.82,False
2,2025-06-19,Metal Scrap,0.47,True
2,2025-06-19,Plastic Waste,0.26,True
2,2025-06-19,Electrical Waste,0.12,True
2,2025-06-19,Packaging Waste,0.18,False
3,2025-06-19,Metal Scrap,25.35,True
3,2025-06-19,Plastic Waste,10.9,True
3,2025-06-19,Electrical Waste,5.57,True
3,2025-06-19,Packaging Waste,8.74,False
4,2025-06-19,Metal Scrap,4.68,True
4,2025-06-19,Plastic Waste,2.41,True
4,2025-06-19,Electrical Waste,0.99,True
4,2025-06-19,Packaging Waste,1.74,False
5,2025-06-19,Metal Scrap,70.66,True
5,2025-06-19,Plastic Waste,33.71,True
5,2025-06-19,Electrical Waste,14.43,True
5,2025-06-19,Packaging Waste,22.46,False
1,2025-06-20,Metal Scrap,9.9,True
1,2025-06-20,Plastic Waste,5.25,True
1,2025-06-20,Electrical Waste,2.33,True
1,2025-06-20,Packaging Waste,3.72,False
2,2025-06-20,Metal Scrap,0.32,True
2,2025-06-20,Plastic Waste,0.2,True
2,2025-06-20,Electrical Waste,0.08,True
2,2025-06-20,Packaging Waste,0.11,False
3,2025-06-20,Metal Scrap,31.41,True
3,2025-06-20,Plastic Waste,16.78,True
3,2025-06-20,Electrical Waste,7.36,True
3,2025-06-20,Packaging Waste,9.96,False
4,2025-06-20,Metal Scrap,6.56,True
4,2025-06-20,Plastic Waste,3.79,True
4,2025-06-20,Electrical Waste,1.8,True
4,2025-06-20,Packaging Waste,2.62,False
5,2025-06-20,Metal Scrap,92.56,True
5,2025-06-20,Plastic Waste,47.73,True
5,2025-06-20,Electrical Waste,21.61,True
5,2025-06-20,Packaging Waste,28.93,False
1,2025-06-21,Metal Scrap,4.85,True
1,2025-06-21,Plastic Waste,2.24,True
1,2025-06-21,Electrical Waste,0.94,True
1,2025-06-21,Packaging Waste,1.47,False
2,2025-06-21,Metal Scrap,0.22,True
2,2025-06-21,Plastic Waste,0.11,True
2,2025-06-21,Electrical Waste,0.06,True
2,2025-06-21,Packaging Waste,0.08,False
3,2025-06-21,Metal Scrap,11.83,True
3,2025-06-21,Plastic Waste,5.74,True
3,2025-06-21,Electrical Waste,2.31,True
3,2025-06-21,Packaging Waste,4.06,False
4,2025-06-21,Metal Scrap,1.91,True
4,2025-06-21,Plastic Waste,1.02,True
4,2025-06-21,Electrical Waste,0.44,True
4,2025-06-21,Packaging Waste,0.59,False
5,2025-06-21,Metal Scrap,25.9,True
5,2025-06-21,Plastic Waste,12.24,True
5,2025-06-21,Electrical Waste,5.59,True
5,2025-06-21,Packaging Waste,9.06,False
1,2025-06-23,Metal Scrap,9.65,True
1,2025-06-23,Plastic Waste,5.61,True
1,2025-06-23,Electrical Waste,2.6,True
1,2025-06-23,Packaging Waste,3.9,False
2,2025-06-23,Metal Scrap,0.38,True
2,2025-06-23,Plastic Waste,0.22,True
2,2025-06-23,Electrical Waste,0.1,True
2,2025-06-23,Packaging Waste,0.12,False
3,2025-06-23,Metal Scrap,24.44,True
3,2025-06-23,Plastic Waste,13.35,True
3,2025-06-23,Electrical Waste,5.99,True
3,2025-06-23,Packaging Waste,7.75,False
4,2025-06-23,Metal Scrap,4.78,True
4,2025-06-23,Plastic Waste,2.64,True
4,2025-06-23,Electrical Waste,1.0,True
4,2025-06-23,Packaging Waste,1.7,False
5,2025-06-23,Metal Scrap,63.92,True
5,2025-06-23,Plastic Waste,38.04,True
5,2025-06-23,Electrical Waste,14.39,True
5,2025-06-23,Packaging Waste,24.91,False
1,2025-06-24,Metal Scrap,10.34,True
1,2025-06-24,Plastic Waste,6.04,True
1,2025-06-24,Electrical Waste,2.65,True
1,2025-06-24,Packaging Waste,4.16,False
2,2025-06-24,Metal Scrap,0.59,True
2,2025-06-24,Plastic Waste,0.29,True
2,2025-06-24,Electrical Waste,0.13,True
2,2025-06-24,Packaging Waste,0.19,False
3,2025-06-24,Metal Scrap,23.51,True
3,2025-06-24,Plastic Waste,11.72,True
3,2025-06-24,Electrical Waste,5.09,True
3,2025-06-24,Packaging Waste,8.28,False
4,2025-06-24,Metal Scrap,6.09,True
4,2025-06-24,Plastic Waste,3.27,True
4,2025-06-24,Electrical Waste,1.43,True
4,2025-06-24,Packaging Waste,1.99,False
5,2025-06-24,Metal Scrap,75.32,True
5,2025-06-24,Plastic Waste,40.07,True
5,2025-06-24,Electrical Waste,16.24,True
5,2025-06-24,Packaging Waste,26.36,False
1,2025-06-25,Metal Scrap,11.79,True
1,2025-06-25,Plastic Waste,5.82,True
1,2025-06-25,Electrical Waste,2.61,True
1,2025-06-25,Packaging Waste,3.51,False
2,2025-06-25,Metal Scrap,0.3,True
2,2025-06-25,Plastic Waste,0.18,True
2,2025-06-25,Electrical Waste,0.07,True
2,2025-06-25,Packaging Waste,0.11,False
3,2025-06-25,Metal Scrap,27.75,True
3,2025-06-25,Plastic Waste,11.97,True
3,2025-06-25,Electrical Waste,5.43,True
3,2025-06-25,Packaging Waste,8.51,False
4,2025-06-25,Metal Scrap,5.08,True
4,2025-06-25,Plastic Waste,2.52,True
4,2025-06-25,Electrical Waste,1.2,True
4,2025-06-25,Packaging Waste,1.53,False
5,2025-06-25,Metal Scrap,87.55,True
5,2025-06-25,Plastic Waste,45.2,True
5,2025-06-25,Electrical Waste,19.57,True
5,2025-06-25,Packaging Waste,26.7,False
1,2025-06-26,Metal Scrap,8.99,True
1,2025-06-26,Plastic Waste,3.96,True
1,2025-06-26,Electrical Waste,2.04,True
1,2025-06-26,Packaging Waste,2.64,False
2,2025-06-26,Metal Scrap,0.49,True
2,2025-06-26,Plastic Waste,0.26,True
2,2025-06-26,Electrical Waste,0.11,True
2,2025-06-26,Packaging Waste,0.19,False
3,2025-06-26,Metal Scrap,31.65,True
3,2025-06-26,Plastic Waste,16.3,True
3,2025-06-26,Electrical Waste,6.6,True
3,2025-06-26,Packaging Waste,9.93,False
4,2025-06-26,Metal Scrap,5.29,True
4,2025-06-26,Plastic Waste,2.61,True
4,2025-06-26,Electrical Waste,1.3,True
4,2025-06-26,Packaging Waste,2.05,False
5,2025-06-26,Metal Scrap,68.88,True
5,2025-06-26,Plastic Waste,37.0,True
5,2025-06-26,Electrical Waste,16.67,True
5,2025-06-26,Packaging Waste,24.33,False
1,2025-06-27,Metal Scrap,11.35,True
1,2025-06-27,Plastic Waste,5.77,True
1,2025-06-27,Electrical Waste,2.36,True
1,2025-06-27,Packaging Waste,3.41,False
2,2025-06-27,Metal Scrap,0.53,True
2,2025-06-27,Plastic Waste,0.28,True
2,2025-06-27,Electrical Waste,0.12,True
2,2025-06-27,Packaging Waste,0.21,False
3,2025-06-27,Metal Scrap,29.73,True
3,2025-06-27,Plastic Waste,15.57,True
3,2025-06-27,Electrical Waste,7.05,True
3,2025-06-27,Packaging Waste,10.94,False
4,2025-06-27,Metal Scrap,4.85,True
4,2025-06-27,Plastic Waste,2.74,True
4,2025-06-27,Electrical Waste,1.13,True
4,2025-06-27,Packaging Waste,1.95,False
5,2025-06-27,Metal Scrap,64.42,True
5,2025-06-27,Plastic Waste,33.65,True
5,2025-06-27,Electrical Waste,14.4,True
5,2025-06-27,Packaging Waste,22.52,False
1,2025-06-28,Metal Scrap,3.02,True
1,2025-06-28,Plastic Waste,1.57,True
1,2025-06-28,Electrical Waste,0.67,True
1,2025-06-28,Packaging Waste,1.15,False
2,2025-06-28,Metal Scrap,0.22,True
2,2025-06-28,Plastic Waste,0.1,True
2,2025-06-28,Electrical Waste,0.05,True
2,2025-06-28,Packaging Waste,0.07,False
3,2025-06-28,Metal Scrap,9.93,True
3,2025-06-28,Plastic Waste,4.75,True
3,2025-06-28,Electrical Waste,2.1,True
3,2025-06-28,Packaging Waste,3.32,False
4,2025-06-28,Metal Scrap,2.23,True
4,2025-06-28,Plastic Waste,1.06,True
4,2025-06-28,Electrical Waste,0.48,True
4,2025-06-28,Packaging Waste,0.77,False
5,2025-06-28,Metal Scrap,23.82,True
5,2025-06-28,Plastic Waste,13.25,True
5,2025-06-28,Electrical Waste,5.45,True
5,2025-06-28,Packaging Waste,7.52,False
1,2025-06-30,Metal Scrap,10.4,True
1,2025-06-30,Plastic Waste,5.16,True
1,2025-06-30,Electrical Waste,2.2,True
1,2025-06-30,Packaging Waste,3.56,False
2,2025-06-30,Metal Scrap,0.63,True
2,2025-06-30,Plastic Waste,0.32,True
2,2025-06-30,Electrical Waste,0.14,True
2,2025-06-30,Packaging Waste,0.19,False
3,2025-06-30,Metal Scrap,32.55,True
3,2025-06-30,Plastic Waste,14.88,True
3,2025-06-30,Electrical Waste,7.76,True
3,2025-06-30,Packaging Waste,11.61,False
4,2025-06-30,Metal Scrap,5.37,True
4,2025-06-30,Plastic Waste,2.4,True
4,2025-06-30,Electrical Waste,1.14,True
4,2025-06-30,Packaging Waste,1.9,False
5,2025-06-30,Metal Scrap,74.04,True
5,2025-06-30,Plastic Waste,42.41,True
5,2025-06-30,Electrical Waste,17.58,True
5,2025-06-30,Packaging Waste,27.44,False
1,2025-07-01,Metal Scrap,11.52,True
1,2025-07-01,Plastic Waste,6.74,True
1,2025-07-01,Electrical Waste,3.0,True
1,2025-07-01,Packaging Waste,3.79,False
2,2025-07-01,Metal Scrap,0.61,True
2,2025-07-01,Plastic Waste,0.31,True
2,2025-07-01,Electrical Waste,0.14,True
2,2025-07-01,Packaging Waste,0.2,False
3,2025-07-01,Metal Scrap,23.17,True
3,2025-07-01,Plastic Waste,12.92,True
3,2025-07-01,Electrical Waste,5.65,True
3,2025-07-01,Packaging Waste,8.21,False
4,2025-07-01,Metal Scrap,5.91,True
4,2025-07-01,Plastic Waste,2.98,True
4,2025-07-01,Electrical Waste,1.32,True
4,2025-07-01,Packaging Waste,1.88,False
5,2025-07-01,Metal Scrap,79.92,True
5,2025-07-01,Plastic Waste,42.48,True
5,2025-07-01,Electrical Waste,19.53,True
5,2025-07-01,Packaging Waste,29.22,False
1,2025-07-02,Metal Scrap,9.78,True
1,2025-07-02,Plastic Waste,4.57,True
1,2025-07-02,Electrical Waste,2.11,True
1,2025-07-02,Packaging Waste,3.34,False
2,2025-07-02,Metal Scrap,0.66,True
2,2025-07-02,Plastic Waste,0.35,True
2,2025-07-02,Electrical Waste,0.15,True
2,2025-07-02,Packaging Waste,0.23,False
3,2025-07-02,Metal Scrap,24.35,True
3,2025-07-02,Plastic Waste,11.12,True
3,2025-07-02,Electrical Waste,5.2,True
3,2025-07-02,Packaging Waste,7.59,False
4,2025-07-02,Metal Scrap,4.82,True
4,2025-07-02,Plastic Waste,2.52,True
4,2025-07-02,Electrical Waste,0.98,True
4,2025-07-02,Packaging Waste,1.74,False
5,2025-07-02,Metal Scrap,58.04,True
5,2025-07-02,Plastic Waste,29.27,True
5,2025-07-02,Electrical Waste,14.4,True
5,2025-07-02,Packaging Waste,22.33,False
1,2025-07-03,Metal Scrap,14.13,True
1,2025-07-03,Plastic Waste,6.09,True
1,2025-07-03,Electrical Waste,3.18,True
1,2025-07-03,Packaging Waste,4.31,False
2,2025-07-03,Metal Scrap,0.51,True
2,2025-07-03,Plastic Waste,0.27,True
2,2025-07-03,Electrical Waste,0.13,True
2,2025-07-03,Packaging Waste,0.17,False
3,2025-07-03,Metal Scrap,36.59,True
3,2025-07-03,Plastic Waste,16.24,True
3,2025-07-03,Electrical Waste,8.53,True
3,2025-07-03,Packaging Waste,11.55,False
4,2025-07-03,Metal Scrap,5.38,True
4,2025-07-03,Plastic Waste,2.48,True
4,2025-07-03,Electrical Waste,1.14,True
4,2025-07-03,Packaging Waste,1.78,False
5,2025-07-03,Metal Scrap,78.44,True
5,2025-07-03,Plastic Waste,40.54,True
5,2025-07-03,Electrical Waste,20.36,True
5,2025-07-03,Packaging Waste,30.07,False
1,2025-07-04,Metal Scrap,12.81,True
1,2025-07-04,Plastic Waste,6.72,True
1,2025-07-04,Electrical Waste,2.96,True
1,2025-07-04,Packaging Waste,4.19,False
2,2025-07-04,Metal Scrap,0.47,True
2,2025-07-04,Plastic Waste,0.25,True
2,2025-07-04,Electrical Waste,0.12,True
2,2025-07-04,Packaging Waste,0.16,False
3,2025-07-04,Metal Scrap,24.23,True
3,2025-07-04,Plastic Waste,12.53,True
3,2025-07-04,Electrical Waste,4.69,True
3,2025-07-04,Packaging Waste,7.28,False
4,2025-07-04,Metal Scrap,5.21,True
4,2025-07-04,Plastic Waste,2.68,True
4,2025-07-04,Electrical Waste,1.06,True
4,2025-07-04,Packaging Waste,1.66,False
5,2025-07-04,Metal Scrap,76.0,True
5,2025-07-04,Plastic Waste,37.55,True
5,2025-07-04,Electrical Waste,15.31,True
5,2025-07-04,Packaging Waste,25.6,False
1,2025-07-05,Metal Scrap,3.7,True
1,2025-07-05,Plastic Waste,1.95,True
1,2025-07-05,Electrical Waste,0.78,True
1,2025-07-05,Packaging Waste,1.15,False
2,2025-07-05,Metal Scrap,0.17,True
2,2025-07-05,Plastic Waste,0.09,True
2,2025-07-05,Electrical Waste,0.04,True
2,2025-07-05,Packaging Waste,0.07,False
3,2025-07-05,Metal Scrap,11.52,True
3,2025-07-05,Plastic Waste,5.65,True
3,2025-07-05,Electrical Waste,2.41,True
3,2025-07-05,Packaging Waste,4.19,False
4,2025-07-05,Metal Scrap,2.39,True
4,2025-07-05,Plastic Waste,1.21,True
4,2025-07-05,Electrical Waste,0.5,True
4,2025-07-05,Packaging Waste,0.76,False
5,2025-07-05,Metal Scrap,24.14,True
5,2025-07-05,Plastic Waste,13.5,True
5,2025-07-05,Electrical Waste,6.47,True
5,2025-07-05,Packaging Waste,9.51,False
1,2025-07-07,Metal Scrap,12.14,True
1,2025-07-07,Plastic Waste,6.28,True
1,2025-07-07,Electrical Waste,2.57,True
1,2025-07-07,Packaging Waste,3.97,False
2,2025-07-07,Metal Scrap,0.56,True
2,2025-07-07,Plastic Waste,0.34,True
2,2025-07-07,Electrical Waste,0.15,True
2,2025-07-07,Packaging Waste,0.19,False
3,2025-07-07,Metal Scrap,32.58,True
3,2025-07-07,Plastic Waste,15.94,True
3,2025-07-07,Electrical Waste,7.02,True
3,2025-07-07,Packaging Waste,9.31,False
4,2025-07-07,Metal Scrap,4.74,True
4,2025-07-07,Plastic Waste,2.72,True
4,2025-07-07,Electrical Waste,1.1,True
4,2025-07-07,Packaging Waste,1.87,False
5,2025-07-07,Metal Scrap,77.2,True
5,2025-07-07,Plastic Waste,38.01,True
5,2025-07-07,Electrical Waste,16.73,True
5,2025-07-07,Packaging Waste,24.95,False
1,2025-07-08,Metal Scrap,8.05,True
1,2025-07-08,Plastic Waste,4.33,True
1,2025-07-08,Electrical Waste,2.0,True
1,2025-07-08,Packaging Waste,3.09,False
2,2025-07-08,Metal Scrap,0.64,True
2,2025-07-08,Plastic Waste,0.31,True
2,2025-07-08,Electrical Waste,0.15,True
2,2025-07-08,Packaging Waste,0.23,False
3,2025-07-08,Metal Scrap,31.89,True
3,2025-07-08,Plastic Waste,14.96,True
3,2025-07-08,Electrical Waste,7.02,True
3,2025-07-08,Packaging Waste,10.45,False
4,2025-07-08,Metal Scrap,5.97,True
4,2025-07-08,Plastic Waste,2.95,True
4,2025-07-08,Electrical Waste,1.3,True
4,2025-07-08,Packaging Waste,2.34,False
5,2025-07-08,Metal Scrap,63.56,True
5,2025-07-08,Plastic Waste,34.09,True
5,2025-07-08,Electrical Waste,13.46,True
5,2025-07-08,Packaging Waste,22.09,False
1,2025-07-09,Metal Scrap,12.15,True
1,2025-07-09,Plastic Waste,5.56,True
1,2025-07-09,Electrical Waste,2.4,True
1,2025-07-09,Packaging Waste,4.07,False
2,2025-07-09,Metal Scrap,0.48,True
2,2025-07-09,Plastic Waste,0.24,True
2,2025-07-09,Electrical Waste,0.11,True
2,2025-07-09,Packaging Waste,0.16,False
3,2025-07-09,Metal Scrap,31.27,True
3,2025-07-09,Plastic Waste,16.15,True
3,2025-07-09,Electrical Waste,7.23,True
3,2025-07-09,Packaging Waste,10.71,False
4,2025-07-09,Metal Scrap,6.54,True
4,2025-07-09,Plastic Waste,2.91,True
4,2025-07-09,Electrical Waste,1.34,True
4,2025-07-09,Packaging Waste,2.0,False
5,2025-07-09,Metal Scrap,67.7,True
5,2025-07-09,Plastic Waste,39.98,True
5,2025-07-09,Electrical Waste,17.3,True
5,2025-07-09,Packaging Waste,24.0,False
1,2025-07-10,Metal Scrap,11.2,True
1,2025-07-10,Plastic Waste,5.2,True
1,2025-07-10,Electrical Waste,2.46,True
1,2025-07-10,Packaging Waste,3.88,False
2,2025-07-10,Metal Scrap,0.74,True
2,2025-07-10,Plastic Waste,0.36,True
2,2025-07-10,Electrical Waste,0.16,True
2,2025-07-10,Packaging Waste,0.25,False
3,2025-07-10,Metal Scrap,24.92,True
3,2025-07-10,Plastic Waste,12.9,True
3,2025-07-10,Electrical Waste,4.99,True
3,2025-07-10,Packaging Waste,7.36,False
4,2025-07-10,Metal Scrap,4.52,True
4,2025-07-10,Plastic Waste,2.39,True
4,2025-07-10,Electrical Waste,1.19,True
4,2025-07-10,Packaging Waste,1.76,False
5,2025-07-10,Metal Scrap,73.25,True
5,2025-07-10,Plastic Waste,41.66,True
5,2025-07-10,Electrical Waste,17.29,True
5,2025-07-10,Packaging Waste,24.61,False
1,2025-07-11,Metal Scrap,9.28,True
1,2025-07-11,Plastic Waste,5.15,True
1,2025-07-11,Electrical Waste,2.1,True
1,2025-07-11,Packaging Waste,3.46,False
2,2025-07-11,Metal Scrap,0.4,True
2,2025-07-11,Plastic Waste,0.2,True
2,2025-07-11,Electrical Waste,0.09,True
2,2025-07-11,Packaging Waste,0.15,False
3,2025-07-11,Metal Scrap,25.8,True
3,2025-07-11,Plastic Waste,14.32,True
3,2025-07-11,Electrical Waste,6.03,True
3,2025-07-11,Packaging Waste,9.69,False
4,2025-07-11,Metal Scrap,4.74,True
4,2025-07-11,Plastic Waste,2.88,True
4,2025-07-11,Electrical Waste,1.19,True
4,2025-07-11,Packaging Waste,1.91,False
5,2025-07-11,Metal Scrap,70.94,True
5,2025-07-11,Plastic Waste,35.86,True
5,2025-07-11,Electrical Waste,15.13,True
5,2025-07-11,Packaging Waste,26.68,False
1,2025-07-12,Metal Scrap,4.07,True
1,2025-07-12,Plastic Waste,2.12,True
1,2025-07-12,Electrical Waste,0.98,True
1,2025-07-12,Packaging Waste,1.53,False
2,2025-07-12,Metal Scrap,0.17,True
2,2025-07-12,Plastic Waste,0.08,True
2,2025-07-12,Electrical Waste,0.04,True
2,2025-07-12,Packaging Waste,0.06,False
3,2025-07-12,Metal Scrap,7.95,True
3,2025-07-12,Plastic Waste,3.86,True
3,2025-07-12,Electrical Waste,1.77,True
3,2025-07-12,Packaging Waste,2.42,False
4,2025-07-12,Metal Scrap,2.38,True
4,2025-07-12,Plastic Waste,1.07,True
4,2025-07-12,Electrical Waste,0.51,True
4,2025-07-12,Packaging Waste,0.83,False
5,2025-07-12,Metal Scrap,24.42,True
5,2025-07-12,Plastic Waste,14.16,True
5,2025-07-12,Electrical Waste,5.97,True
5,2025-07-12,Packaging Waste,9.44,False
1,2025-07-14,Metal Scrap,11.98,True
1,2025-07-14,Plastic Waste,6.87,True
1,2025-07-14,Electrical Waste,3.06,True
1,2025-07-14,Packaging Waste,4.39,False
2,2025-07-14,Metal Scrap,0.72,True
2,2025-07-14,Plastic Waste,0.33,True
2,2025-07-14,Electrical Waste,0.14,True
2,2025-07-14,Packaging Waste,0.21,False
3,2025-07-14,Metal Scrap,24.62,True
3,2025-07-14,Plastic Waste,11.73,True
3,2025-07-14,Electrical Waste,5.57,True
3,2025-07-14,Packaging Waste,9.24,False
4,2025-07-14,Metal Scrap,5.08,True
4,2025-07-14,Plastic Waste,2.89,True
4,2025-07-14,Electrical Waste,1.27,True
4,2025-07-14,Packaging Waste,1.76,False
5,2025-07-14,Metal Scrap,68.49,True
5,2025-07-14,Plastic Waste,32.86,True
5,2025-07-14,Electrical Waste,13.95,True
5,2025-07-14,Packaging Waste,22.08,False
1,2025-07-15,Metal Scrap,9.01,True
1,2025-07-15,Plastic Waste,4.25,True
1,2025-07-15,Electrical Waste,2.16,True
1,2025-07-15,Packaging Waste,2.91,False
2,2025-07-15,Metal Scrap,0.57,True
2,2025-07-15,Plastic Waste,0.32,True
2,2025-07-15,Electrical Waste,0.14,True
2,2025-07-15,Packaging Waste,0.2,False
3,2025-07-15,Metal Scrap,22.61,True
3,2025-07-15,Plastic Waste,11.86,True
3,2025-07-15,Electrical Waste,4.65,True
3,2025-07-15,Packaging Waste,7.77,False
4,2025-07-15,Metal Scrap,6.92,True
4,2025-07-15,Plastic Waste,3.43,True
4,2025-07-15,Electrical Waste,1.77,True
4,2025-07-15,Packaging Waste,2.64,False
5,2025-07-15,Metal Scrap,63.39,True
5,2025-07-15,Plastic Waste,31.44,True
5,2025-07-15,Electrical Waste,15.45,True
5,2025-07-15,Packaging Waste,20.53,False
1,2025-07-16,Metal Scrap,11.91,True
1,2025-07-16,Plastic Waste,5.95,True
1,2025-07-16,Electrical Waste,2.43,True
1,2025-07-16,Packaging Waste,3.8,False
2,2025-07-16,Metal Scrap,0.4,True
2,2025-07-16,Plastic Waste,0.18,True
2,2025-07-16,Electrical Waste,0.1,True
2,2025-07-16,Packaging Waste,0.13,False
3,2025-07-16,Metal Scrap,27.6,True
3,2025-07-16,Plastic Waste,12.82,True
3,2025-07-16,Electrical Waste,6.89,True
3,2025-07-16,Packaging Waste,9.7,False
4,2025-07-16,Metal Scrap,5.48,True
4,2025-07-16,Plastic Waste,2.47,True
4,2025-07-16,Electrical Waste,1.26,True
4,2025-07-16,Packaging Waste,1.79,False
5,2025-07-16,Metal Scrap,71.25,True
5,2025-07-16,Plastic Waste,37.9,True
5,2025-07-16,Electrical Waste,16.6,True
5,2025-07-16,Packaging Waste,23.29,False
1,2025-07-17,Metal Scrap,9.78,True
1,2025-07-17,Plastic Waste,4.97,True
1,2025-07-17,Electrical Waste,2.07,True
1,2025-07-17,Packaging Waste,3.33,False
2,2025-07-17,Metal Scrap,0.49,True
2,2025-07-17,Plastic Waste,0.23,True
2,2025-07-17,Electrical Waste,0.11,True
2,2025-07-17,Packaging Waste,0.15,False
3,2025-07-17,Metal Scrap,31.32,True
3,2025-07-17,Plastic Waste,13.91,True
3,2025-07-17,Electrical Waste,7.01,True
3,2025-07-17,Packaging Waste,9.3,False
4,2025-07-17,Metal Scrap,5.71,True
4,2025-07-17,Plastic Waste,2.93,True
4,2025-07-17,Electrical Waste,1.33,True
4,2025-07-17,Packaging Waste,1.99,False
5,2025-07-17,Metal Scrap,80.66,True
5,2025-07-17,Plastic Waste,43.75,True
5,2025-07-17,Electrical Waste,18.2,True
5,2025-07-17,Packaging Waste,30.21,False
1,2025-07-18,Metal Scrap,11.21,True
1,2025-07-18,Plastic Waste,5.46,True
1,2025-07-18,Electrical Waste,2.67,True
1,2025-07-18,Packaging Waste,3.77,False
2,2025-07-18,Metal Scrap,0.45,True
2,2025-07-18,Plastic Waste,0.21,True
2,2025-07-18,Electrical Waste,0.09,True
2,2025-07-18,Packaging Waste,0.15,False
3,2025-07-18,Metal Scrap,31.43,True
3,2025-07-18,Plastic Waste,15.95,True
3,2025-07-18,Electrical Waste,6.87,True
3,2025-07-18,Packaging Waste,9.27,False
4,2025-07-18,Metal Scrap,5.07,True
4,2025-07-18,Plastic Waste,2.85,True
4,2025-07-18,Electrical Waste,1.32,True
4,2025-07-18,Packaging Waste,1.74,False
5,2025-07-18,Metal Scrap,68.35,True
5,2025-07-18,Plastic Waste,34.97,True
5,2025-07-18,Electrical Waste,18.03,True
5,2025-07-18,Packaging Waste,23.63,False
1,2025-07-19,Metal Scrap,3.36,True
1,2025-07-19,Plastic Waste,1.6,True
1,2025-07-19,Electrical Waste,0.72,True
1,2025-07-19,Packaging Waste,1.05,False
2,2025-07-19,Metal Scrap,0.14,True
2,2025-07-19,Plastic Waste,0.08,True
2,2025-07-19,Electrical Waste,0.03,True
2,2025-07-19,Packaging Waste,0.05,False
3,2025-07-19,Metal Scrap,8.56,True
3,2025-07-19,Plastic Waste,5.03,True
3,2025-07-19,Electrical Waste,1.93,True
3,2025-07-19,Packaging Waste,3.42,False
4,2025-07-19,Metal Scrap,2.1,True
4,2025-07-19,Plastic Waste,0.98,True
4,2025-07-19,Electrical Waste,0.45,True
4,2025-07-19,Packaging Waste,0.69,False
5,2025-07-19,Metal Scrap,33.64,True
5,2025-07-19,Plastic Waste,18.17,True
5,2025-07-19,Electrical Waste,6.89,True
5,2025-07-19,Packaging Waste,11.97,False
1,2025-07-21,Metal Scrap,10.82,True
1,2025-07-21,Plastic Waste,5.82,True
1,2025-07-21,Electrical Waste,2.88,True
1,2025-07-21,Packaging Waste,3.78,False
2,2025-07-21,Metal Scrap,0.38,True
2,2025-07-21,Plastic Waste,0.21,True
2,2025-07-21,Electrical Waste,0.09,True
2,2025-07-21,Packaging Waste,0.14,False
3,2025-07-21,Metal Scrap,29.81,True
3,2025-07-21,Plastic Waste,13.35,True
3,2025-07-21,Electrical Waste,6.69,True
3,2025-07-21,Packaging Waste,8.8,False
4,2025-07-21,Metal Scrap,5.36,True
4,2025-07-21,Plastic Waste,2.36,True
4,2025-07-21,Electrical Waste,1.11,True
4,2025-07-21,Packaging Waste,1.72,False
5,2025-07-21,Metal Scrap,71.4,True
5,2025-07-21,Plastic Waste,35.86,True
5,2025-07-21,Electrical Waste,14.41,True
5,2025-07-21,Packaging Waste,22.53,False
1,2025-07-22,Metal Scrap,8.4,True
1,2025-07-22,Plastic Waste,4.03,True
1,2025-07-22,Electrical Waste,2.05,True
1,2025-07-22,Packaging Waste,3.16,False
2,2025-07-22,Metal Scrap,0.49,True
2,2025-07-22,Plastic Waste,0.21,True
2,2025-07-22,Electrical Waste,0.11,True
2,2025-07-22,Packaging Waste,0.14,False
3,2025-07-22,Metal Scrap,28.14,True
3,2025-07-22,Plastic Waste,13.39,True
3,2025-07-22,Electrical Waste,6.24,True
3,2025-07-22,Packaging Waste,9.46,False
4,2025-07-22,Metal Scrap,7.23,True
4,2025-07-22,Plastic Waste,3.7,True
4,2025-07-22,Electrical Waste,1.67,True
4,2025-07-22,Packaging Waste,2.42,False
5,2025-07-22,Metal Scrap,77.14,True
5,2025-07-22,Plastic Waste,42.9,True
5,2025-07-22,Electrical Waste,18.0,True
5,2025-07-22,Packaging Waste,25.26,False
1,2025-07-23,Metal Scrap,11.18,True
1,2025-07-23,Plastic Waste,5.95,True
1,2025-07-23,Electrical Waste,2.34,True
1,2025-07-23,Packaging Waste,3.94,False
2,2025-07-23,Metal Scrap,0.51,True
2,2025-07-23,Plastic Waste,0.27,True
2,2025-07-23,Electrical Waste,0.13,True
2,2025-07-23,Packaging Waste,0.18,False
3,2025-07-23,Metal Scrap,28.33,True
3,2025-07-23,Plastic Waste,13.8,True
3,2025-07-23,Electrical Waste,6.65,True
3,2025-07-23,Packaging Waste,8.28,False
4,2025-07-23,Metal Scrap,5.47,True
4,2025-07-23,Plastic Waste,2.55,True
4,2025-07-23,Electrical Waste,1.3,True
4,2025-07-23,Packaging Waste,1.95,False
5,2025-07-23,Metal Scrap,69.55,True
5,2025-07-23,Plastic Waste,30.48,True
5,2025-07-23,Electrical Waste,14.78,True
5,2025-07-23,Packaging Waste,21.05,False
1,2025-07-24,Metal Scrap,12.18,True
1,2025-07-24,Plastic Waste,5.21,True
1,2025-07-24,Electrical Waste,2.4,True
1,2025-07-24,Packaging Waste,3.93,False
2,2025-07-24,Metal Scrap,0.55,True
2,2025-07-24,Plastic Waste,0.28,True
2,2025-07-24,Electrical Waste,0.13,True
2,2025-07-24,Packaging Waste,0.21,False
3,2025-07-24,Metal Scrap,28.35,True
3,2025-07-24,Plastic Waste,15.78,True
3,2025-07-24,Electrical Waste,6.48,True
3,2025-07-24,Packaging Waste,9.07,False
4,2025-07-24,Metal Scrap,5.28,True
4,2025-07-24,Plastic Waste,2.8,True
4,2025-07-24,Electrical Waste,1.11,True
4,2025-07-24,Packaging Waste,1.78,False
5,2025-07-24,Metal Scrap,87.59,True
5,2025-07-24,Plastic Waste,40.09,True
5,2025-07-24,Electrical Waste,18.18,True
5,2025-07-24,Packaging Waste,30.31,False
1,2025-07-25,Metal Scrap,10.68,True
1,2025-07-25,Plastic Waste,5.15,True
1,2025-07-25,Electrical Waste,2.39,True
1,2025-07-25,Packaging Waste,3.37,False
2,2025-07-25,Metal Scrap,0.74,True
2,2025-07-25,Plastic Waste,0.4,True
2,2025-07-25,Electrical Waste,0.16,True
2,2025-07-25,Packaging Waste,0.22,False
3,2025-07-25,Metal Scrap,21.78,True
3,2025-07-25,Plastic Waste,11.75,True
3,2025-07-25,Electrical Waste,5.33,True
3,2025-07-25,Packaging Waste,8.1,False
4,2025-07-25,Metal Scrap,5.03,True
4,2025-07-25,Plastic Waste,2.68,True
4,2025-07-25,Electrical Waste,1.21,True
4,2025-07-25,Packaging Waste,1.6,False
5,2025-07-25,Metal Scrap,86.06,True
5,2025-07-25,Plastic Waste,39.74,True
5,2025-07-25,Electrical Waste,18.11,True
5,2025-07-25,Packaging Waste,29.9,False
1,2025-07-26,Metal Scrap,4.06,True
1,2025-07-26,Plastic Waste,1.83,True
1,2025-07-26,Electrical Waste,0.85,True
1,2025-07-26,Packaging Waste,1.33,False
2,2025-07-26,Metal Scrap,0.18,True
2,2025-07-26,Plastic Waste,0.09,True
2,2025-07-26,Electrical Waste,0.04,True
2,2025-07-26,Packaging Waste,0.07,False
3,2025-07-26,Metal Scrap,9.0,True
3,2025-07-26,Plastic Waste,4.08,True
3,2025-07-26,Electrical Waste,2.01,True
3,2025-07-26,Packaging Waste,2.77,False
4,2025-07-26,Metal Scrap,2.1,True
4,2025-07-26,Plastic Waste,0.97,True
4,2025-07-26,Electrical Waste,0.44,True
4,2025-07-26,Packaging Waste,0.7,False
5,2025-07-26,Metal Scrap,26.16,True
5,2025-07-26,Plastic Waste,11.88,True
5,2025-07-26,Electrical Waste,5.63,True
5,2025-07-26,Packaging Waste,9.33,False
1,2025-07-28,Metal Scrap,11.62,True
1,2025-07-28,Plastic Waste,5.7,True
1,2025-07-28,Electrical Waste,2.62,True
1,2025-07-28,Packaging Waste,3.7,False
2,2025-07-28,Metal Scrap,0.61,True
2,2025-07-28,Plastic Waste,0.33,True
2,2025-07-28,Electrical Waste,0.13,True
2,2025-07-28,Packaging Waste,0.2,False
3,2025-07-28,Metal Scrap,29.9,True
3,2025-07-28,Plastic Waste,13.91,True
3,2025-07-28,Electrical Waste,7.39,True
3,2025-07-28,Packaging Waste,10.88,False
4,2025-07-28,Metal Scrap,4.21,True
4,2025-07-28,Plastic Waste,2.18,True
4,2025-07-28,Electrical Waste,1.05,True
4,2025-07-28,Packaging Waste,1.35,False
5,2025-07-28,Metal Scrap,76.83,True
5,2025-07-28,Plastic Waste,40.69,True
5,2025-07-28,Electrical Waste,16.0,True
5,2025-07-28,Packaging Waste,25.35,False
1,2025-07-29,Metal Scrap,12.39,True
1,2025-07-29,Plastic Waste,6.72,True
1,2025-07-29,Electrical Waste,2.78,True
1,2025-07-29,Packaging Waste,4.07,False
2,2025-07-29,Metal Scrap,0.55,True
2,2025-07-29,Plastic Waste,0.28,True
2,2025-07-29,Electrical Waste,0.12,True
2,2025-07-29,Packaging Waste,0.17,False
3,2025-07-29,Metal Scrap,22.84,True
3,2025-07-29,Plastic Waste,11.76,True
3,2025-07-29,Electrical Waste,4.73,True
3,2025-07-29,Packaging Waste,6.64,False
4,2025-07-29,Metal Scrap,6.83,True
4,2025-07-29,Plastic Waste,3.72,True
4,2025-07-29,Electrical Waste,1.67,True
4,2025-07-29,Packaging Waste,2.29,False
5,2025-07-29,Metal Scrap,56.76,True
5,2025-07-29,Plastic Waste,30.08,True
5,2025-07-29,Electrical Waste,13.0,True
5,2025-07-29,Packaging Waste,20.33,False
1,2025-07-30,Metal Scrap,9.13,True
1,2025-07-30,Plastic Waste,4.3,True
1,2025-07-30,Electrical Waste,2.08,True
1,2025-07-30,Packaging Waste,2.92,False
2,2025-07-30,Metal Scrap,0.61,True
2,2025-07-30,Plastic Waste,0.33,True
2,2025-07-30,Electrical Waste,0.16,True
2,2025-07-30,Packaging Waste,0.22,False
3,2025-07-30,Metal Scrap,30.26,True
3,2025-07-30,Plastic Waste,14.27,True
3,2025-07-30,Electrical Waste,6.58,True
3,2025-07-30,Packaging Waste,9.17,False
4,2025-07-30,Metal Scrap,4.76,True
4,2025-07-30,Plastic Waste,2.57,True
4,2025-07-30,Electrical Waste,1.17,True
4,2025-07-30,Packaging Waste,1.79,False
5,2025-07-30,Metal Scrap,73.96,True
5,2025-07-30,Plastic Waste,36.2,True
5,2025-07-30,Electrical Waste,17.17,True
5,2025-07-30,Packaging Waste,26.21,False
1,2025-07-31,Metal Scrap,9.88,True
1,2025-07-31,Plastic Waste,5.68,True
1,2025-07-31,Electrical Waste,2.51,True
1,2025-07-31,Packaging Waste,3.56,False
2,2025-07-31,Metal Scrap,0.51,True
2,2025-07-31,Plastic Waste,0.27,True
2,2025-07-31,Electrical Waste,0.13,True
2,2025-07-31,Packaging Waste,0.18,False
3,2025-07-31,Metal Scrap,27.89,True
3,2025-07-31,Plastic Waste,12.74,True
3,2025-07-31,Electrical Waste,5.81,True
3,2025-07-31,Packaging Waste,8.65,False
4,2025-07-31,Metal Scrap,6.75,True
4,2025-07-31,Plastic Waste,3.37,True
4,2025-07-31,Electrical Waste,1.38,True
4,2025-07-31,Packaging Waste,2.28,False
5,2025-07-31,Metal Scrap,67.69,True
5,2025-07-31,Plastic Waste,40.82,True
5,2025-07-31,Electrical Waste,15.71,True
5,2025-07-31,Packaging Waste,27.49,False
1,2025-08-01,Metal Scrap,11.85,True
1,2025-08-01,Plastic Waste,6.24,True
1,2025-08-01,Electrical Waste,2.71,True
1,2025-08-01,Packaging Waste,3.92,False
2,2025-08-01,Metal Scrap,0.42,True
2,2025-08-01,Plastic Waste,0.24,True
2,2025-08-01,Electrical Waste,0.11,True
2,2025-08-01,Packaging Waste,0.15,False
3,2025-08-01,Metal Scrap,21.24,True
3,2025-08-01,Plastic Waste,11.48,True
3,2025-08-01,Electrical Waste,4.59,True
3,2025-08-01,Packaging Waste,7.69,False
4,2025-08-01,Metal Scrap,6.88,True
4,2025-08-01,Plastic Waste,3.11,True
4,2025-08-01,Electrical Waste,1.45,True
4,2025-08-01,Packaging Waste,1.94,False
5,2025-08-01,Metal Scrap,76.95,True
5,2025-08-01,Plastic Waste,42.65,True
5,2025-08-01,Electrical Waste,19.55,True
5,2025-08-01,Packaging Waste,29.82,False
1,2025-08-02,Metal Scrap,4.7,True
1,2025-08-02,Plastic Waste,2.45,True
1,2025-08-02,Electrical Waste,1.05,True
1,2025-08-02,Packaging Waste,1.56,False
2,2025-08-02,Metal Scrap,0.15,True
2,2025-08-02,Plastic Waste,0.07,True
2,2025-08-02,Electrical Waste,0.03,True
2,2025-08-02,Packaging Waste,0.05,False
3,2025-08-02,Metal Scrap,11.94,True
3,2025-08-02,Plastic Waste,5.39,True
3,2025-08-02,Electrical Waste,2.34,True
3,2025-08-02,Packaging Waste,3.88,False
4,2025-08-02,Metal Scrap,1.91,True
4,2025-08-02,Plastic Waste,0.98,True
4,2025-08-02,Electrical Waste,0.47,True
4,2025-08-02,Packaging Waste,0.68,False
5,2025-08-02,Metal Scrap,27.52,True
5,2025-08-02,Plastic Waste,14.52,True
5,2025-08-02,Electrical Waste,5.91,True
5,2025-08-02,Packaging Waste,9.73,False
1,2025-08-04,Metal Scrap,11.92,True
1,2025-08-04,Plastic Waste,6.23,True
1,2025-08-04,Electrical Waste,2.98,True
1,2025-08-04,Packaging Waste,4.0,False
2,2025-08-04,Metal Scrap,0.58,True
2,2025-08-04,Plastic Waste,0.31,True
2,2025-08-04,Electrical Waste,0.13,True
2,2025-08-04,Packaging Waste,0.23,False
3,2025-08-04,Metal Scrap,32.1,True
3,2025-08-04,Plastic Waste,16.66,True
3,2025-08-04,Electrical Waste,7.16,True
3,2025-08-04,Packaging Waste,10.91,False
4,2025-08-04,Metal Scrap,6.11,True
4,2025-08-04,Plastic Waste,3.42,True
4,2025-08-04,Electrical Waste,1.38,True
4,2025-08-04,Packaging Waste,2.03,False
5,2025-08-04,Metal Scrap,74.87,True
5,2025-08-04,Plastic Waste,37.55,True
5,2025-08-04,Electrical Waste,18.29,True
5,2025-08-04,Packaging Waste,26.94,False
1,2025-08-05,Metal Scrap,11.11,True
1,2025-08-05,Plastic Waste,5.21,True
1,2025-08-05,Electrical Waste,2.38,True
1,2025-08-05,Packaging Waste,3.56,False
2,2025-08-05,Metal Scrap,0.52,True
2,2025-08-05,Plastic Waste,0.27,True
2,2025-08-05,Electrical Waste,0.12,True
2,2025-08-05,Packaging Waste,0.19,False
3,2025-08-05,Metal Scrap,25.37,True
3,2025-08-05,Plastic Waste,14.26,True
3,2025-08-05,Electrical Waste,6.14,True
3,2025-08-05,Packaging Waste,9.48,False
4,2025-08-05,Metal Scrap,5.25,True
4,2025-08-05,Plastic Waste,3.09,True
4,2025-08-05,Electrical Waste,1.32,True
4,2025-08-05,Packaging Waste,2.16,False
5,2025-08-05,Metal Scrap,61.25,True
5,2025-08-05,Plastic Waste,31.55,True
5,2025-08-05,Electrical Waste,14.95,True
5,2025-08-05,Packaging Waste,21.28,False
1,2025-08-06,Metal Scrap,9.69,True
1,2025-08-06,Plastic Waste,5.6,True
1,2025-08-06,Electrical Waste,2.5,True
1,2025-08-06,Packaging Waste,3.37,False
2,2025-08-06,Metal Scrap,0.54,True
2,2025-08-06,Plastic Waste,0.26,True
2,2025-08-06,Electrical Waste,0.13,True
2,2025-08-06,Packaging Waste,0.2,False
3,2025-08-06,Metal Scrap,22.86,True
3,2025-08-06,Plastic Waste,12.79,True
3,2025-08-06,Electrical Waste,5.3,True
3,2025-08-06,Packaging Waste,7.31,False
4,2025-08-06,Metal Scrap,7.07,True
4,2025-08-06,Plastic Waste,3.16,True
4,2025-08-06,Electrical Waste,1.5,True
4,2025-08-06,Packaging Waste,2.45,False
5,2025-08-06,Metal Scrap,81.9,True
5,2025-08-06,Plastic Waste,49.24,True
5,2025-08-06,Electrical Waste,20.21,True
5,2025-08-06,Packaging Waste,27.12,False
1,2025-08-07,Metal Scrap,8.66,True
1,2025-08-07,Plastic Waste,5.04,True
1,2025-08-07,Electrical Waste,2.29,True
1,2025-08-07,Packaging Waste,3.49,False
2,2025-08-07,Metal Scrap,0.44,True
2,2025-08-07,Plastic Waste,0.21,True
2,2025-08-07,Electrical Waste,0.1,True
2,2025-08-07,Packaging Waste,0.16,False
3,2025-08-07,Metal Scrap,25.55,True
3,2025-08-07,Plastic Waste,12.66,True
3,2025-08-07,Electrical Waste,5.49,True
3,2025-08-07,Packaging Waste,8.7,False
4,2025-08-07,Metal Scrap,7.01,True
4,2025-08-07,Plastic Waste,3.2,True
4,2025-08-07,Electrical Waste,1.52,True
4,2025-08-07,Packaging Waste,2.21,False
5,2025-08-07,Metal Scrap,75.07,True
5,2025-08-07,Plastic Waste,38.33,True
5,2025-08-07,Electrical Waste,19.8,True
5,2025-08-07,Packaging Waste,28.38,False
1,2025-08-08,Metal Scrap,11.4,True
1,2025-08-08,Plastic Waste,5.46,True
1,2025-08-08,Electrical Waste,2.44,True
1,2025-08-08,Packaging Waste,3.77,False
2,2025-08-08,Metal Scrap,0.52,True
2,2025-08-08,Plastic Waste,0.26,True
2,2025-08-08,Electrical Waste,0.1,True
2,2025-08-08,Packaging Waste,0.18,False
3,2025-08-08,Metal Scrap,24.31,True
3,2025-08-08,Plastic Waste,12.77,True
3,2025-08-08,Electrical Waste,5.65,True
3,2025-08-08,Packaging Waste,8.7,False
4,2025-08-08,Metal Scrap,5.58,True
4,2025-08-08,Plastic Waste,2.93,True
4,2025-08-08,Electrical Waste,1.15,True
4,2025-08-08,Packaging Waste,2.04,False
5,2025-08-08,Metal Scrap,73.44,True
5,2025-08-08,Plastic Waste,43.35,True
5,2025-08-08,Electrical Waste,17.5,True
5,2025-08-08,Packaging Waste,25.07,False
1,2025-08-09,Metal Scrap,4.38,True
1,2025-08-09,Plastic Waste,2.11,True
1,2025-08-09,Electrical Waste,0.93,True
1,2025-08-09,Packaging Waste,1.47,False
2,2025-08-09,Metal Scrap,0.16,True
2,2025-08-09,Plastic Waste,0.08,True
2,2025-08-09,Electrical Waste,0.03,True
2,2025-08-09,Packaging Waste,0.05,False
3,2025-08-09,Metal Scrap,11.53,True
3,2025-08-09,Plastic Waste,5.65,True
3,2025-08-09,Electrical Waste,2.72,True
3,2025-08-09,Packaging Waste,3.46,False
4,2025-08-09,Metal Scrap,2.21,True
4,2025-08-09,Plastic Waste,1.19,True
4,2025-08-09,Electrical Waste,0.52,True
4,2025-08-09,Packaging Waste,0.77,False
5,2025-08-09,Metal Scrap,32.13,True
5,2025-08-09,Plastic Waste,18.48,True
5,2025-08-09,Electrical Waste,7.61,True
5,2025-08-09,Packaging Waste,11.43,False
1,2025-08-11,Metal Scrap,11.94,True
1,2025-08-11,Plastic Waste,5.98,True
1,2025-08-11,Electrical Waste,3.01,True
1,2025-08-11,Packaging Waste,4.46,False
2,2025-08-11,Metal Scrap,0.52,True
2,2025-08-11,Plastic Waste,0.24,True
2,2025-08-11,Electrical Waste,0.11,True
2,2025-08-11,Packaging Waste,0.18,False
3,2025-08-11,Metal Scrap,27.45,True
3,2025-08-11,Plastic Waste,14.32,True
3,2025-08-11,Electrical Waste,6.67,True
3,2025-08-11,Packaging Waste,9.74,False
4,2025-08-11,Metal Scrap,4.71,True
4,2025-08-11,Plastic Waste,2.45,True
4,2025-08-11,Electrical Waste,1.23,True
4,2025-08-11,Packaging Waste,1.63,False
5,2025-08-11,Metal Scrap,67.87,True
5,2025-08-11,Plastic Waste,39.52,True
5,2025-08-11,Electrical Waste,17.74,True
5,2025-08-11,Packaging Waste,26.6,False
1,2025-08-12,Metal Scrap,11.03,True
1,2025-08-12,Plastic Waste,5.74,True
1,2025-08-12,Electrical Waste,2.3,True
1,2025-08-12,Packaging Waste,3.51,False
2,2025-08-12,Metal Scrap,0.43,True
2,2025-08-12,Plastic Waste,0.21,True
2,2025-08-12,Electrical Waste,0.09,True
2,2025-08-12,Packaging Waste,0.16,False
3,2025-08-12,Metal Scrap,26.23,True
3,2025-08-12,Plastic Waste,13.07,True
3,2025-08-12,Electrical Waste,5.56,True
3,2025-08-12,Packaging Waste,9.3,False
4,2025-08-12,Metal Scrap,5.14,True
4,2025-08-12,Plastic Waste,2.94,True
4,2025-08-12,Electrical Waste,1.38,True
4,2025-08-12,Packaging Waste,1.85,False
5,2025-08-12,Metal Scrap,77.85,True
5,2025-08-12,Plastic Waste,41.38,True
5,2025-08-12,Electrical Waste,17.27,True
5,2025-08-12,Packaging Waste,27.41,False
1,2025-08-13,Metal Scrap,11.13,True
1,2025-08-13,Plastic Waste,5.5,True
1,2025-08-13,Electrical Waste,2.42,True
1,2025-08-13,Packaging Waste,3.71,False
2,2025-08-13,Metal Scrap,0.51,True
2,2025-08-13,Plastic Waste,0.28,True
2,2025-08-13,Electrical Waste,0.12,True
2,2025-08-13,Packaging Waste,0.2,False
3,2025-08-13,Metal Scrap,19.46,True
3,2025-08-13,Plastic Waste,10.83,True
3,2025-08-13,Electrical Waste,4.18,True
3,2025-08-13,Packaging Waste,7.07,False
4,2025-08-13,Metal Scrap,4.47,True
4,2025-08-13,Plastic Waste,2.12,True
4,2025-08-13,Electrical Waste,0.92,True
4,2025-08-13,Packaging Waste,1.37,False
5,2025-08-13,Metal Scrap,81.69,True
5,2025-08-13,Plastic Waste,38.88,True
5,2025-08-13,Electrical Waste,18.87,True
5,2025-08-13,Packaging Waste,29.61,False
1,2025-08-14,Metal Scrap,10.77,True
1,2025-08-14,Plastic Waste,4.79,True
1,2025-08-14,Electrical Waste,2.31,True
1,2025-08-14,Packaging Waste,3.28,False
2,2025-08-14,Metal Scrap,0.71,True
2,2025-08-14,Plastic Waste,0.31,True
2,2025-08-14,Electrical Waste,0.14,True
2,2025-08-14,Packaging Waste,0.2,False
3,2025-08-14,Metal Scrap,25.14,True
3,2025-08-14,Plastic Waste,11.7,True
3,2025-08-14,Electrical Waste,5.83,True
3,2025-08-14,Packaging Waste,8.44,False
4,2025-08-14,Metal Scrap,7.58,True
4,2025-08-14,Plastic Waste,4.14,True
4,2025-08-14,Electrical Waste,1.72,True
4,2025-08-14,Packaging Waste,2.58,False
5,2025-08-14,Metal Scrap,84.25,True
5,2025-08-14,Plastic Waste,39.18,True
5,2025-08-14,Electrical Waste,18.47,True
5,2025-08-14,Packaging Waste,25.56,False
1,2025-08-15,Metal Scrap,9.92,True
1,2025-08-15,Plastic Waste,5.69,True
1,2025-08-15,Electrical Waste,2.51,True
1,2025-08-15,Packaging Waste,3.45,False
2,2025-08-15,Metal Scrap,0.5,True
2,2025-08-15,Plastic Waste,0.26,True
2,2025-08-15,Electrical Waste,0.11,True
2,2025-08-15,Packaging Waste,0.17,False
3,2025-08-15,Metal Scrap,28.7,True
3,2025-08-15,Plastic Waste,15.29,True
3,2025-08-15,Electrical Waste,6.74,True
3,2025-08-15,Packaging Waste,9.75,False
4,2025-08-15,Metal Scrap,3.91,True
4,2025-08-15,Plastic Waste,2.16,True
4,2025-08-15,Electrical Waste,0.95,True
4,2025-08-15,Packaging Waste,1.34,False
5,2025-08-15,Metal Scrap,72.59,True
5,2025-08-15,Plastic Waste,35.35,True
5,2025-08-15,Electrical Waste,16.65,True
5,2025-08-15,Packaging Waste,23.92,False
1,2025-08-16,Metal Scrap,3.87,True
1,2025-08-16,Plastic Waste,1.94,True
1,2025-08-16,Electrical Waste,0.84,True
1,2025-08-16,Packaging Waste,1.33,False
2,2025-08-16,Metal Scrap,0.15,True
2,2025-08-16,Plastic Waste,0.08,True
2,2025-08-16,Electrical Waste,0.03,True
2,2025-08-16,Packaging Waste,0.05,False
3,2025-08-16,Metal Scrap,11.74,True
3,2025-08-16,Plastic Waste,5.43,True
3,2025-08-16,Electrical Waste,2.47,True
3,2025-08-16,Packaging Waste,3.69,False
4,2025-08-16,Metal Scrap,1.78,True
4,2025-08-16,Plastic Waste,1.1,True
4,2025-08-16,Electrical Waste,0.43,True
4,2025-08-16,Packaging Waste,0.7,False
5,2025-08-16,Metal Scrap,28.88,True
5,2025-08-16,Plastic Waste,15.76,True
5,2025-08-16,Electrical Waste,7.01,True
5,2025-08-16,Packaging Waste,9.39,False
1,2025-08-18,Metal Scrap,9.32,True
1,2025-08-18,Plastic Waste,4.44,True
1,2025-08-18,Electrical Waste,2.18,True
1,2025-08-18,Packaging Waste,3.08,False
2,2025-08-18,Metal Scrap,0.58,True
2,2025-08-18,Plastic Waste,0.31,True
2,2025-08-18,Electrical Waste,0.13,True
2,2025-08-18,Packaging Waste,0.19,False
3,2025-08-18,Metal Scrap,25.44,True
3,2025-08-18,Plastic Waste,12.14,True
3,2025-08-18,Electrical Waste,5.22,True
3,2025-08-18,Packaging Waste,8.66,False
4,2025-08-18,Metal Scrap,4.21,True
4,2025-08-18,Plastic Waste,2.16,True
4,2025-08-18,Electrical Waste,0.99,True
4,2025-08-18,Packaging Waste,1.45,False
5,2025-08-18,Metal Scrap,77.19,True
5,2025-08-18,Plastic Waste,39.93,True
5,2025-08-18,Electrical Waste,17.41,True
5,2025-08-18,Packaging Waste,29.34,False
1,2025-08-19,Metal Scrap,10.62,True
1,2025-08-19,Plastic Waste,5.43,True
1,2025-08-19,Electrical Waste,2.51,True
1,2025-08-19,Packaging Waste,4.03,False
2,2025-08-19,Metal Scrap,0.44,True
2,2025-08-19,Plastic Waste,0.23,True
2,2025-08-19,Electrical Waste,0.12,True
2,2025-08-19,Packaging Waste,0.17,False
3,2025-08-19,Metal Scrap,24.55,True
3,2025-08-19,Plastic Waste,12.62,True
3,2025-08-19,Electrical Waste,5.31,True
3,2025-08-19,Packaging Waste,7.88,False
4,2025-08-19,Metal Scrap,6.77,True
4,2025-08-19,Plastic Waste,2.95,True
4,2025-08-19,Electrical Waste,1.32,True
4,2025-08-19,Packaging Waste,2.21,False
5,2025-08-19,Metal Scrap,69.85,True
5,2025-08-19,Plastic Waste,39.53,True
5,2025-08-19,Electrical Waste,15.55,True
5,2025-08-19,Packaging Waste,26.06,False
1,2025-08-20,Metal Scrap,9.34,True
1,2025-08-20,Plastic Waste,5.02,True
1,2025-08-20,Electrical Waste,2.19,True
1,2025-08-20,Packaging Waste,3.84,False
2,2025-08-20,Metal Scrap,0.64,True
2,2025-08-20,Plastic Waste,0.33,True
2,2025-08-20,Electrical Waste,0.13,True
2,2025-08-20,Packaging Waste,0.22,False
3,2025-08-20,Metal Scrap,29.33,True
3,2025-08-20,Plastic Waste,13.98,True
3,2025-08-20,Electrical Waste,5.96,True
3,2025-08-20,Packaging Waste,9.64,False
4,2025-08-20,Metal Scrap,5.41,True
4,2025-08-20,Plastic Waste,2.72,True
4,2025-08-20,Electrical Waste,1.05,True
4,2025-08-20,Packaging Waste,1.8,False
5,2025-08-20,Metal Scrap,76.05,True
5,2025-08-20,Plastic Waste,40.6,True
5,2025-08-20,Electrical Waste,18.13,True
5,2025-08-20,Packaging Waste,23.93,False
1,2025-08-21,Metal Scrap,11.16,True
1,2025-08-21,Plastic Waste,5.3,True
1,2025-08-21,Electrical Waste,2.58,True
1,2025-08-21,Packaging Waste,3.59,False
2,2025-08-21,Metal Scrap,0.47,True
2,2025-08-21,Plastic Waste,0.25,True
2,2025-08-21,Electrical Waste,0.1,True
2,2025-08-21,Packaging Waste,0.16,False
3,2025-08-21,Metal Scrap,26.15,True
3,2025-08-21,Plastic Waste,13.72,True
3,2025-08-21,Electrical Waste,6.95,True
3,2025-08-21,Packaging Waste,9.74,False
4,2025-08-21,Metal Scrap,4.68,True
4,2025-08-21,Plastic Waste,2.27,True
4,2025-08-21,Electrical Waste,1.0,True
4,2025-08-21,Packaging Waste,1.62,False
5,2025-08-21,Metal Scrap,59.93,True
5,2025-08-21,Plastic Waste,27.35,True
5,2025-08-21,Electrical Waste,14.15,True
5,2025-08-21,Packaging Waste,20.1,False
1,2025-08-22,Metal Scrap,10.57,True
1,2025-08-22,Plastic Waste,5.87,True
1,2025-08-22,Electrical Waste,2.42,True
1,2025-08-22,Packaging Waste,4.01,False
2,2025-08-22,Metal Scrap,0.73,True
2,2025-08-22,Plastic Waste,0.38,True
2,2025-08-22,Electrical Waste,0.16,True
2,2025-08-22,Packaging Waste,0.24,False
3,2025-08-22,Metal Scrap,28.77,True
3,2025-08-22,Plastic Waste,14.35,True
3,2025-08-22,Electrical Waste,5.95,True
3,2025-08-22,Packaging Waste,9.88,False
4,2025-08-22,Metal Scrap,4.03,True
4,2025-08-22,Plastic Waste,2.32,True
4,2025-08-22,Electrical Waste,1.03,True
4,2025-08-22,Packaging Waste,1.42,False
5,2025-08-22,Metal Scrap,73.06,True
5,2025-08-22,Plastic Waste,38.7,True
5,2025-08-22,Electrical Waste,17.26,True
5,2025-08-22,Packaging Waste,25.58,False
1,2025-08-23,Metal Scrap,3.59,True
1,2025-08-23,Plastic Waste,1.86,True
1,2025-08-23,Electrical Waste,0.89,True
1,2025-08-23,Packaging Waste,1.27,False
2,2025-08-23,Metal Scrap,0.23,True
2,2025-08-23,Plastic Waste,0.11,True
2,2025-08-23,Electrical Waste,0.05,True
2,2025-08-23,Packaging Waste,0.07,False
3,2025-08-23,Metal Scrap,9.47,True
3,2025-08-23,Plastic Waste,5.41,True
3,2025-08-23,Electrical Waste,2.44,True
3,2025-08-23,Packaging Waste,3.52,False
4,2025-08-23,Metal Scrap,1.86,True
4,2025-08-23,Plastic Waste,0.93,True
4,2025-08-23,Electrical Waste,0.47,True
4,2025-08-23,Packaging Waste,0.72,False
5,2025-08-23,Metal Scrap,22.48,True
5,2025-08-23,Plastic Waste,11.67,True
5,2025-08-23,Electrical Waste,4.97,True
5,2025-08-23,Packaging Waste,8.24,False
1,2025-08-25,Metal Scrap,9.65,True
1,2025-08-25,Plastic Waste,5.59,True
1,2025-08-25,Electrical Waste,2.28,True
1,2025-08-25,Packaging Waste,3.39,False
2,2025-08-25,Metal Scrap,0.48,True
2,2025-08-25,Plastic Waste,0.27,True
2,2025-08-25,Electrical Waste,0.12,True
2,2025-08-25,Packaging Waste,0.17,False
3,2025-08-25,Metal Scrap,22.74,True
3,2025-08-25,Plastic Waste,11.03,True
3,2025-08-25,Electrical Waste,4.79,True
3,2025-08-25,Packaging Waste,7.46,False
4,2025-08-25,Metal Scrap,5.91,True
4,2025-08-25,Plastic Waste,3.07,True
4,2025-08-25,Electrical Waste,1.38,True
4,2025-08-25,Packaging Waste,2.22,False
5,2025-08-25,Metal Scrap,80.57,True
5,2025-08-25,Plastic Waste,42.38,True
5,2025-08-25,Electrical Waste,18.15,True
5,2025-08-25,Packaging Waste,27.69,False
1,2025-08-26,Metal Scrap,11.29,True
1,2025-08-26,Plastic Waste,6.1,True
1,2025-08-26,Electrical Waste,2.43,True
1,2025-08-26,Packaging Waste,3.69,False
2,2025-08-26,Metal Scrap,0.52,True
2,2025-08-26,Plastic Waste,0.27,True
2,2025-08-26,Electrical Waste,0.12,True
2,2025-08-26,Packaging Waste,0.19,False
3,2025-08-26,Metal Scrap,29.55,True
3,2025-08-26,Plastic Waste,13.6,True
3,2025-08-26,Electrical Waste,7.09,True
3,2025-08-26,Packaging Waste,8.77,False
4,2025-08-26,Metal Scrap,6.05,True
4,2025-08-26,Plastic Waste,3.15,True
4,2025-08-26,Electrical Waste,1.63,True
4,2025-08-26,Packaging Waste,2.23,False
5,2025-08-26,Metal Scrap,66.4,True
5,2025-08-26,Plastic Waste,35.33,True
5,2025-08-26,Electrical Waste,15.23,True
5,2025-08-26,Packaging Waste,22.64,False
1,2025-08-27,Metal Scrap,7.73,True
1,2025-08-27,Plastic Waste,4.46,True
1,2025-08-27,Electrical Waste,1.85,True
1,2025-08-27,Packaging Waste,2.72,False
2,2025-08-27,Metal Scrap,0.5,True
2,2025-08-27,Plastic Waste,0.25,True
2,2025-08-27,Electrical Waste,0.12,True
2,2025-08-27,Packaging Waste,0.17,False
3,2025-08-27,Metal Scrap,31.47,True
3,2025-08-27,Plastic Waste,15.55,True
3,2025-08-27,Electrical Waste,6.58,True
3,2025-08-27,Packaging Waste,10.82,False
4,2025-08-27,Metal Scrap,5.75,True
4,2025-08-27,Plastic Waste,2.67,True
4,2025-08-27,Electrical Waste,1.12,True
4,2025-08-27,Packaging Waste,1.9,False
5,2025-08-27,Metal Scrap,75.75,True
5,2025-08-27,Plastic Waste,36.75,True
5,2025-08-27,Electrical Waste,16.12,True
5,2025-08-27,Packaging Waste,23.49,False
1,2025-08-28,Metal Scrap,10.55,True
1,2025-08-28,Plastic Waste,5.15,True
1,2025-08-28,Electrical Waste,2.37,True
1,2025-08-28,Packaging Waste,4.2,False
2,2025-08-28,Metal Scrap,0.44,True
2,2025-08-28,Plastic Waste,0.21,True
2,2025-08-28,Electrical Waste,0.09,True
2,2025-08-28,Packaging Waste,0.15,False
3,2025-08-28,Metal Scrap,30.91,True
3,2025-08-28,Plastic Waste,16.59,True
3,2025-08-28,Electrical Waste,6.43,True
3,2025-08-28,Packaging Waste,9.69,False
4,2025-08-28,Metal Scrap,5.63,True
4,2025-08-28,Plastic Waste,3.23,True
4,2025-08-28,Electrical Waste,1.46,True
4,2025-08-28,Packaging Waste,1.96,False
5,2025-08-28,Metal Scrap,98.35,True
5,2025-08-28,Plastic Waste,44.22,True
5,2025-08-28,Electrical Waste,21.01,True
5,2025-08-28,Packaging Waste,28.97,False
1,2025-08-29,Metal Scrap,12.16,True
1,2025-08-29,Plastic Waste,5.85,True
1,2025-08-29,Electrical Waste,2.44,True
1,2025-08-29,Packaging Waste,3.77,False
2,2025-08-29,Metal Scrap,0.47,True
2,2025-08-29,Plastic Waste,0.24,True
2,2025-08-29,Electrical Waste,0.11,True
2,2025-08-29,Packaging Waste,0.19,False
3,2025-08-29,Metal Scrap,26.21,True
3,2025-08-29,Plastic Waste,13.87,True
3,2025-08-29,Electrical Waste,6.07,True
3,2025-08-29,Packaging Waste,9.01,False
4,2025-08-29,Metal Scrap,6.07,True
4,2025-08-29,Plastic Waste,3.2,True
4,2025-08-29,Electrical Waste,1.5,True
4,2025-08-29,Packaging Waste,2.08,False
5,2025-08-29,Metal Scrap,67.51,True
5,2025-08-29,Plastic Waste,34.64,True
5,2025-08-29,Electrical Waste,15.99,True
5,2025-08-29,Packaging Waste,21.78,False
1,2025-08-30,Metal Scrap,3.69,True
1,2025-08-30,Plastic Waste,1.94,True
1,2025-08-30,Electrical Waste,0.77,True
1,2025-08-30,Packaging Waste,1.18,False
2,2025-08-30,Metal Scrap,0.16,True
2,2025-08-30,Plastic Waste,0.09,True
2,2025-08-30,Electrical Waste,0.04,True
2,2025-08-30,Packaging Waste,0.06,False
3,2025-08-30,Metal Scrap,9.42,True
3,2025-08-30,Plastic Waste,4.93,True
3,2025-08-30,Electrical Waste,2.48,True
3,2025-08-30,Packaging Waste,3.42,False
4,2025-08-30,Metal Scrap,2.0,True
4,2025-08-30,Plastic Waste,1.21,True
4,2025-08-30,Electrical Waste,0.48,True
4,2025-08-30,Packaging Waste,0.7,False
5,2025-08-30,Metal Scrap,24.25,True
5,2025-08-30,Plastic Waste,12.83,True
5,2025-08-30,Electrical Waste,4.9,True
5,2025-08-30,Packaging Waste,8.73,False
1,2025-09-01,Metal Scrap,9.68,True
1,2025-09-01,Plastic Waste,4.86,True
1,2025-09-01,Electrical Waste,2.4,True
1,2025-09-01,Packaging Waste,3.18,False
2,2025-09-01,Metal Scrap,0.42,True
2,2025-09-01,Plastic Waste,0.21,True
2,2025-09-01,Electrical Waste,0.1,True
2,2025-09-01,Packaging Waste,0.13,False
3,2025-09-01,Metal Scrap,21.78,True
3,2025-09-01,Plastic Waste,12.48,True
3,2025-09-01,Electrical Waste,5.69,True
3,2025-09-01,Packaging Waste,7.48,False
4,2025-09-01,Metal Scrap,5.0,True
4,2025-09-01,Plastic Waste,2.6,True
4,2025-09-01,Electrical Waste,1.24,True
4,2025-09-01,Packaging Waste,1.7,False
5,2025-09-01,Metal Scrap,76.42,True
5,2025-09-01,Plastic Waste,46.25,True
5,2025-09-01,Electrical Waste,19.63,True
5,2025-09-01,Packaging Waste,29.37,False
1,2025-09-02,Metal Scrap,10.2,True
1,2025-09-02,Plastic Waste,5.4,True
1,2025-09-02,Electrical Waste,2.3,True
1,2025-09-02,Packaging Waste,3.11,False
2,2025-09-02,Metal Scrap,0.68,True
2,2025-09-02,Plastic Waste,0.36,True
2,2025-09-02,Electrical Waste,0.16,True
2,2025-09-02,Packaging Waste,0.26,False
3,2025-09-02,Metal Scrap,25.14,True
3,2025-09-02,Plastic Waste,12.86,True
3,2025-09-02,Electrical Waste,5.31,True
3,2025-09-02,Packaging Waste,8.76,False
4,2025-09-02,Metal Scrap,6.81,True
4,2025-09-02,Plastic Waste,3.09,True
4,2025-09-02,Electrical Waste,1.36,True
4,2025-09-02,Packaging Waste,2.19,False
5,2025-09-02,Metal Scrap,64.99,True
5,2025-09-02,Plastic Waste,38.89,True
5,2025-09-02,Electrical Waste,16.24,True
5,2025-09-02,Packaging Waste,24.67,False
1,2025-09-03,Metal Scrap,11.35,True
1,2025-09-03,Plastic Waste,5.71,True
1,2025-09-03,Electrical Waste,2.69,True
1,2025-09-03,Packaging Waste,3.64,False
2,2025-09-03,Metal Scrap,0.75,True
2,2025-09-03,Plastic Waste,0.37,True
2,2025-09-03,Electrical Waste,0.16,True
2,2025-09-03,Packaging Waste,0.24,False
3,2025-09-03,Metal Scrap,20.36,True
3,2025-09-03,Plastic Waste,10.93,True
3,2025-09-03,Electrical Waste,5.24,True
3,2025-09-03,Packaging Waste,7.47,False
4,2025-09-03,Metal Scrap,6.26,True
4,2025-09-03,Plastic Waste,3.0,True
4,2025-09-03,Electrical Waste,1.41,True
4,2025-09-03,Packaging Waste,1.99,False
5,2025-09-03,Metal Scrap,80.18,True
5,2025-09-03,Plastic Waste,42.41,True
5,2025-09-03,Electrical Waste,17.94,True
5,2025-09-03,Packaging Waste,27.64,False
1,2025-09-04,Metal Scrap,9.86,True
1,2025-09-04,Plastic Waste,5.6,True
1,2025-09-04,Electrical Waste,2.33,True
1,2025-09-04,Packaging Waste,3.84,False
2,2025-09-04,Metal Scrap,0.6,True
2,2025-09-04,Plastic Waste,0.3,True
2,2025-09-04,Electrical Waste,0.13,True
2,2025-09-04,Packaging Waste,0.22,False
3,2025-09-04,Metal Scrap,21.19,True
3,2025-09-04,Plastic Waste,10.6,True
3,2025-09-04,Electrical Waste,4.89,True
3,2025-09-04,Packaging Waste,7.28,False
4,2025-09-04,Metal Scrap,5.41,True
4,2025-09-04,Plastic Waste,2.75,True
4,2025-09-04,Electrical Waste,1.17,True
4,2025-09-04,Packaging Waste,2.05,False
5,2025-09-04,Metal Scrap,75.11,True
5,2025-09-04,Plastic Waste,44.08,True
5,2025-09-04,Electrical Waste,17.27,True
5,2025-09-04,Packaging Waste,27.69,False
1,2025-09-05,Metal Scrap,10.46,True
1,2025-09-05,Plastic Waste,5.24,True
1,2025-09-05,Electrical Waste,2.18,True
1,2025-09-05,Packaging Waste,3.41,False
2,2025-09-05,Metal Scrap,0.69,True
2,2025-09-05,Plastic Waste,0.32,True
2,2025-09-05,Electrical Waste,0.15,True
2,2025-09-05,Packaging Waste,0.23,False
3,2025-09-05,Metal Scrap,24.1,True
3,2025-09-05,Plastic Waste,13.13,True
3,2025-09-05,Electrical Waste,5.13,True
3,2025-09-05,Packaging Waste,8.96,False
4,2025-09-05,Metal Scrap,7.35,True
4,2025-09-05,Plastic Waste,3.89,True
4,2025-09-05,Electrical Waste,1.67,True
4,2025-09-05,Packaging Waste,2.45,False
5,2025-09-05,Metal Scrap,72.23,True
5,2025-09-05,Plastic Waste,38.67,True
5,2025-09-05,Electrical Waste,18.45,True
5,2025-09-05,Packaging Waste,24.24,False
1,2025-09-06,Metal Scrap,3.57,True
1,2025-09-06,Plastic Waste,1.88,True
1,2025-09-06,Electrical Waste,0.97,True
1,2025-09-06,Packaging Waste,1.48,False
2,2025-09-06,Metal Scrap,0.23,True
2,2025-09-06,Plastic Waste,0.13,True
2,2025-09-06,Electrical Waste,0.06,True
2,2025-09-06,Packaging Waste,0.08,False
3,2025-09-06,Metal Scrap,7.54,True
3,2025-09-06,Plastic Waste,3.56,True
3,2025-09-06,Electrical Waste,1.69,True
3,2025-09-06,Packaging Waste,2.44,False
4,2025-09-06,Metal Scrap,2.76,True
4,2025-09-06,Plastic Waste,1.46,True
4,2025-09-06,Electrical Waste,0.59,True
4,2025-09-06,Packaging Waste,0.86,False
5,2025-09-06,Metal Scrap,31.76,True
5,2025-09-06,Plastic Waste,14.78,True
5,2025-09-06,Electrical Waste,6.6,True
5,2025-09-06,Packaging Waste,11.26,False
1,2025-09-08,Metal Scrap,11.21,True
1,2025-09-08,Plastic Waste,6.11,True
1,2025-09-08,Electrical Waste,2.69,True
1,2025-09-08,Packaging Waste,4.25,False
2,2025-09-08,Metal Scrap,0.57,True
2,2025-09-08,Plastic Waste,0.3,True
2,2025-09-08,Electrical Waste,0.14,True
2,2025-09-08,Packaging Waste,0.21,False
3,2025-09-08,Metal Scrap,19.0,True
3,2025-09-08,Plastic Waste,9.72,True
3,2025-09-08,Electrical Waste,4.66,True
3,2025-09-08,Packaging Waste,6.49,False
4,2025-09-08,Metal Scrap,6.02,True
4,2025-09-08,Plastic Waste,3.36,True
4,2025-09-08,Electrical Waste,1.35,True
4,2025-09-08,Packaging Waste,2.12,False
5,2025-09-08,Metal Scrap,97.84,True
5,2025-09-08,Plastic Waste,45.24,True
5,2025-09-08,Electrical Waste,19.16,True
5,2025-09-08,Packaging Waste,27.76,False
1,2025-09-09,Metal Scrap,9.29,True
1,2025-09-09,Plastic Waste,4.72,True
1,2025-09-09,Electrical Waste,2.21,True
1,2025-09-09,Packaging Waste,3.17,False
2,2025-09-09,Metal Scrap,0.38,True
2,2025-09-09,Plastic Waste,0.2,True
2,2025-09-09,Electrical Waste,0.09,True
2,2025-09-09,Packaging Waste,0.13,False
3,2025-09-09,Metal Scrap,20.05,True
3,2025-09-09,Plastic Waste,9.68,True
3,2025-09-09,Electrical Waste,3.86,True
3,2025-09-09,Packaging Waste,6.26,False
4,2025-09-09,Metal Scrap,7.84,True
4,2025-09-09,Plastic Waste,3.51,True
4,2025-09-09,Electrical Waste,1.62,True
4,2025-09-09,Packaging Waste,2.38,False
5,2025-09-09,Metal Scrap,76.08,True
5,2025-09-09,Plastic Waste,40.88,True
5,2025-09-09,Electrical Waste,16.22,True
5,2025-09-09,Packaging Waste,24.02,False
1,2025-09-10,Metal Scrap,8.04,True
1,2025-09-10,Plastic Waste,4.43,True
1,2025-09-10,Electrical Waste,1.78,True
1,2025-09-10,Packaging Waste,3.07,False
2,2025-09-10,Metal Scrap,0.46,True
2,2025-09-10,Plastic Waste,0.27,True
2,2025-09-10,Electrical Waste,0.12,True
2,2025-09-10,Packaging Waste,0.17,False
3,2025-09-10,Metal Scrap,25.94,True
3,2025-09-10,Plastic Waste,14.68,True
3,2025-09-10,Electrical Waste,6.01,True
3,2025-09-10,Packaging Waste,8.53,False
4,2025-09-10,Metal Scrap,5.16,True
4,2025-09-10,Plastic Waste,2.94,True
4,2025-09-10,Electrical Waste,1.24,True
4,2025-09-10,Packaging Waste,1.67,False
5,2025-09-10,Metal Scrap,57.46,True
5,2025-09-10,Plastic Waste,29.75,True
5,2025-09-10,Electrical Waste,13.23,True
5,2025-09-10,Packaging Waste,19.57,False
1,2025-09-11,Metal Scrap,9.67,True
1,2025-09-11,Plastic Waste,5.09,True
1,2025-09-11,Electrical Waste,2.12,True
1,2025-09-11,Packaging Waste,3.2,False
2,2025-09-11,Metal Scrap,0.66,True
2,2025-09-11,Plastic Waste,0.36,True
2,2025-09-11,Electrical Waste,0.15,True
2,2025-09-11,Packaging Waste,0.22,False
3,2025-09-11,Metal Scrap,25.58,True
3,2025-09-11,Plastic Waste,13.28,True
3,2025-09-11,Electrical Waste,5.53,True
3,2025-09-11,Packaging Waste,9.79,False
4,2025-09-11,Metal Scrap,5.8,True
4,2025-09-11,Plastic Waste,2.7,True
4,2025-09-11,Electrical Waste,1.23,True
4,2025-09-11,Packaging Waste,1.68,False
5,2025-09-11,Metal Scrap,76.24,True
5,2025-09-11,Plastic Waste,39.39,True
5,2025-09-11,Electrical Waste,16.0,True
5,2025-09-11,Packaging Waste,21.74,False
1,2025-09-12,Metal Scrap,9.25,True
1,2025-09-12,Plastic Waste,4.62,True
1,2025-09-12,Electrical Waste,2.03,True
1,2025-09-12,Packaging Waste,2.9,False
2,2025-09-12,Metal Scrap,0.55,True
2,2025-09-12,Plastic Waste,0.29,True
2,2025-09-12,Electrical Waste,0.13,True
2,2025-09-12,Packaging Waste,0.19,False
3,2025-09-12,Metal Scrap,21.72,True
3,2025-09-12,Plastic Waste,12.55,True
3,2025-09-12,Electrical Waste,5.21,True
3,2025-09-12,Packaging Waste,7.79,False
4,2025-09-12,Metal Scrap,4.4,True
4,2025-09-12,Plastic Waste,2.34,True
4,2025-09-12,Electrical Waste,1.0,True
4,2025-09-12,Packaging Waste,1.67,False
5,2025-09-12,Metal Scrap,94.43,True
5,2025-09-12,Plastic Waste,47.65,True
5,2025-09-12,Electrical Waste,20.69,True
5,2025-09-12,Packaging Waste,28.63,False
1,2025-09-13,Metal Scrap,3.9,True
1,2025-09-13,Plastic Waste,2.03,True
1,2025-09-13,Electrical Waste,0.83,True
1,2025-09-13,Packaging Waste,1.36,False
2,2025-09-13,Metal Scrap,0.17,True
2,2025-09-13,Plastic Waste,0.09,True
2,2025-09-13,Electrical Waste,0.04,True
2,2025-09-13,Packaging Waste,0.06,False
3,2025-09-13,Metal Scrap,7.72,True
3,2025-09-13,Plastic Waste,4.26,True
3,2025-09-13,Electrical Waste,1.73,True
3,2025-09-13,Packaging Waste,2.51,False
4,2025-09-13,Metal Scrap,1.49,True
4,2025-09-13,Plastic Waste,0.85,True
4,2025-09-13,Electrical Waste,0.35,True
4,2025-09-13,Packaging Waste,0.52,False
5,2025-09-13,Metal Scrap,19.61,True
5,2025-09-13,Plastic Waste,11.03,True
5,2025-09-13,Electrical Waste,4.91,True
5,2025-09-13,Packaging Waste,6.67,False
1,2025-09-15,Metal Scrap,9.54,True
1,2025-09-15,Plastic Waste,5.27,True
1,2025-09-15,Electrical Waste,2.27,True
1,2025-09-15,Packaging Waste,3.38,False
2,2025-09-15,Metal Scrap,0.82,True
2,2025-09-15,Plastic Waste,0.44,True
2,2025-09-15,Electrical Waste,0.18,True
2,2025-09-15,Packaging Waste,0.28,False
3,2025-09-15,Metal Scrap,22.24,True
3,2025-09-15,Plastic Waste,12.65,True
3,2025-09-15,Electrical Waste,5.74,True
3,2025-09-15,Packaging Waste,7.19,False
4,2025-09-15,Metal Scrap,4.95,True
4,2025-09-15,Plastic Waste,2.2,True
4,2025-09-15,Electrical Waste,1.07,True
4,2025-09-15,Packaging Waste,1.51,False
5,2025-09-15,Metal Scrap,72.73,True
5,2025-09-15,Plastic Waste,37.24,True
5,2025-09-15,Electrical Waste,16.58,True
5,2025-09-15,Packaging Waste,21.58,False
1,2025-09-16,Metal Scrap,11.95,True
1,2025-09-16,Plastic Waste,5.54,True
1,2025-09-16,Electrical Waste,2.73,True
1,2025-09-16,Packaging Waste,3.84,False
2,2025-09-16,Metal Scrap,0.65,True
2,2025-09-16,Plastic Waste,0.29,True
2,2025-09-16,Electrical Waste,0.14,True
2,2025-09-16,Packaging Waste,0.23,False
3,2025-09-16,Metal Scrap,17.78,True
3,2025-09-16,Plastic Waste,9.99,True
3,2025-09-16,Electrical Waste,4.03,True
3,2025-09-16,Packaging Waste,6.29,False
4,2025-09-16,Metal Scrap,5.54,True
4,2025-09-16,Plastic Waste,2.85,True
4,2025-09-16,Electrical Waste,1.35,True
4,2025-09-16,Packaging Waste,1.79,False
5,2025-09-16,Metal Scrap,97.1,True
5,2025-09-16,Plastic Waste,46.11,True
5,2025-09-16,Electrical Waste,19.4,True
5,2025-09-16,Packaging Waste,31.46,False
1,2025-09-17,Metal Scrap,9.6,True
1,2025-09-17,Plastic Waste,5.66,True
1,2025-09-17,Electrical Waste,2.51,True
1,2025-09-17,Packaging Waste,3.31,False
2,2025-09-17,Metal Scrap,0.52,True
2,2025-09-17,Plastic Waste,0.3,True
2,2025-09-17,Electrical Waste,0.12,True
2,2025-09-17,Packaging Waste,0.18,False
3,2025-09-17,Metal Scrap,23.9,True
3,2025-09-17,Plastic Waste,11.89,True
3,2025-09-17,Electrical Waste,6.05,True
3,2025-09-17,Packaging Waste,7.74,False
4,2025-09-17,Metal Scrap,4.41,True
4,2025-09-17,Plastic Waste,2.64,True
4,2025-09-17,Electrical Waste,1.1,True
4,2025-09-17,Packaging Waste,1.7,False
5,2025-09-17,Metal Scrap,79.88,True
5,2025-09-17,Plastic Waste,38.7,True
5,2025-09-17,Electrical Waste,17.46,True
5,2025-09-17,Packaging Waste,25.81,False
1,2025-09-18,Metal Scrap,8.92,True
1,2025-09-18,Plastic Waste,4.87,True
1,2025-09-18,Electrical Waste,2.19,True
1,2025-09-18,Packaging Waste,3.06,False
2,2025-09-18,Metal Scrap,0.54,True
2,2025-09-18,Plastic Waste,0.31,True
2,2025-09-18,Electrical Waste,0.14,True
2,2025-09-18,Packaging Waste,0.22,False
3,2025-09-18,Metal Scrap,19.77,True
3,2025-09-18,Plastic Waste,10.4,True
3,2025-09-18,Electrical Waste,5.35,True
3,2025-09-18,Packaging Waste,7.75,False
4,2025-09-18,Metal Scrap,5.17,True
4,2025-09-18,Plastic Waste,2.69,True
4,2025-09-18,Electrical Waste,1.11,True
4,2025-09-18,Packaging Waste,1.58,False
5,2025-09-18,Metal Scrap,74.63,True
5,2025-09-18,Plastic Waste,35.93,True
5,2025-09-18,Electrical Waste,15.23,True
5,2025-09-18,Packaging Waste,26.62,False
1,2025-09-19,Metal Scrap,12.0,True
1,2025-09-19,Plastic Waste,6.11,True
1,2025-09-19,Electrical Waste,2.64,True
1,2025-09-19,Packaging Waste,4.29,False
2,2025-09-19,Metal Scrap,0.53,True
2,2025-09-19,Plastic Waste,0.27,True
2,2025-09-19,Electrical Waste,0.13,True
2,2025-09-19,Packaging Waste,0.2,False
3,2025-09-19,Metal Scrap,23.39,True
3,2025-09-19,Plastic Waste,13.43,True
3,2025-09-19,Electrical Waste,6.06,True
3,2025-09-19,Packaging Waste,8.49,False
4,2025-09-19,Metal Scrap,4.62,True
4,2025-09-19,Plastic Waste,2.42,True
4,2025-09-19,Electrical Waste,1.11,True
4,2025-09-19,Packaging Waste,1.65,False
5,2025-09-19,Metal Scrap,73.63,True
5,2025-09-19,Plastic Waste,35.02,True
5,2025-09-19,Electrical Waste,17.77,True
5,2025-09-19,Packaging Waste,25.31,False
1,2025-09-20,Metal Scrap,3.92,True
1,2025-09-20,Plastic Waste,1.94,True
1,2025-09-20,Electrical Waste,1.02,True
1,2025-09-20,Packaging Waste,1.51,False
2,2025-09-20,Metal Scrap,0.12,True
2,2025-09-20,Plastic Waste,0.07,True
2,2025-09-20,Electrical Waste,0.03,True
2,2025-09-20,Packaging Waste,0.04,False
3,2025-09-20,Metal Scrap,7.56,True
3,2025-09-20,Plastic Waste,4.0,True
3,2025-09-20,Electrical Waste,1.77,True
3,2025-09-20,Packaging Waste,2.68,False
4,2025-09-20,Metal Scrap,1.88,True
4,2025-09-20,Plastic Waste,0.91,True
4,2025-09-20,Electrical Waste,0.43,True
4,2025-09-20,Packaging Waste,0.58,False
5,2025-09-20,Metal Scrap,29.87,True
5,2025-09-20,Plastic Waste,13.97,True
5,2025-09-20,Electrical Waste,7.25,True
5,2025-09-20,Packaging Waste,9.44,False
1,2025-09-22,Metal Scrap,10.87,True
1,2025-09-22,Plastic Waste,4.89,True
1,2025-09-22,Electrical Waste,2.31,True
1,2025-09-22,Packaging Waste,3.19,False
2,2025-09-22,Metal Scrap,0.6,True
2,2025-09-22,Plastic Waste,0.33,True
2,2025-09-22,Electrical Waste,0.14,True
2,2025-09-22,Packaging Waste,0.21,False
3,2025-09-22,Metal Scrap,24.47,True
3,2025-09-22,Plastic Waste,11.51,True
3,2025-09-22,Electrical Waste,5.23,True
3,2025-09-22,Packaging Waste,8.24,False
4,2025-09-22,Metal Scrap,6.96,True
4,2025-09-22,Plastic Waste,4.25,True
4,2025-09-22,Electrical Waste,1.64,True
4,2025-09-22,Packaging Waste,2.61,False
5,2025-09-22,Metal Scrap,93.67,True
5,2025-09-22,Plastic Waste,40.94,True
5,2025-09-22,Electrical Waste,21.06,True
5,2025-09-22,Packaging Waste,27.18,False
1,2025-09-23,Metal Scrap,12.0,True
1,2025-09-23,Plastic Waste,6.64,True
1,2025-09-23,Electrical Waste,2.67,True
1,2025-09-23,Packaging Waste,3.96,False
2,2025-09-23,Metal Scrap,0.65,True
2,2025-09-23,Plastic Waste,0.34,True
2,2025-09-23,Electrical Waste,0.14,True
2,2025-09-23,Packaging Waste,0.19,False
3,2025-09-23,Metal Scrap,22.77,True
3,2025-09-23,Plastic Waste,12.31,True
3,2025-09-23,Electrical Waste,6.2,True
3,2025-09-23,Packaging Waste,9.33,False
4,2025-09-23,Metal Scrap,4.98,True
4,2025-09-23,Plastic Waste,2.91,True
4,2025-09-23,Electrical Waste,1.25,True
4,2025-09-23,Packaging Waste,1.74,False
5,2025-09-23,Metal Scrap,83.0,True
5,2025-09-23,Plastic Waste,40.33,True
5,2025-09-23,Electrical Waste,19.35,True
5,2025-09-23,Packaging Waste,26.49,False
1,2025-09-24,Metal Scrap,12.6,True
1,2025-09-24,Plastic Waste,6.07,True
1,2025-09-24,Electrical Waste,2.53,True
1,2025-09-24,Packaging Waste,4.23,False
2,2025-09-24,Metal Scrap,0.43,True
2,2025-09-24,Plastic Waste,0.23,True
2,2025-09-24,Electrical Waste,0.11,True
2,2025-09-24,Packaging Waste,0.16,False
3,2025-09-24,Metal Scrap,16.28,True
3,2025-09-24,Plastic Waste,8.4,True
3,2025-09-24,Electrical Waste,3.91,True
3,2025-09-24,Packaging Waste,5.79,False
4,2025-09-24,Metal Scrap,6.63,True
4,2025-09-24,Plastic Waste,4.02,True
4,2025-09-24,Electrical Waste,1.61,True
4,2025-09-24,Packaging Waste,2.37,False
5,2025-09-24,Metal Scrap,68.76,True
5,2025-09-24,Plastic Waste,40.33,True
5,2025-09-24,Electrical Waste,15.75,True
5,2025-09-24,Packaging Waste,23.85,False
1,2025-09-25,Metal Scrap,10.06,True
1,2025-09-25,Plastic Waste,4.85,True
1,2025-09-25,Electrical Waste,2.28,True
1,2025-09-25,Packaging Waste,3.35,False
2,2025-09-25,Metal Scrap,0.54,True
2,2025-09-25,Plastic Waste,0.26,True
2,2025-09-25,Electrical Waste,0.13,True
2,2025-09-25,Packaging Waste,0.2,False
3,2025-09-25,Metal Scrap,24.01,True
3,2025-09-25,Plastic Waste,14.19,True
3,2025-09-25,Electrical Waste,5.71,True
3,2025-09-25,Packaging Waste,8.48,False
4,2025-09-25,Metal Scrap,5.14,True
4,2025-09-25,Plastic Waste,2.78,True
4,2025-09-25,Electrical Waste,1.15,True
4,2025-09-25,Packaging Waste,1.69,False
5,2025-09-25,Metal Scrap,94.46,True
5,2025-09-25,Plastic Waste,42.46,True
5,2025-09-25,Electrical Waste,18.87,True
5,2025-09-25,Packaging Waste,27.84,False
1,2025-09-26,Metal Scrap,10.87,True
1,2025-09-26,Plastic Waste,4.72,True
1,2025-09-26,Electrical Waste,2.47,True
1,2025-09-26,Packaging Waste,3.61,False
2,2025-09-26,Metal Scrap,0.43,True
2,2025-09-26,Plastic Waste,0.23,True
2,2025-09-26,Electrical Waste,0.1,True
2,2025-09-26,Packaging Waste,0.17,False
3,2025-09-26,Metal Scrap,20.04,True
3,2025-09-26,Plastic Waste,10.04,True
3,2025-09-26,Electrical Waste,4.78,True
3,2025-09-26,Packaging Waste,6.85,False
4,2025-09-26,Metal Scrap,6.47,True
4,2025-09-26,Plastic Waste,3.48,True
4,2025-09-26,Electrical Waste,1.44,True
4,2025-09-26,Packaging Waste,2.42,False
5,2025-09-26,Metal Scrap,75.41,True
5,2025-09-26,Plastic Waste,41.38,True
5,2025-09-26,Electrical Waste,20.34,True
5,2025-09-26,Packaging Waste,29.47,False
1,2025-09-27,Metal Scrap,3.88,True
1,2025-09-27,Plastic Waste,2.02,True
1,2025-09-27,Electrical Waste,0.79,True
1,2025-09-27,Packaging Waste,1.36,False
2,2025-09-27,Metal Scrap,0.2,True
2,2025-09-27,Plastic Waste,0.1,True
2,2025-09-27,Electrical Waste,0.05,True
2,2025-09-27,Packaging Waste,0.07,False
3,2025-09-27,Metal Scrap,6.88,True
3,2025-09-27,Plastic Waste,3.85,True
3,2025-09-27,Electrical Waste,1.66,True
3,2025-09-27,Packaging Waste,2.25,False
4,2025-09-27,Metal Scrap,1.44,True
4,2025-09-27,Plastic Waste,0.85,True
4,2025-09-27,Electrical Waste,0.35,True
4,2025-09-27,Packaging Waste,0.57,False
5,2025-09-27,Metal Scrap,25.57,True
5,2025-09-27,Plastic Waste,14.36,True
5,2025-09-27,Electrical Waste,6.38,True
5,2025-09-27,Packaging Waste,8.43,False
1,2025-09-29,Metal Scrap,10.46,True
1,2025-09-29,Plastic Waste,5.33,True
1,2025-09-29,Electrical Waste,2.09,True
1,2025-09-29,Packaging Waste,3.67,False
2,2025-09-29,Metal Scrap,0.44,True
2,2025-09-29,Plastic Waste,0.22,True
2,2025-09-29,Electrical Waste,0.09,True
2,2025-09-29,Packaging Waste,0.15,False
3,2025-09-29,Metal Scrap,21.91,True
3,2025-09-29,Plastic Waste,12.12,True
3,2025-09-29,Electrical Waste,5.08,True
3,2025-09-29,Packaging Waste,7.35,False
4,2025-09-29,Metal Scrap,6.82,True
4,2025-09-29,Plastic Waste,3.28,True
4,2025-09-29,Electrical Waste,1.47,True
4,2025-09-29,Packaging Waste,2.28,False
5,2025-09-29,Metal Scrap,74.75,True
5,2025-09-29,Plastic Waste,36.27,True
5,2025-09-29,Electrical Waste,16.35,True
5,2025-09-29,Packaging Waste,25.06,False
1,2025-09-30,Metal Scrap,10.12,True
1,2025-09-30,Plastic Waste,5.15,True
1,2025-09-30,Electrical Waste,2.53,True
1,2025-09-30,Packaging Waste,3.41,False
2,2025-09-30,Metal Scrap,0.73,True
2,2025-09-30,Plastic Waste,0.35,True
2,2025-09-30,Electrical Waste,0.17,True
2,2025-09-30,Packaging Waste,0.27,False
3,2025-09-30,Metal Scrap,21.78,True
3,2025-09-30,Plastic Waste,11.21,True
3,2025-09-30,Electrical Waste,5.44,True
3,2025-09-30,Packaging Waste,8.05,False
4,2025-09-30,Metal Scrap,5.21,True
4,2025-09-30,Plastic Waste,2.44,True
4,2025-09-30,Electrical Waste,1.18,True
4,2025-09-30,Packaging Waste,1.81,False
5,2025-09-30,Metal Scrap,66.06,True
5,2025-09-30,Plastic Waste,32.72,True
5,2025-09-30,Electrical Waste,16.79,True
5,2025-09-30,Packaging Waste,23.02,False
1,2025-10-01,Metal Scrap,11.85,True
1,2025-10-01,Plastic Waste,5.16,True
1,2025-10-01,Electrical Waste,2.58,True
1,2025-10-01,Packaging Waste,3.69,False
2,2025-10-01,Metal Scrap,0.46,True
2,2025-10-01,Plastic Waste,0.24,True
2,2025-10-01,Electrical Waste,0.11,True
2,2025-10-01,Packaging Waste,0.15,False
3,2025-10-01,Metal Scrap,22.31,True
3,2025-10-01,Plastic Waste,13.1,True
3,2025-10-01,Electrical Waste,5.43,True
3,2025-10-01,Packaging Waste,8.74,False
4,2025-10-01,Metal Scrap,5.06,True
4,2025-10-01,Plastic Waste,2.45,True
4,2025-10-01,Electrical Waste,1.06,True
4,2025-10-01,Packaging Waste,1.87,False
5,2025-10-01,Metal Scrap,79.67,True
5,2025-10-01,Plastic Waste,42.49,True
5,2025-10-01,Electrical Waste,20.37,True
5,2025-10-01,Packaging Waste,31.11,False
1,2025-10-02,Metal Scrap,10.82,True
1,2025-10-02,Plastic Waste,5.49,True
1,2025-10-02,Electrical Waste,2.92,True
1,2025-10-02,Packaging Waste,4.36,False
2,2025-10-02,Metal Scrap,0.73,True
2,2025-10-02,Plastic Waste,0.37,True
2,2025-10-02,Electrical Waste,0.14,True
2,2025-10-02,Packaging Waste,0.24,False
3,2025-10-02,Metal Scrap,20.06,True
3,2025-10-02,Plastic Waste,11.08,True
3,2025-10-02,Electrical Waste,4.5,True
3,2025-10-02,Packaging Waste,7.02,False
4,2025-10-02,Metal Scrap,6.3,True
4,2025-10-02,Plastic Waste,3.02,True
4,2025-10-02,Electrical Waste,1.44,True
4,2025-10-02,Packaging Waste,2.04,False
5,2025-10-02,Metal Scrap,68.35,True
5,2025-10-02,Plastic Waste,36.89,True
5,2025-10-02,Electrical Waste,14.55,True
5,2025-10-02,Packaging Waste,24.45,False
1,2025-10-03,Metal Scrap,8.26,True
1,2025-10-03,Plastic Waste,4.78,True
1,2025-10-03,Electrical Waste,2.16,True
1,2025-10-03,Packaging Waste,2.85,False
2,2025-10-03,Metal Scrap,0.5,True
2,2025-10-03,Plastic Waste,0.26,True
2,2025-10-03,Electrical Waste,0.13,True
2,2025-10-03,Packaging Waste,0.19,False
3,2025-10-03,Metal Scrap,20.58,True
3,2025-10-03,Plastic Waste,11.98,True
3,2025-10-03,Electrical Waste,4.66,True
3,2025-10-03,Packaging Waste,7.58,False
4,2025-10-03,Metal Scrap,4.54,True
4,2025-10-03,Plastic Waste,2.62,True
4,2025-10-03,Electrical Waste,1.12,True
4,2025-10-03,Packaging Waste,1.75,False
5,2025-10-03,Metal Scrap,58.88,True
5,2025-10-03,Plastic Waste,35.96,True
5,2025-10-03,Electrical Waste,15.33,True
5,2025-10-03,Packaging Waste,21.13,False
1,2025-10-04,Metal Scrap,2.89,True
1,2025-10-04,Plastic Waste,1.67,True
1,2025-10-04,Electrical Waste,0.62,True
1,2025-10-04,Packaging Waste,0.98,False
2,2025-10-04,Metal Scrap,0.19,True
2,2025-10-04,Plastic Waste,0.09,True
2,2025-10-04,Electrical Waste,0.04,True
2,2025-10-04,Packaging Waste,0.06,False
3,2025-10-04,Metal Scrap,9.3,True
3,2025-10-04,Plastic Waste,5.23,True
3,2025-10-04,Electrical Waste,1.94,True
3,2025-10-04,Packaging Waste,3.05,False
4,2025-10-04,Metal Scrap,1.99,True
4,2025-10-04,Plastic Waste,0.98,True
4,2025-10-04,Electrical Waste,0.44,True
4,2025-10-04,Packaging Waste,0.63,False
5,2025-10-04,Metal Scrap,26.8,True
5,2025-10-04,Plastic Waste,13.8,True
5,2025-10-04,Electrical Waste,6.48,True
5,2025-10-04,Packaging Waste,8.98,False
1,2025-10-06,Metal Scrap,12.54,True
1,2025-10-06,Plastic Waste,5.89,True
1,2025-10-06,Electrical Waste,2.78,True
1,2025-10-06,Packaging Waste,4.02,False
2,2025-10-06,Metal Scrap,0.67,True
2,2025-10-06,Plastic Waste,0.35,True
2,2025-10-06,Electrical Waste,0.15,True
2,2025-10-06,Packaging Waste,0.19,False
3,2025-10-06,Metal Scrap,21.49,True
3,2025-10-06,Plastic Waste,10.45,True
3,2025-10-06,Electrical Waste,4.52,True
3,2025-10-06,Packaging Waste,7.87,False
4,2025-10-06,Metal Scrap,5.21,True
4,2025-10-06,Plastic Waste,2.38,True
4,2025-10-06,Electrical Waste,1.13,True
4,2025-10-06,Packaging Waste,1.89,False
5,2025-10-06,Metal Scrap,79.28,True
5,2025-10-06,Plastic Waste,40.87,True
5,2025-10-06,Electrical Waste,16.76,True
5,2025-10-06,Packaging Waste,25.2,False
1,2025-10-07,Metal Scrap,9.25,True
1,2025-10-07,Plastic Waste,5.59,True
1,2025-10-07,Electrical Waste,2.46,True
1,2025-10-07,Packaging Waste,3.29,False
2,2025-10-07,Metal Scrap,0.42,True
2,2025-10-07,Plastic Waste,0.2,True
2,2025-10-07,Electrical Waste,0.09,True
2,2025-10-07,Packaging Waste,0.14,False
3,2025-10-07,Metal Scrap,25.06,True
3,2025-10-07,Plastic Waste,13.04,True
3,2025-10-07,Electrical Waste,5.2,True
3,2025-10-07,Packaging Waste,8.44,False
4,2025-10-07,Metal Scrap,7.08,True
4,2025-10-07,Plastic Waste,3.36,True
4,2025-10-07,Electrical Waste,1.77,True
4,2025-10-07,Packaging Waste,2.65,False
5,2025-10-07,Metal Scrap,78.9,True
5,2025-10-07,Plastic Waste,47.46,True
5,2025-10-07,Electrical Waste,21.03,True
5,2025-10-07,Packaging Waste,28.05,False
1,2025-10-08,Metal Scrap,9.45,True
1,2025-10-08,Plastic Waste,5.24,True
1,2025-10-08,Electrical Waste,1.97,True
1,2025-10-08,Packaging Waste,3.09,False
2,2025-10-08,Metal Scrap,0.74,True
2,2025-10-08,Plastic Waste,0.37,True
2,2025-10-08,Electrical Waste,0.16,True
2,2025-10-08,Packaging Waste,0.25,False
3,2025-10-08,Metal Scrap,23.65,True
3,2025-10-08,Plastic Waste,12.16,True
3,2025-10-08,Electrical Waste,5.44,True
3,2025-10-08,Packaging Waste,8.97,False
4,2025-10-08,Metal Scrap,7.6,True
4,2025-10-08,Plastic Waste,3.94,True
4,2025-10-08,Electrical Waste,1.54,True
4,2025-10-08,Packaging Waste,2.55,False
5,2025-10-08,Metal Scrap,65.55,True
5,2025-10-08,Plastic Waste,34.28,True
5,2025-10-08,Electrical Waste,17.12,True
5,2025-10-08,Packaging Waste,24.94,False
1,2025-10-09,Metal Scrap,9.58,True
1,2025-10-09,Plastic Waste,5.24,True
1,2025-10-09,Electrical Waste,2.17,True
1,2025-10-09,Packaging Waste,3.26,False
2,2025-10-09,Metal Scrap,0.65,True
2,2025-10-09,Plastic Waste,0.31,True
2,2025-10-09,Electrical Waste,0.15,True
2,2025-10-09,Packaging Waste,0.21,False
3,2025-10-09,Metal Scrap,22.8,True
3,2025-10-09,Plastic Waste,11.97,True
3,2025-10-09,Electrical Waste,5.43,True
3,2025-10-09,Packaging Waste,7.62,False
4,2025-10-09,Metal Scrap,5.94,True
4,2025-10-09,Plastic Waste,2.85,True
4,2025-10-09,Electrical Waste,1.18,True
4,2025-10-09,Packaging Waste,1.79,False
5,2025-10-09,Metal Scrap,66.97,True
5,2025-10-09,Plastic Waste,40.0,True
5,2025-10-09,Electrical Waste,15.25,True
5,2025-10-09,Packaging Waste,24.16,False
1,2025-10-10,Metal Scrap,8.8,True
1,2025-10-10,Plastic Waste,4.83,True
1,2025-10-10,Electrical Waste,2.25,True
1,2025-10-10,Packaging Waste,3.23,False
2,2025-10-10,Metal Scrap,0.6,True
2,2025-10-10,Plastic Waste,0.37,True
2,2025-10-10,Electrical Waste,0.16,True
2,2025-10-10,Packaging Waste,0.24,False
3,2025-10-10,Metal Scrap,25.28,True
3,2025-10-10,Plastic Waste,12.57,True
3,2025-10-10,Electrical Waste,5.74,True
3,2025-10-10,Packaging Waste,8.25,False
4,2025-10-10,Metal Scrap,5.38,True
4,2025-10-10,Plastic Waste,2.56,True
4,2025-10-10,Electrical Waste,1.31,True
4,2025-10-10,Packaging Waste,1.84,False
5,2025-10-10,Metal Scrap,69.58,True
5,2025-10-10,Plastic Waste,38.0,True
5,2025-10-10,Electrical Waste,17.32,True
5,2025-10-10,Packaging Waste,25.25,False
1,2025-10-11,Metal Scrap,3.33,True
1,2025-10-11,Plastic Waste,1.83,True
1,2025-10-11,Electrical Waste,0.8,True
1,2025-10-11,Packaging Waste,1.14,False
2,2025-10-11,Metal Scrap,0.14,True
2,2025-10-11,Plastic Waste,0.08,True
2,2025-10-11,Electrical Waste,0.03,True
2,2025-10-11,Packaging Waste,0.05,False
3,2025-10-11,Metal Scrap,8.6,True
3,2025-10-11,Plastic Waste,4.32,True
3,2025-10-11,Electrical Waste,2.05,True
3,2025-10-11,Packaging Waste,2.97,False
4,2025-10-11,Metal Scrap,2.26,True
4,2025-10-11,Plastic Waste,1.19,True
4,2025-10-11,Electrical Waste,0.47,True
4,2025-10-11,Packaging Waste,0.74,False
5,2025-10-11,Metal Scrap,21.06,True
5,2025-10-11,Plastic Waste,10.62,True
5,2025-10-11,Electrical Waste,5.24,True
5,2025-10-11,Packaging Waste,7.31,False
1,2025-10-13,Metal Scrap,10.92,True
1,2025-10-13,Plastic Waste,5.84,True
1,2025-10-13,Electrical Waste,2.31,True
1,2025-10-13,Packaging Waste,3.82,False
2,2025-10-13,Metal Scrap,0.39,True
2,2025-10-13,Plastic Waste,0.23,True
2,2025-10-13,Electrical Waste,0.09,True
2,2025-10-13,Packaging Waste,0.15,False
3,2025-10-13,Metal Scrap,18.19,True
3,2025-10-13,Plastic Waste,10.7,True
3,2025-10-13,Electrical Waste,4.9,True
3,2025-10-13,Packaging Waste,7.02,False
4,2025-10-13,Metal Scrap,5.64,True
4,2025-10-13,Plastic Waste,3.08,True
4,2025-10-13,Electrical Waste,1.38,True
4,2025-10-13,Packaging Waste,1.95,False
5,2025-10-13,Metal Scrap,77.14,True
5,2025-10-13,Plastic Waste,40.62,True
5,2025-10-13,Electrical Waste,16.29,True
5,2025-10-13,Packaging Waste,25.74,False
1,2025-10-14,Metal Scrap,11.57,True
1,2025-10-14,Plastic Waste,6.5,True
1,2025-10-14,Electrical Waste,3.01,True
1,2025-10-14,Packaging Waste,4.42,False
2,2025-10-14,Metal Scrap,0.59,True
2,2025-10-14,Plastic Waste,0.27,True
2,2025-10-14,Electrical Waste,0.12,True
2,2025-10-14,Packaging Waste,0.19,False
3,2025-10-14,Metal Scrap,22.92,True
3,2025-10-14,Plastic Waste,12.18,True
3,2025-10-14,Electrical Waste,5.26,True
3,2025-10-14,Packaging Waste,8.55,False
4,2025-10-14,Metal Scrap,5.7,True
4,2025-10-14,Plastic Waste,3.19,True
4,2025-10-14,Electrical Waste,1.27,True
4,2025-10-14,Packaging Waste,1.9,False
5,2025-10-14,Metal Scrap,80.85,True
5,2025-10-14,Plastic Waste,42.72,True
5,2025-10-14,Electrical Waste,17.77,True
5,2025-10-14,Packaging Waste,27.15,False
1,2025-10-15,Metal Scrap,10.97,True
1,2025-10-15,Plastic Waste,6.51,True
1,2025-10-15,Electrical Waste,2.52,True
1,2025-10-15,Packaging Waste,4.22,False
2,2025-10-15,Metal Scrap,0.53,True
2,2025-10-15,Plastic Waste,0.26,True
2,2025-10-15,Electrical Waste,0.13,True
2,2025-10-15,Packaging Waste,0.18,False
3,2025-10-15,Metal Scrap,22.42,True
3,2025-10-15,Plastic Waste,10.39,True
3,2025-10-15,Electrical Waste,4.63,True
3,2025-10-15,Packaging Waste,7.05,False
4,2025-10-15,Metal Scrap,7.15,True
4,2025-10-15,Plastic Waste,3.41,True
4,2025-10-15,Electrical Waste,1.58,True
4,2025-10-15,Packaging Waste,2.56,False
5,2025-10-15,Metal Scrap,73.17,True
5,2025-10-15,Plastic Waste,33.62,True
5,2025-10-15,Electrical Waste,17.85,True
5,2025-10-15,Packaging Waste,23.57,False
1,2025-10-16,Metal Scrap,12.93,True
1,2025-10-16,Plastic Waste,6.5,True
1,2025-10-16,Electrical Waste,2.85,True
1,2025-10-16,Packaging Waste,3.99,False
2,2025-10-16,Metal Scrap,0.61,True
2,2025-10-16,Plastic Waste,0.29,True
2,2025-10-16,Electrical Waste,0.14,True
2,2025-10-16,Packaging Waste,0.21,False
3,2025-10-16,Metal Scrap,21.65,True
3,2025-10-16,Plastic Waste,11.72,True
3,2025-10-16,Electrical Waste,4.45,True
3,2025-10-16,Packaging Waste,6.82,False
4,2025-10-16,Metal Scrap,6.41,True
4,2025-10-16,Plastic Waste,2.9,True
4,2025-10-16,Electrical Waste,1.52,True
4,2025-10-16,Packaging Waste,2.2,False
5,2025-10-16,Metal Scrap,68.78,True
5,2025-10-16,Plastic Waste,31.8,True
5,2025-10-16,Electrical Waste,15.96,True
5,2025-10-16,Packaging Waste,20.1,False
1,2025-10-17,Metal Scrap,10.43,True
1,2025-10-17,Plastic Waste,5.1,True
1,2025-10-17,Electrical Waste,2.51,True
1,2025-10-17,Packaging Waste,3.72,False
2,2025-10-17,Metal Scrap,0.59,True
2,2025-10-17,Plastic Waste,0.3,True
2,2025-10-17,Electrical Waste,0.14,True
2,2025-10-17,Packaging Waste,0.18,False
3,2025-10-17,Metal Scrap,18.31,True
3,2025-10-17,Plastic Waste,9.65,True
3,2025-10-17,Electrical Waste,4.59,True
3,2025-10-17,Packaging Waste,5.82,False
4,2025-10-17,Metal Scrap,6.48,True
4,2025-10-17,Plastic Waste,3.38,True
4,2025-10-17,Electrical Waste,1.51,True
4,2025-10-17,Packaging Waste,2.11,False
5,2025-10-17,Metal Scrap,65.4,True
5,2025-10-17,Plastic Waste,34.47,True
5,2025-10-17,Electrical Waste,14.54,True
5,2025-10-17,Packaging Waste,21.09,False
1,2025-10-18,Metal Scrap,3.58,True
1,2025-10-18,Plastic Waste,1.69,True
1,2025-10-18,Electrical Waste,0.79,True
1,2025-10-18,Packaging Waste,1.19,False
2,2025-10-18,Metal Scrap,0.2,True
2,2025-10-18,Plastic Waste,0.1,True
2,2025-10-18,Electrical Waste,0.04,True
2,2025-10-18,Packaging Waste,0.07,False
3,2025-10-18,Metal Scrap,8.51,True
3,2025-10-18,Plastic Waste,4.68,True
3,2025-10-18,Electrical Waste,1.89,True
3,2025-10-18,Packaging Waste,2.95,False
4,2025-10-18,Metal Scrap,2.52,True
4,2025-10-18,Plastic Waste,1.31,True
4,2025-10-18,Electrical Waste,0.51,True
4,2025-10-18,Packaging Waste,0.81,False
5,2025-10-18,Metal Scrap,26.99,True
5,2025-10-18,Plastic Waste,14.48,True
5,2025-10-18,Electrical Waste,7.04,True
5,2025-10-18,Packaging Waste,9.33,False
1,2025-10-20,Metal Scrap,10.24,True
1,2025-10-20,Plastic Waste,5.76,True
1,2025-10-20,Electrical Waste,2.54,True
1,2025-10-20,Packaging Waste,3.89,False
2,2025-10-20,Metal Scrap,0.62,True
2,2025-10-20,Plastic Waste,0.3,True
2,2025-10-20,Electrical Waste,0.15,True
2,2025-10-20,Packaging Waste,0.22,False
3,2025-10-20,Metal Scrap,23.58,True
3,2025-10-20,Plastic Waste,9.96,True
3,2025-10-20,Electrical Waste,4.45,True
3,2025-10-20,Packaging Waste,7.56,False
4,2025-10-20,Metal Scrap,3.87,True
4,2025-10-20,Plastic Waste,2.3,True
4,2025-10-20,Electrical Waste,1.01,True
4,2025-10-20,Packaging Waste,1.58,False
5,2025-10-20,Metal Scrap,67.7,True
5,2025-10-20,Plastic Waste,34.25,True
5,2025-10-20,Electrical Waste,15.93,True
5,2025-10-20,Packaging Waste,24.27,False
1,2025-10-21,Metal Scrap,8.59,True
1,2025-10-21,Plastic Waste,4.6,True
1,2025-10-21,Electrical Waste,2.08,True
1,2025-10-21,Packaging Waste,3.45,False
2,2025-10-21,Metal Scrap,0.46,True
2,2025-10-21,Plastic Waste,0.25,True
2,2025-10-21,Electrical Waste,0.1,True
2,2025-10-21,Packaging Waste,0.15,False
3,2025-10-21,Metal Scrap,24.28,True
3,2025-10-21,Plastic Waste,11.66,True
3,2025-10-21,Electrical Waste,5.59,True
3,2025-10-21,Packaging Waste,8.21,False
4,2025-10-21,Metal Scrap,3.76,True
4,2025-10-21,Plastic Waste,2.0,True
4,2025-10-21,Electrical Waste,0.92,True
4,2025-10-21,Packaging Waste,1.38,False
5,2025-10-21,Metal Scrap,73.04,True
5,2025-10-21,Plastic Waste,39.33,True
5,2025-10-21,Electrical Waste,17.1,True
5,2025-10-21,Packaging Waste,24.91,False
1,2025-10-22,Metal Scrap,10.32,True
1,2025-10-22,Plastic Waste,5.46,True
1,2025-10-22,Electrical Waste,2.55,True
1,2025-10-22,Packaging Waste,3.58,False
2,2025-10-22,Metal Scrap,0.52,True
2,2025-10-22,Plastic Waste,0.29,True
2,2025-10-22,Electrical Waste,0.12,True
2,2025-10-22,Packaging Waste,0.19,False
3,2025-10-22,Metal Scrap,22.1,True
3,2025-10-22,Plastic Waste,10.22,True
3,2025-10-22,Electrical Waste,4.95,True
3,2025-10-22,Packaging Waste,6.84,False
4,2025-10-22,Metal Scrap,6.13,True
4,2025-10-22,Plastic Waste,2.95,True
4,2025-10-22,Electrical Waste,1.44,True
4,2025-10-22,Packaging Waste,2.21,False
5,2025-10-22,Metal Scrap,89.34,True
5,2025-10-22,Plastic Waste,41.39,True
5,2025-10-22,Electrical Waste,20.73,True
5,2025-10-22,Packaging Waste,27.18,False
1,2025-10-23,Metal Scrap,7.04,True
1,2025-10-23,Plastic Waste,4.38,True
1,2025-10-23,Electrical Waste,1.82,True
1,2025-10-23,Packaging Waste,2.85,False
2,2025-10-23,Metal Scrap,0.6,True
2,2025-10-23,Plastic Waste,0.3,True
2,2025-10-23,Electrical Waste,0.14,True
2,2025-10-23,Packaging Waste,0.22,False
3,2025-10-23,Metal Scrap,25.07,True
3,2025-10-23,Plastic Waste,12.78,True
3,2025-10-23,Electrical Waste,5.25,True
3,2025-10-23,Packaging Waste,7.42,False
4,2025-10-23,Metal Scrap,5.88,True
4,2025-10-23,Plastic Waste,3.08,True
4,2025-10-23,Electrical Waste,1.3,True
4,2025-10-23,Packaging Waste,2.03,False
5,2025-10-23,Metal Scrap,93.95,True
5,2025-10-23,Plastic Waste,41.81,True
5,2025-10-23,Electrical Waste,18.92,True
5,2025-10-23,Packaging Waste,27.26,False
1,2025-10-24,Metal Scrap,11.17,True
1,2025-10-24,Plastic Waste,5.74,True
1,2025-10-24,Electrical Waste,2.62,True
1,2025-10-24,Packaging Waste,3.58,False
2,2025-10-24,Metal Scrap,0.32,True
2,2025-10-24,Plastic Waste,0.18,True
2,2025-10-24,Electrical Waste,0.08,True
2,2025-10-24,Packaging Waste,0.11,False
3,2025-10-24,Metal Scrap,24.31,True
3,2025-10-24,Plastic Waste,12.06,True
3,2025-10-24,Electrical Waste,5.15,True
3,2025-10-24,Packaging Waste,8.11,False
4,2025-10-24,Metal Scrap,4.76,True
4,2025-10-24,Plastic Waste,2.83,True
4,2025-10-24,Electrical Waste,1.25,True
4,2025-10-24,Packaging Waste,1.91,False
5,2025-10-24,Metal Scrap,81.23,True
5,2025-10-24,Plastic Waste,37.38,True
5,2025-10-24,Electrical Waste,18.74,True
5,2025-10-24,Packaging Waste,26.68,False
1,2025-10-25,Metal Scrap,4.16,True
1,2025-10-25,Plastic Waste,2.06,True
1,2025-10-25,Electrical Waste,0.82,True
1,2025-10-25,Packaging Waste,1.49,False
2,2025-10-25,Metal Scrap,0.22,True
2,2025-10-25,Plastic Waste,0.11,True
2,2025-10-25,Electrical Waste,0.04,True
2,2025-10-25,Packaging Waste,0.07,False
3,2025-10-25,Metal Scrap,6.62,True
3,2025-10-25,Plastic Waste,3.76,True
3,2025-10-25,Electrical Waste,1.72,True
3,2025-10-25,Packaging Waste,2.4,False
4,2025-10-25,Metal Scrap,2.41,True
4,2025-10-25,Plastic Waste,1.18,True
4,2025-10-25,Electrical Waste,0.59,True
4,2025-10-25,Packaging Waste,0.78,False
5,2025-10-25,Metal Scrap,26.99,True
5,2025-10-25,Plastic Waste,14.13,True
5,2025-10-25,Electrical Waste,6.33,True
5,2025-10-25,Packaging Waste,9.74,False
1,2025-10-27,Metal Scrap,8.31,True
1,2025-10-27,Plastic Waste,4.3,True
1,2025-10-27,Electrical Waste,1.96,True
1,2025-10-27,Packaging Waste,2.79,False
2,2025-10-27,Metal Scrap,0.52,True
2,2025-10-27,Plastic Waste,0.26,True
2,2025-10-27,Electrical Waste,0.11,True
2,2025-10-27,Packaging Waste,0.17,False
3,2025-10-27,Metal Scrap,17.59,True
3,2025-10-27,Plastic Waste,8.71,True
3,2025-10-27,Electrical Waste,4.34,True
3,2025-10-27,Packaging Waste,5.99,False
4,2025-10-27,Metal Scrap,6.34,True
4,2025-10-27,Plastic Waste,3.14,True
4,2025-10-27,Electrical Waste,1.56,True
4,2025-10-27,Packaging Waste,2.22,False
5,2025-10-27,Metal Scrap,75.91,True
5,2025-10-27,Plastic Waste,36.56,True
5,2025-10-27,Electrical Waste,17.45,True
5,2025-10-27,Packaging Waste,27.25,False
1,2025-10-28,Metal Scrap,9.22,True
1,2025-10-28,Plastic Waste,4.69,True
1,2025-10-28,Electrical Waste,2.25,True
1,2025-10-28,Packaging Waste,3.21,False
2,2025-10-28,Metal Scrap,0.49,True
2,2025-10-28,Plastic Waste,0.25,True
2,2025-10-28,Electrical Waste,0.12,True
2,2025-10-28,Packaging Waste,0.17,False
3,2025-10-28,Metal Scrap,20.56,True
3,2025-10-28,Plastic Waste,9.95,True
3,2025-10-28,Electrical Waste,4.89,True
3,2025-10-28,Packaging Waste,7.18,False
4,2025-10-28,Metal Scrap,7.53,True
4,2025-10-28,Plastic Waste,3.77,True
4,2025-10-28,Electrical Waste,1.82,True
4,2025-10-28,Packaging Waste,2.62,False
5,2025-10-28,Metal Scrap,62.57,True
5,2025-10-28,Plastic Waste,30.01,True
5,2025-10-28,Electrical Waste,15.3,True
5,2025-10-28,Packaging Waste,23.41,False
1,2025-10-29,Metal Scrap,10.02,True
1,2025-10-29,Plastic Waste,5.14,True
1,2025-10-29,Electrical Waste,2.39,True
1,2025-10-29,Packaging Waste,3.6,False
2,2025-10-29,Metal Scrap,0.62,True
2,2025-10-29,Plastic Waste,0.3,True
2,2025-10-29,Electrical Waste,0.13,True
2,2025-10-29,Packaging Waste,0.23,False
3,2025-10-29,Metal Scrap,27.3,True
3,2025-10-29,Plastic Waste,14.85,True
3,2025-10-29,Electrical Waste,5.97,True
3,2025-10-29,Packaging Waste,9.51,False
4,2025-10-29,Metal Scrap,5.53,True
4,2025-10-29,Plastic Waste,2.91,True
4,2025-10-29,Electrical Waste,1.32,True
4,2025-10-29,Packaging Waste,1.82,False
5,2025-10-29,Metal Scrap,70.7,True
5,2025-10-29,Plastic Waste,39.93,True
5,2025-10-29,Electrical Waste,17.31,True
5,2025-10-29,Packaging Waste,26.55,False
1,2025-10-30,Metal Scrap,10.27,True
1,2025-10-30,Plastic Waste,5.95,True
1,2025-10-30,Electrical Waste,2.56,True
1,2025-10-30,Packaging Waste,3.49,False
2,2025-10-30,Metal Scrap,0.38,True
2,2025-10-30,Plastic Waste,0.23,True
2,2025-10-30,Electrical Waste,0.1,True
2,2025-10-30,Packaging Waste,0.14,False
3,2025-10-30,Metal Scrap,25.3,True
3,2025-10-30,Plastic Waste,13.37,True
3,2025-10-30,Electrical Waste,5.65,True
3,2025-10-30,Packaging Waste,8.25,False
4,2025-10-30,Metal Scrap,6.86,True
4,2025-10-30,Plastic Waste,3.68,True
4,2025-10-30,Electrical Waste,1.61,True
4,2025-10-30,Packaging Waste,2.62,False
5,2025-10-30,Metal Scrap,58.71,True
5,2025-10-30,Plastic Waste,29.92,True
5,2025-10-30,Electrical Waste,14.6,True
5,2025-10-30,Packaging Waste,20.98,False
1,2025-10-31,Metal Scrap,11.17,True
1,2025-10-31,Plastic Waste,5.37,True
1,2025-10-31,Electrical Waste,2.55,True
1,2025-10-31,Packaging Waste,3.66,False
2,2025-10-31,Metal Scrap,0.54,True
2,2025-10-31,Plastic Waste,0.3,True
2,2025-10-31,Electrical Waste,0.12,True
2,2025-10-31,Packaging Waste,0.21,False
3,2025-10-31,Metal Scrap,24.69,True
3,2025-10-31,Plastic Waste,12.48,True
3,2025-10-31,Electrical Waste,5.66,True
3,2025-10-31,Packaging Waste,8.28,False
4,2025-10-31,Metal Scrap,5.24,True
4,2025-10-31,Plastic Waste,2.84,True
4,2025-10-31,Electrical Waste,1.11,True
4,2025-10-31,Packaging Waste,1.94,False
5,2025-10-31,Metal Scrap,58.96,True
5,2025-10-31,Plastic Waste,30.58,True
5,2025-10-31,Electrical Waste,15.67,True
5,2025-10-31,Packaging Waste,23.32,False
1,2025-11-01,Metal Scrap,3.81,True
1,2025-11-01,Plastic Waste,2.01,True
1,2025-11-01,Electrical Waste,0.92,True
1,2025-11-01,Packaging Waste,1.23,False
2,2025-11-01,Metal Scrap,0.11,True
2,2025-11-01,Plastic Waste,0.06,True
2,2025-11-01,Electrical Waste,0.03,True
2,2025-11-01,Packaging Waste,0.04,False
3,2025-11-01,Metal Scrap,7.24,True
3,2025-11-01,Plastic Waste,3.84,True
3,2025-11-01,Electrical Waste,1.71,True
3,2025-11-01,Packaging Waste,2.77,False
4,2025-11-01,Metal Scrap,1.89,True
4,2025-11-01,Plastic Waste,1.01,True
4,2025-11-01,Electrical Waste,0.42,True
4,2025-11-01,Packaging Waste,0.69,False
5,2025-11-01,Metal Scrap,30.64,True
5,2025-11-01,Plastic Waste,16.59,True
5,2025-11-01,Electrical Waste,7.87,True
5,2025-11-01,Packaging Waste,10.48,False
1,2025-11-03,Metal Scrap,11.39,True
1,2025-11-03,Plastic Waste,5.31,True
1,2025-11-03,Electrical Waste,2.62,True
1,2025-11-03,Packaging Waste,3.48,False
2,2025-11-03,Metal Scrap,0.52,True
2,2025-11-03,Plastic Waste,0.26,True
2,2025-11-03,Electrical Waste,0.14,True
2,2025-11-03,Packaging Waste,0.19,False
3,2025-11-03,Metal Scrap,22.38,True
3,2025-11-03,Plastic Waste,11.92,True
3,2025-11-03,Electrical Waste,5.38,True
3,2025-11-03,Packaging Waste,8.37,False
4,2025-11-03,Metal Scrap,5.78,True
4,2025-11-03,Plastic Waste,3.4,True
4,2025-11-03,Electrical Waste,1.54,True
4,2025-11-03,Packaging Waste,2.12,False
5,2025-11-03,Metal Scrap,81.83,True
5,2025-11-03,Plastic Waste,42.12,True
5,2025-11-03,Electrical Waste,16.52,True
5,2025-11-03,Packaging Waste,27.22,False
1,2025-11-04,Metal Scrap,8.02,True
1,2025-11-04,Plastic Waste,4.06,True
1,2025-11-04,Electrical Waste,1.83,True
1,2025-11-04,Packaging Waste,2.74,False
2,2025-11-04,Metal Scrap,0.48,True
2,2025-11-04,Plastic Waste,0.25,True
2,2025-11-04,Electrical Waste,0.11,True
2,2025-11-04,Packaging Waste,0.15,False
3,2025-11-04,Metal Scrap,25.91,True
3,2025-11-04,Plastic Waste,14.8,True
3,2025-11-04,Electrical Waste,6.48,True
3,2025-11-04,Packaging Waste,8.47,False
4,2025-11-04,Metal Scrap,6.36,True
4,2025-11-04,Plastic Waste,3.08,True
4,2025-11-04,Electrical Waste,1.23,True
4,2025-11-04,Packaging Waste,1.81,False
5,2025-11-04,Metal Scrap,66.76,True
5,2025-11-04,Plastic Waste,39.7,True
5,2025-11-04,Electrical Waste,16.85,True
5,2025-11-04,Packaging Waste,25.02,False
1,2025-11-05,Metal Scrap,9.84,True
1,2025-11-05,Plastic Waste,4.23,True
1,2025-11-05,Electrical Waste,2.11,True
1,2025-11-05,Packaging Waste,3.02,False
2,2025-11-05,Metal Scrap,0.32,True
2,2025-11-05,Plastic Waste,0.18,True
2,2025-11-05,Electrical Waste,0.08,True
2,2025-11-05,Packaging Waste,0.11,False
3,2025-11-05,Metal Scrap,21.66,True
3,2025-11-05,Plastic Waste,11.92,True
3,2025-11-05,Electrical Waste,5.34,True
3,2025-11-05,Packaging Waste,7.85,False
4,2025-11-05,Metal Scrap,5.55,True
4,2025-11-05,Plastic Waste,2.76,True
4,2025-11-05,Electrical Waste,1.33,True
4,2025-11-05,Packaging Waste,1.99,False
5,2025-11-05,Metal Scrap,61.58,True
5,2025-11-05,Plastic Waste,28.05,True
5,2025-11-05,Electrical Waste,13.17,True
5,2025-11-05,Packaging Waste,19.39,False
1,2025-11-06,Metal Scrap,8.76,True
1,2025-11-06,Plastic Waste,4.35,True
1,2025-11-06,Electrical Waste,2.17,True
1,2025-11-06,Packaging Waste,3.02,False
2,2025-11-06,Metal Scrap,0.68,True
2,2025-11-06,Plastic Waste,0.31,True
2,2025-11-06,Electrical Waste,0.15,True
2,2025-11-06,Packaging Waste,0.23,False
3,2025-11-06,Metal Scrap,23.05,True
3,2025-11-06,Plastic Waste,13.36,True
3,2025-11-06,Electrical Waste,6.22,True
3,2025-11-06,Packaging Waste,9.34,False
4,2025-11-06,Metal Scrap,4.35,True
4,2025-11-06,Plastic Waste,2.11,True
4,2025-11-06,Electrical Waste,0.86,True
4,2025-11-06,Packaging Waste,1.52,False
5,2025-11-06,Metal Scrap,56.74,True
5,2025-11-06,Plastic Waste,31.62,True
5,2025-11-06,Electrical Waste,14.81,True
5,2025-11-06,Packaging Waste,23.15,False
1,2025-11-07,Metal Scrap,8.52,True
1,2025-11-07,Plastic Waste,4.92,True
1,2025-11-07,Electrical Waste,2.25,True
1,2025-11-07,Packaging Waste,3.07,False
2,2025-11-07,Metal Scrap,0.57,True
2,2025-11-07,Plastic Waste,0.31,True
2,2025-11-07,Electrical Waste,0.15,True
2,2025-11-07,Packaging Waste,0.21,False
3,2025-11-07,Metal Scrap,19.72,True
3,2025-11-07,Plastic Waste,10.06,True
3,2025-11-07,Electrical Waste,4.71,True
3,2025-11-07,Packaging Waste,6.64,False
4,2025-11-07,Metal Scrap,6.72,True
4,2025-11-07,Plastic Waste,3.35,True
4,2025-11-07,Electrical Waste,1.35,True
4,2025-11-07,Packaging Waste,1.91,False
5,2025-11-07,Metal Scrap,90.88,True
5,2025-11-07,Plastic Waste,45.24,True
5,2025-11-07,Electrical Waste,20.02,True
5,2025-11-07,Packaging Waste,29.09,False
1,2025-11-08,Metal Scrap,3.64,True
1,2025-11-08,Plastic Waste,2.04,True
1,2025-11-08,Electrical Waste,0.85,True
1,2025-11-08,Packaging Waste,1.25,False
2,2025-11-08,Metal Scrap,0.24,True
2,2025-11-08,Plastic Waste,0.12,True
2,2025-11-08,Electrical Waste,0.05,True
2,2025-11-08,Packaging Waste,0.07,False
3,2025-11-08,Metal Scrap,7.45,True
3,2025-11-08,Plastic Waste,4.19,True
3,2025-11-08,Electrical Waste,1.99,True
3,2025-11-08,Packaging Waste,2.66,False
4,2025-11-08,Metal Scrap,2.29,True
4,2025-11-08,Plastic Waste,1.22,True
4,2025-11-08,Electrical Waste,0.61,True
4,2025-11-08,Packaging Waste,0.77,False
5,2025-11-08,Metal Scrap,20.15,True
5,2025-11-08,Plastic Waste,10.51,True
5,2025-11-08,Electrical Waste,5.09,True
5,2025-11-08,Packaging Waste,6.97,False
1,2025-11-10,Metal Scrap,10.39,True
1,2025-11-10,Plastic Waste,5.73,True
1,2025-11-10,Electrical Waste,2.29,True
1,2025-11-10,Packaging Waste,3.74,False
2,2025-11-10,Metal Scrap,0.56,True
2,2025-11-10,Plastic Waste,0.31,True
2,2025-11-10,Electrical Waste,0.14,True
2,2025-11-10,Packaging Waste,0.19,False
3,2025-11-10,Metal Scrap,19.98,True
3,2025-11-10,Plastic Waste,10.41,True
3,2025-11-10,Electrical Waste,5.41,True
3,2025-11-10,Packaging Waste,6.95,False
4,2025-11-10,Metal Scrap,6.41,True
4,2025-11-10,Plastic Waste,3.63,True
4,2025-11-10,Electrical Waste,1.55,True
4,2025-11-10,Packaging Waste,2.08,False
5,2025-11-10,Metal Scrap,67.81,True
5,2025-11-10,Plastic Waste,36.27,True
5,2025-11-10,Electrical Waste,14.78,True
5,2025-11-10,Packaging Waste,24.63,False
1,2025-11-11,Metal Scrap,8.24,True
1,2025-11-11,Plastic Waste,4.5,True
1,2025-11-11,Electrical Waste,2.04,True
1,2025-11-11,Packaging Waste,2.69,False
2,2025-11-11,Metal Scrap,0.39,True
2,2025-11-11,Plastic Waste,0.21,True
2,2025-11-11,Electrical Waste,0.09,True
2,2025-11-11,Packaging Waste,0.15,False
3,2025-11-11,Metal Scrap,24.1,True
3,2025-11-11,Plastic Waste,11.88,True
3,2025-11-11,Electrical Waste,5.12,True
3,2025-11-11,Packaging Waste,8.19,False
4,2025-11-11,Metal Scrap,6.68,True
4,2025-11-11,Plastic Waste,3.21,True
4,2025-11-11,Electrical Waste,1.65,True
4,2025-11-11,Packaging Waste,2.08,False
5,2025-11-11,Metal Scrap,80.33,True
5,2025-11-11,Plastic Waste,37.67,True
5,2025-11-11,Electrical Waste,17.52,True
5,2025-11-11,Packaging Waste,27.72,False
1,2025-11-12,Metal Scrap,10.74,True
1,2025-11-12,Plastic Waste,4.84,True
1,2025-11-12,Electrical Waste,2.57,True
1,2025-11-12,Packaging Waste,3.65,False
2,2025-11-12,Metal Scrap,0.65,True
2,2025-11-12,Plastic Waste,0.3,True
2,2025-11-12,Electrical Waste,0.15,True
2,2025-11-12,Packaging Waste,0.22,False
3,2025-11-12,Metal Scrap,21.15,True
3,2025-11-12,Plastic Waste,10.72,True
3,2025-11-12,Electrical Waste,4.6,True
3,2025-11-12,Packaging Waste,7.73,False
4,2025-11-12,Metal Scrap,5.79,True
4,2025-11-12,Plastic Waste,3.21,True
4,2025-11-12,Electrical Waste,1.42,True
4,2025-11-12,Packaging Waste,2.12,False
5,2025-11-12,Metal Scrap,79.08,True
5,2025-11-12,Plastic Waste,37.52,True
5,2025-11-12,Electrical Waste,17.18,True
5,2025-11-12,Packaging Waste,27.65,False
1,2025-11-13,Metal Scrap,9.21,True
1,2025-11-13,Plastic Waste,5.11,True
1,2025-11-13,Electrical Waste,2.33,True
1,2025-11-13,Packaging Waste,3.6,False
2,2025-11-13,Metal Scrap,0.48,True
2,2025-11-13,Plastic Waste,0.25,True
2,2025-11-13,Electrical Waste,0.11,True
2,2025-11-13,Packaging Waste,0.18,False
3,2025-11-13,Metal Scrap,24.78,True
3,2025-11-13,Plastic Waste,12.92,True
3,2025-11-13,Electrical Waste,5.63,True
3,2025-11-13,Packaging Waste,8.14,False
4,2025-11-13,Metal Scrap,5.22,True
4,2025-11-13,Plastic Waste,3.18,True
4,2025-11-13,Electrical Waste,1.34,True
4,2025-11-13,Packaging Waste,2.08,False
5,2025-11-13,Metal Scrap,79.11,True
5,2025-11-13,Plastic Waste,38.36,True
5,2025-11-13,Electrical Waste,17.28,True
5,2025-11-13,Packaging Waste,22.99,False
1,2025-11-14,Metal Scrap,13.95,True
1,2025-11-14,Plastic Waste,6.2,True
1,2025-11-14,Electrical Waste,3.07,True
1,2025-11-14,Packaging Waste,4.82,False
2,2025-11-14,Metal Scrap,0.6,True
2,2025-11-14,Plastic Waste,0.33,True
2,2025-11-14,Electrical Waste,0.15,True
2,2025-11-14,Packaging Waste,0.21,False
3,2025-11-14,Metal Scrap,21.34,True
3,2025-11-14,Plastic Waste,11.47,True
3,2025-11-14,Electrical Waste,5.58,True
3,2025-11-14,Packaging Waste,7.91,False
4,2025-11-14,Metal Scrap,7.07,True
4,2025-11-14,Plastic Waste,3.2,True
4,2025-11-14,Electrical Waste,1.47,True
4,2025-11-14,Packaging Waste,2.41,False
5,2025-11-14,Metal Scrap,76.71,True
5,2025-11-14,Plastic Waste,36.11,True
5,2025-11-14,Electrical Waste,15.51,True
5,2025-11-14,Packaging Waste,22.83,False
1,2025-11-15,Metal Scrap,4.5,True
1,2025-11-15,Plastic Waste,2.14,True
1,2025-11-15,Electrical Waste,0.94,True
1,2025-11-15,Packaging Waste,1.33,False
2,2025-11-15,Metal Scrap,0.21,True
2,2025-11-15,Plastic Waste,0.1,True
2,2025-11-15,Electrical Waste,0.04,True
2,2025-11-15,Packaging Waste,0.07,False
3,2025-11-15,Metal Scrap,8.65,True
3,2025-11-15,Plastic Waste,4.19,True
3,2025-11-15,Electrical Waste,1.7,True
3,2025-11-15,Packaging Waste,2.73,False
4,2025-11-15,Metal Scrap,1.57,True
4,2025-11-15,Plastic Waste,0.92,True
4,2025-11-15,Electrical Waste,0.37,True
4,2025-11-15,Packaging Waste,0.6,False
5,2025-11-15,Metal Scrap,32.11,True
5,2025-11-15,Plastic Waste,15.91,True
5,2025-11-15,Electrical Waste,6.24,True
5,2025-11-15,Packaging Waste,9.3,False
1,2025-11-17,Metal Scrap,8.98,True
1,2025-11-17,Plastic Waste,4.33,True
1,2025-11-17,Electrical Waste,2.0,True
1,2025-11-17,Packaging Waste,3.28,False
2,2025-11-17,Metal Scrap,0.61,True
2,2025-11-17,Plastic Waste,0.35,True
2,2025-11-17,Electrical Waste,0.16,True
2,2025-11-17,Packaging Waste,0.23,False
3,2025-11-17,Metal Scrap,23.78,True
3,2025-11-17,Plastic Waste,13.34,True
3,2025-11-17,Electrical Waste,6.16,True
3,2025-11-17,Packaging Waste,8.68,False
4,2025-11-17,Metal Scrap,6.67,True
4,2025-11-17,Plastic Waste,3.72,True
4,2025-11-17,Electrical Waste,1.52,True
4,2025-11-17,Packaging Waste,2.25,False
5,2025-11-17,Metal Scrap,79.63,True
5,2025-11-17,Plastic Waste,40.47,True
5,2025-11-17,Electrical Waste,18.0,True
5,2025-11-17,Packaging Waste,25.75,False
1,2025-11-18,Metal Scrap,9.96,True
1,2025-11-18,Plastic Waste,6.2,True
1,2025-11-18,Electrical Waste,2.69,True
1,2025-11-18,Packaging Waste,3.78,False
2,2025-11-18,Metal Scrap,0.75,True
2,2025-11-18,Plastic Waste,0.42,True
2,2025-11-18,Electrical Waste,0.17,True
2,2025-11-18,Packaging Waste,0.26,False
3,2025-11-18,Metal Scrap,17.28,True
3,2025-11-18,Plastic Waste,9.31,True
3,2025-11-18,Electrical Waste,4.4,True
3,2025-11-18,Packaging Waste,5.55,False
4,2025-11-18,Metal Scrap,5.86,True
4,2025-11-18,Plastic Waste,3.27,True
4,2025-11-18,Electrical Waste,1.22,True
4,2025-11-18,Packaging Waste,1.98,False
5,2025-11-18,Metal Scrap,75.25,True
5,2025-11-18,Plastic Waste,37.83,True
5,2025-11-18,Electrical Waste,15.27,True
5,2025-11-18,Packaging Waste,22.24,False
1,2025-11-19,Metal Scrap,9.03,True
1,2025-11-19,Plastic Waste,4.46,True
1,2025-11-19,Electrical Waste,2.19,True
1,2025-11-19,Packaging Waste,3.42,False
2,2025-11-19,Metal Scrap,0.67,True
2,2025-11-19,Plastic Waste,0.33,True
2,2025-11-19,Electrical Waste,0.14,True
2,2025-11-19,Packaging Waste,0.23,False
3,2025-11-19,Metal Scrap,24.35,True
3,2025-11-19,Plastic Waste,11.1,True
3,2025-11-19,Electrical Waste,4.99,True
3,2025-11-19,Packaging Waste,8.32,False
4,2025-11-19,Metal Scrap,4.13,True
4,2025-11-19,Plastic Waste,2.08,True
4,2025-11-19,Electrical Waste,0.85,True
4,2025-11-19,Packaging Waste,1.4,False
5,2025-11-19,Metal Scrap,57.83,True
5,2025-11-19,Plastic Waste,31.14,True
5,2025-11-19,Electrical Waste,14.67,True
5,2025-11-19,Packaging Waste,20.41,False
1,2025-11-20,Metal Scrap,11.5,True
1,2025-11-20,Plastic Waste,4.88,True
1,2025-11-20,Electrical Waste,2.18,True
1,2025-11-20,Packaging Waste,3.79,False
2,2025-11-20,Metal Scrap,0.68,True
2,2025-11-20,Plastic Waste,0.35,True
2,2025-11-20,Electrical Waste,0.18,True
2,2025-11-20,Packaging Waste,0.26,False
3,2025-11-20,Metal Scrap,22.14,True
3,2025-11-20,Plastic Waste,11.89,True
3,2025-11-20,Electrical Waste,5.49,True
3,2025-11-20,Packaging Waste,7.12,False
4,2025-11-20,Metal Scrap,6.35,True
4,2025-11-20,Plastic Waste,3.49,True
4,2025-11-20,Electrical Waste,1.3,True
4,2025-11-20,Packaging Waste,1.99,False
5,2025-11-20,Metal Scrap,89.57,True
5,2025-11-20,Plastic Waste,44.43,True
5,2025-11-20,Electrical Waste,21.52,True
5,2025-11-20,Packaging Waste,27.09,False
1,2025-11-21,Metal Scrap,12.31,True
1,2025-11-21,Plastic Waste,5.63,True
1,2025-11-21,Electrical Waste,2.53,True
1,2025-11-21,Packaging Waste,3.69,False
2,2025-11-21,Metal Scrap,0.72,True
2,2025-11-21,Plastic Waste,0.4,True
2,2025-11-21,Electrical Waste,0.17,True
2,2025-11-21,Packaging Waste,0.24,False
3,2025-11-21,Metal Scrap,21.01,True
3,2025-11-21,Plastic Waste,11.29,True
3,2025-11-21,Electrical Waste,4.35,True
3,2025-11-21,Packaging Waste,7.07,False
4,2025-11-21,Metal Scrap,6.24,True
4,2025-11-21,Plastic Waste,2.86,True
4,2025-11-21,Electrical Waste,1.43,True
4,2025-11-21,Packaging Waste,1.99,False
5,2025-11-21,Metal Scrap,65.05,True
5,2025-11-21,Plastic Waste,34.53,True
5,2025-11-21,Electrical Waste,14.5,True
5,2025-11-21,Packaging Waste,20.26,False
1,2025-11-22,Metal Scrap,3.54,True
1,2025-11-22,Plastic Waste,1.69,True
1,2025-11-22,Electrical Waste,0.69,True
1,2025-11-22,Packaging Waste,1.18,False
2,2025-11-22,Metal Scrap,0.15,True
2,2025-11-22,Plastic Waste,0.08,True
2,2025-11-22,Electrical Waste,0.03,True
2,2025-11-22,Packaging Waste,0.05,False
3,2025-11-22,Metal Scrap,7.39,True
3,2025-11-22,Plastic Waste,3.82,True
3,2025-11-22,Electrical Waste,1.8,True
3,2025-11-22,Packaging Waste,2.85,False
4,2025-11-22,Metal Scrap,2.36,True
4,2025-11-22,Plastic Waste,1.19,True
4,2025-11-22,Electrical Waste,0.58,True
4,2025-11-22,Packaging Waste,0.73,False
5,2025-11-22,Metal Scrap,23.35,True
5,2025-11-22,Plastic Waste,13.96,True
5,2025-11-22,Electrical Waste,5.93,True
5,2025-11-22,Packaging Waste,9.18,False
1,2025-11-24,Metal Scrap,7.71,True
1,2025-11-24,Plastic Waste,4.38,True
1,2025-11-24,Electrical Waste,1.76,True
1,2025-11-24,Packaging Waste,2.74,False
2,2025-11-24,Metal Scrap,0.52,True
2,2025-11-24,Plastic Waste,0.3,True
2,2025-11-24,Electrical Waste,0.14,True
2,2025-11-24,Packaging Waste,0.19,False
3,2025-11-24,Metal Scrap,20.52,True
3,2025-11-24,Plastic Waste,10.48,True
3,2025-11-24,Electrical Waste,4.59,True
3,2025-11-24,Packaging Waste,6.24,False
4,2025-11-24,Metal Scrap,5.78,True
4,2025-11-24,Plastic Waste,2.9,True
4,2025-11-24,Electrical Waste,1.26,True
4,2025-11-24,Packaging Waste,2.1,False
5,2025-11-24,Metal Scrap,79.16,True
5,2025-11-24,Plastic Waste,36.15,True
5,2025-11-24,Electrical Waste,16.57,True
5,2025-11-24,Packaging Waste,26.55,False
1,2025-11-25,Metal Scrap,11.37,True
1,2025-11-25,Plastic Waste,5.5,True
1,2025-11-25,Electrical Waste,2.52,True
1,2025-11-25,Packaging Waste,3.47,False
2,2025-11-25,Metal Scrap,0.48,True
2,2025-11-25,Plastic Waste,0.26,True
2,2025-11-25,Electrical Waste,0.11,True
2,2025-11-25,Packaging Waste,0.18,False
3,2025-11-25,Metal Scrap,18.9,True
3,2025-11-25,Plastic Waste,10.28,True
3,2025-11-25,Electrical Waste,4.94,True
3,2025-11-25,Packaging Waste,7.1,False
4,2025-11-25,Metal Scrap,6.4,True
4,2025-11-25,Plastic Waste,3.68,True
4,2025-11-25,Electrical Waste,1.6,True
4,2025-11-25,Packaging Waste,2.22,False
5,2025-11-25,Metal Scrap,70.61,True
5,2025-11-25,Plastic Waste,40.98,True
5,2025-11-25,Electrical Waste,17.83,True
5,2025-11-25,Packaging Waste,28.21,False
1,2025-11-26,Metal Scrap,11.21,True
1,2025-11-26,Plastic Waste,5.42,True
1,2025-11-26,Electrical Waste,2.66,True
1,2025-11-26,Packaging Waste,3.51,False
2,2025-11-26,Metal Scrap,0.58,True
2,2025-11-26,Plastic Waste,0.28,True
2,2025-11-26,Electrical Waste,0.13,True
2,2025-11-26,Packaging Waste,0.19,False
3,2025-11-26,Metal Scrap,25.33,True
3,2025-11-26,Plastic Waste,12.91,True
3,2025-11-26,Electrical Waste,4.96,True
3,2025-11-26,Packaging Waste,8.58,False
4,2025-11-26,Metal Scrap,7.65,True
4,2025-11-26,Plastic Waste,3.39,True
4,2025-11-26,Electrical Waste,1.7,True
4,2025-11-26,Packaging Waste,2.41,False
5,2025-11-26,Metal Scrap,62.78,True
5,2025-11-26,Plastic Waste,37.73,True
5,2025-11-26,Electrical Waste,16.23,True
5,2025-11-26,Packaging Waste,23.75,False
1,2025-11-27,Metal Scrap,11.65,True
1,2025-11-27,Plastic Waste,5.84,True
1,2025-11-27,Electrical Waste,2.86,True
1,2025-11-27,Packaging Waste,4.0,False
2,2025-11-27,Metal Scrap,0.63,True
2,2025-11-27,Plastic Waste,0.3,True
2,2025-11-27,Electrical Waste,0.13,True
2,2025-11-27,Packaging Waste,0.21,False
3,2025-11-27,Metal Scrap,25.55,True
3,2025-11-27,Plastic Waste,11.93,True
3,2025-11-27,Electrical Waste,5.13,True
3,2025-11-27,Packaging Waste,8.11,False
4,2025-11-27,Metal Scrap,4.71,True
4,2025-11-27,Plastic Waste,2.62,True
4,2025-11-27,Electrical Waste,1.0,True
4,2025-11-27,Packaging Waste,1.76,False
5,2025-11-27,Metal Scrap,64.6,True
5,2025-11-27,Plastic Waste,32.77,True
5,2025-11-27,Electrical Waste,13.82,True
5,2025-11-27,Packaging Waste,23.33,False
1,2025-11-28,Metal Scrap,12.86,True
1,2025-11-28,Plastic Waste,7.06,True
1,2025-11-28,Electrical Waste,2.69,True
1,2025-11-28,Packaging Waste,3.98,False
2,2025-11-28,Metal Scrap,0.59,True
2,2025-11-28,Plastic Waste,0.27,True
2,2025-11-28,Electrical Waste,0.12,True
2,2025-11-28,Packaging Waste,0.21,False
3,2025-11-28,Metal Scrap,21.88,True
3,2025-11-28,Plastic Waste,10.6,True
3,2025-11-28,Electrical Waste,4.88,True
3,2025-11-28,Packaging Waste,8.15,False
4,2025-11-28,Metal Scrap,5.84,True
4,2025-11-28,Plastic Waste,3.11,True
4,2025-11-28,Electrical Waste,1.34,True
4,2025-11-28,Packaging Waste,2.0,False
5,2025-11-28,Metal Scrap,64.06,True
5,2025-11-28,Plastic Waste,38.59,True
5,2025-11-28,Electrical Waste,16.79,True
5,2025-11-28,Packaging Waste,21.57,False
1,2025-11-29,Metal Scrap,3.53,True
1,2025-11-29,Plastic Waste,1.69,True
1,2025-11-29,Electrical Waste,0.83,True
1,2025-11-29,Packaging Waste,1.15,False
2,2025-11-29,Metal Scrap,0.25,True
2,2025-11-29,Plastic Waste,0.11,True
2,2025-11-29,Electrical Waste,0.06,True
2,2025-11-29,Packaging Waste,0.08,False
3,2025-11-29,Metal Scrap,9.32,True
3,2025-11-29,Plastic Waste,4.87,True
3,2025-11-29,Electrical Waste,2.28,True
3,2025-11-29,Packaging Waste,3.63,False
4,2025-11-29,Metal Scrap,2.23,True
4,2025-11-29,Plastic Waste,1.05,True
4,2025-11-29,Electrical Waste,0.51,True
4,2025-11-29,Packaging Waste,0.68,False
5,2025-11-29,Metal Scrap,31.51,True
5,2025-11-29,Plastic Waste,13.43,True
5,2025-11-29,Electrical Waste,6.53,True
5,2025-11-29,Packaging Waste,10.39,False
1,2025-12-01,Metal Scrap,8.51,True
1,2025-12-01,Plastic Waste,4.85,True
1,2025-12-01,Electrical Waste,2.14,True
1,2025-12-01,Packaging Waste,3.41,False
2,2025-12-01,Metal Scrap,0.44,True
2,2025-12-01,Plastic Waste,0.21,True
2,2025-12-01,Electrical Waste,0.09,True
2,2025-12-01,Packaging Waste,0.14,False
3,2025-12-01,Metal Scrap,17.96,True
3,2025-12-01,Plastic Waste,10.71,True
3,2025-12-01,Electrical Waste,4.96,True
3,2025-12-01,Packaging Waste,6.32,False
4,2025-12-01,Metal Scrap,5.52,True
4,2025-12-01,Plastic Waste,3.05,True
4,2025-12-01,Electrical Waste,1.21,True
4,2025-12-01,Packaging Waste,1.96,False
5,2025-12-01,Metal Scrap,64.78,True
5,2025-12-01,Plastic Waste,36.08,True
5,2025-12-01,Electrical Waste,16.51,True
5,2025-12-01,Packaging Waste,24.26,False
1,2025-12-02,Metal Scrap,9.41,True
1,2025-12-02,Plastic Waste,5.3,True
1,2025-12-02,Electrical Waste,2.51,True
1,2025-12-02,Packaging Waste,3.83,False
2,2025-12-02,Metal Scrap,0.53,True
2,2025-12-02,Plastic Waste,0.29,True
2,2025-12-02,Electrical Waste,0.12,True
2,2025-12-02,Packaging Waste,0.18,False
3,2025-12-02,Metal Scrap,24.35,True
3,2025-12-02,Plastic Waste,13.08,True
3,2025-12-02,Electrical Waste,4.96,True
3,2025-12-02,Packaging Waste,8.77,False
4,2025-12-02,Metal Scrap,6.04,True
4,2025-12-02,Plastic Waste,2.91,True
4,2025-12-02,Electrical Waste,1.41,True
4,2025-12-02,Packaging Waste,2.04,False
5,2025-12-02,Metal Scrap,96.3,True
5,2025-12-02,Plastic Waste,45.85,True
5,2025-12-02,Electrical Waste,21.4,True
5,2025-12-02,Packaging Waste,32.06,False
1,2025-12-03,Metal Scrap,11.54,True
1,2025-12-03,Plastic Waste,6.97,True
1,2025-12-03,Electrical Waste,3.02,True
1,2025-12-03,Packaging Waste,3.94,False
2,2025-12-03,Metal Scrap,0.68,True
2,2025-12-03,Plastic Waste,0.33,True
2,2025-12-03,Electrical Waste,0.15,True
2,2025-12-03,Packaging Waste,0.2,False
3,2025-12-03,Metal Scrap,21.62,True
3,2025-12-03,Plastic Waste,11.7,True
3,2025-12-03,Electrical Waste,4.94,True
3,2025-12-03,Packaging Waste,7.12,False
4,2025-12-03,Metal Scrap,5.05,True
4,2025-12-03,Plastic Waste,2.34,True
4,2025-12-03,Electrical Waste,1.19,True
4,2025-12-03,Packaging Waste,1.61,False
5,2025-12-03,Metal Scrap,71.46,True
5,2025-12-03,Plastic Waste,31.77,True
5,2025-12-03,Electrical Waste,13.75,True
5,2025-12-03,Packaging Waste,22.25,False
1,2025-12-04,Metal Scrap,12.56,True
1,2025-12-04,Plastic Waste,6.04,True
1,2025-12-04,Electrical Waste,2.88,True
1,2025-12-04,Packaging Waste,3.73,False
2,2025-12-04,Metal Scrap,0.5,True
2,2025-12-04,Plastic Waste,0.23,True
2,2025-12-04,Electrical Waste,0.11,True
2,2025-12-04,Packaging Waste,0.16,False
3,2025-12-04,Metal Scrap,20.06,True
3,2025-12-04,Plastic Waste,9.52,True
3,2025-12-04,Electrical Waste,4.04,True
3,2025-12-04,Packaging Waste,6.43,False
4,2025-12-04,Metal Scrap,5.4,True
4,2025-12-04,Plastic Waste,2.8,True
4,2025-12-04,Electrical Waste,1.15,True
4,2025-12-04,Packaging Waste,1.94,False
5,2025-12-04,Metal Scrap,78.99,True
5,2025-12-04,Plastic Waste,39.48,True
5,2025-12-04,Electrical Waste,16.71,True
5,2025-12-04,Packaging Waste,26.78,False
1,2025-12-05,Metal Scrap,11.69,True
1,2025-12-05,Plastic Waste,6.18,True
1,2025-12-05,Electrical Waste,2.68,True
1,2025-12-05,Packaging Waste,4.11,False
2,2025-12-05,Metal Scrap,0.62,True
2,2025-12-05,Plastic Waste,0.38,True
2,2025-12-05,Electrical Waste,0.16,True
2,2025-12-05,Packaging Waste,0.21,False
3,2025-12-05,Metal Scrap,28.64,True
3,2025-12-05,Plastic Waste,13.06,True
3,2025-12-05,Electrical Waste,6.62,True
3,2025-12-05,Packaging Waste,8.38,False
4,2025-12-05,Metal Scrap,6.32,True
4,2025-12-05,Plastic Waste,3.54,True
4,2025-12-05,Electrical Waste,1.51,True
4,2025-12-05,Packaging Waste,2.44,False
5,2025-12-05,Metal Scrap,80.3,True
5,2025-12-05,Plastic Waste,42.17,True
5,2025-12-05,Electrical Waste,17.52,True
5,2025-12-05,Packaging Waste,29.99,False
1,2025-12-06,Metal Scrap,3.05,True
1,2025-12-06,Plastic Waste,1.44,True
1,2025-12-06,Electrical Waste,0.67,True
1,2025-12-06,Packaging Waste,1.03,False
2,2025-12-06,Metal Scrap,0.18,True
2,2025-12-06,Plastic Waste,0.09,True
2,2025-12-06,Electrical Waste,0.04,True
2,2025-12-06,Packaging Waste,0.07,False
3,2025-12-06,Metal Scrap,7.08,True
3,2025-12-06,Plastic Waste,4.19,True
3,2025-12-06,Electrical Waste,1.76,True
3,2025-12-06,Packaging Waste,2.52,False
4,2025-12-06,Metal Scrap,1.76,True
4,2025-12-06,Plastic Waste,0.96,True
4,2025-12-06,Electrical Waste,0.4,True
4,2025-12-06,Packaging Waste,0.63,False
5,2025-12-06,Metal Scrap,26.79,True
5,2025-12-06,Plastic Waste,14.16,True
5,2025-12-06,Electrical Waste,5.83,True
5,2025-12-06,Packaging Waste,8.49,False
1,2025-12-08,Metal Scrap,10.89,True
1,2025-12-08,Plastic Waste,6.4,True
1,2025-12-08,Electrical Waste,2.51,True
1,2025-12-08,Packaging Waste,3.84,False
2,2025-12-08,Metal Scrap,0.62,True
2,2025-12-08,Plastic Waste,0.35,True
2,2025-12-08,Electrical Waste,0.15,True
2,2025-12-08,Packaging Waste,0.19,False
3,2025-12-08,Metal Scrap,27.69,True
3,2025-12-08,Plastic Waste,14.54,True
3,2025-12-08,Electrical Waste,6.09,True
3,2025-12-08,Packaging Waste,10.61,False
4,2025-12-08,Metal Scrap,6.0,True
4,2025-12-08,Plastic Waste,2.83,True
4,2025-12-08,Electrical Waste,1.44,True
4,2025-12-08,Packaging Waste,2.11,False
5,2025-12-08,Metal Scrap,81.57,True
5,2025-12-08,Plastic Waste,41.74,True
5,2025-12-08,Electrical Waste,16.71,True
5,2025-12-08,Packaging Waste,25.52,False
1,2025-12-09,Metal Scrap,8.26,True
1,2025-12-09,Plastic Waste,4.51,True
1,2025-12-09,Electrical Waste,1.92,True
1,2025-12-09,Packaging Waste,2.97,False
2,2025-12-09,Metal Scrap,0.56,True
2,2025-12-09,Plastic Waste,0.31,True
2,2025-12-09,Electrical Waste,0.12,True
2,2025-12-09,Packaging Waste,0.2,False
3,2025-12-09,Metal Scrap,18.43,True
3,2025-12-09,Plastic Waste,9.53,True
3,2025-12-09,Electrical Waste,4.38,True
3,2025-12-09,Packaging Waste,6.08,False
4,2025-12-09,Metal Scrap,5.62,True
4,2025-12-09,Plastic Waste,3.26,True
4,2025-12-09,Electrical Waste,1.31,True
4,2025-12-09,Packaging Waste,2.01,False
5,2025-12-09,Metal Scrap,77.93,True
5,2025-12-09,Plastic Waste,42.77,True
5,2025-12-09,Electrical Waste,18.48,True
5,2025-12-09,Packaging Waste,25.91,False
1,2025-12-10,Metal Scrap,10.38,True
1,2025-12-10,Plastic Waste,5.58,True
1,2025-12-10,Electrical Waste,2.19,True
1,2025-12-10,Packaging Waste,3.54,False
2,2025-12-10,Metal Scrap,0.47,True
2,2025-12-10,Plastic Waste,0.23,True
2,2025-12-10,Electrical Waste,0.12,True
2,2025-12-10,Packaging Waste,0.18,False
3,2025-12-10,Metal Scrap,20.43,True
3,2025-12-10,Plastic Waste,9.62,True
3,2025-12-10,Electrical Waste,4.66,True
3,2025-12-10,Packaging Waste,7.47,False
4,2025-12-10,Metal Scrap,6.44,True
4,2025-12-10,Plastic Waste,3.48,True
4,2025-12-10,Electrical Waste,1.56,True
4,2025-12-10,Packaging Waste,2.41,False
5,2025-12-10,Metal Scrap,67.11,True
5,2025-12-10,Plastic Waste,37.57,True
5,2025-12-10,Electrical Waste,15.9,True
5,2025-12-10,Packaging Waste,24.31,False
1,2025-12-11,Metal Scrap,10.32,True
1,2025-12-11,Plastic Waste,4.91,True
1,2025-12-11,Electrical Waste,2.03,True
1,2025-12-11,Packaging Waste,3.02,False
2,2025-12-11,Metal Scrap,0.64,True
2,2025-12-11,Plastic Waste,0.33,True
2,2025-12-11,Electrical Waste,0.13,True
2,2025-12-11,Packaging Waste,0.23,False
3,2025-12-11,Metal Scrap,17.55,True
3,2025-12-11,Plastic Waste,8.54,True
3,2025-12-11,Electrical Waste,4.23,True
3,2025-12-11,Packaging Waste,6.23,False
4,2025-12-11,Metal Scrap,6.71,True
4,2025-12-11,Plastic Waste,3.06,True
4,2025-12-11,Electrical Waste,1.49,True
4,2025-12-11,Packaging Waste,2.09,False
5,2025-12-11,Metal Scrap,76.41,True
5,2025-12-11,Plastic Waste,41.64,True
5,2025-12-11,Electrical Waste,19.73,True
5,2025-12-11,Packaging Waste,29.41,False
1,2025-12-12,Metal Scrap,11.09,True
1,2025-12-12,Plastic Waste,5.45,True
1,2025-12-12,Electrical Waste,2.79,True
1,2025-12-12,Packaging Waste,3.81,False
2,2025-12-12,Metal Scrap,0.52,True
2,2025-12-12,Plastic Waste,0.26,True
2,2025-12-12,Electrical Waste,0.12,True
2,2025-12-12,Packaging Waste,0.2,False
3,2025-12-12,Metal Scrap,23.09,True
3,2025-12-12,Plastic Waste,10.14,True
3,2025-12-12,Electrical Waste,5.13,True
3,2025-12-12,Packaging Waste,7.28,False
4,2025-12-12,Metal Scrap,6.76,True
4,2025-12-12,Plastic Waste,3.36,True
4,2025-12-12,Electrical Waste,1.35,True
4,2025-12-12,Packaging Waste,2.24,False
5,2025-12-12,Metal Scrap,100.45,True
5,2025-12-12,Plastic Waste,46.5,True
5,2025-12-12,Electrical Waste,22.65,True
5,2025-12-12,Packaging Waste,29.21,False
1,2025-12-13,Metal Scrap,3.53,True
1,2025-12-13,Plastic Waste,1.63,True
1,2025-12-13,Electrical Waste,0.75,True
1,2025-12-13,Packaging Waste,1.18,False
2,2025-12-13,Metal Scrap,0.21,True
2,2025-12-13,Plastic Waste,0.11,True
2,2025-12-13,Electrical Waste,0.04,True
2,2025-12-13,Packaging Waste,0.07,False
3,2025-12-13,Metal Scrap,7.21,True
3,2025-12-13,Plastic Waste,3.24,True
3,2025-12-13,Electrical Waste,1.54,True
3,2025-12-13,Packaging Waste,2.55,False
4,2025-12-13,Metal Scrap,2.04,True
4,2025-12-13,Plastic Waste,1.08,True
4,2025-12-13,Electrical Waste,0.49,True
4,2025-12-13,Packaging Waste,0.75,False
5,2025-12-13,Metal Scrap,20.5,True
5,2025-12-13,Plastic Waste,10.65,True
5,2025-12-13,Electrical Waste,4.93,True
5,2025-12-13,Packaging Waste,7.66,False
1,2025-12-15,Metal Scrap,8.17,True
1,2025-12-15,Plastic Waste,4.93,True
1,2025-12-15,Electrical Waste,2.19,True
1,2025-12-15,Packaging Waste,2.96,False
2,2025-12-15,Metal Scrap,0.54,True
2,2025-12-15,Plastic Waste,0.27,True
2,2025-12-15,Electrical Waste,0.11,True
2,2025-12-15,Packaging Waste,0.17,False
3,2025-12-15,Metal Scrap,23.62,True
3,2025-12-15,Plastic Waste,13.91,True
3,2025-12-15,Electrical Waste,6.05,True
3,2025-12-15,Packaging Waste,8.45,False
4,2025-12-15,Metal Scrap,6.13,True
4,2025-12-15,Plastic Waste,3.3,True
4,2025-12-15,Electrical Waste,1.34,True
4,2025-12-15,Packaging Waste,2.04,False
5,2025-12-15,Metal Scrap,93.74,True
5,2025-12-15,Plastic Waste,44.09,True
5,2025-12-15,Electrical Waste,19.08,True
5,2025-12-15,Packaging Waste,29.59,False
1,2025-12-16,Metal Scrap,11.23,True
1,2025-12-16,Plastic Waste,4.8,True
1,2025-12-16,Electrical Waste,2.45,True
1,2025-12-16,Packaging Waste,3.56,False
2,2025-12-16,Metal Scrap,0.48,True
2,2025-12-16,Plastic Waste,0.26,True
2,2025-12-16,Electrical Waste,0.11,True
2,2025-12-16,Packaging Waste,0.16,False
3,2025-12-16,Metal Scrap,24.8,True
3,2025-12-16,Plastic Waste,11.34,True
3,2025-12-16,Electrical Waste,5.47,True
3,2025-12-16,Packaging Waste,8.31,False
4,2025-12-16,Metal Scrap,6.72,True
4,2025-12-16,Plastic Waste,3.01,True
4,2025-12-16,Electrical Waste,1.31,True
4,2025-12-16,Packaging Waste,2.08,False
5,2025-12-16,Metal Scrap,75.49,True
5,2025-12-16,Plastic Waste,33.46,True
5,2025-12-16,Electrical Waste,14.96,True
5,2025-12-16,Packaging Waste,22.97,False
1,2025-12-17,Metal Scrap,10.47,True
1,2025-12-17,Plastic Waste,5.92,True
1,2025-12-17,Electrical Waste,2.36,True
1,2025-12-17,Packaging Waste,3.49,False
2,2025-12-17,Metal Scrap,0.57,True
2,2025-12-17,Plastic Waste,0.32,True
2,2025-12-17,Electrical Waste,0.13,True
2,2025-12-17,Packaging Waste,0.2,False
3,2025-12-17,Metal Scrap,21.28,True
3,2025-12-17,Plastic Waste,10.73,True
3,2025-12-17,Electrical Waste,5.45,True
3,2025-12-17,Packaging Waste,7.86,False
4,2025-12-17,Metal Scrap,6.18,True
4,2025-12-17,Plastic Waste,3.15,True
4,2025-12-17,Electrical Waste,1.36,True
4,2025-12-17,Packaging Waste,1.89,False
5,2025-12-17,Metal Scrap,72.39,True
5,2025-12-17,Plastic Waste,37.25,True
5,2025-12-17,Electrical Waste,14.67,True
5,2025-12-17,Packaging Waste,24.32,False
1,2025-12-18,Metal Scrap,12.22,True
1,2025-12-18,Plastic Waste,5.33,True
1,2025-12-18,Electrical Waste,2.63,True
1,2025-12-18,Packaging Waste,3.84,False
2,2025-12-18,Metal Scrap,0.59,True
2,2025-12-18,Plastic Waste,0.3,True
2,2025-12-18,Electrical Waste,0.15,True
2,2025-12-18,Packaging Waste,0.19,False
3,2025-12-18,Metal Scrap,24.05,True
3,2025-12-18,Plastic Waste,12.54,True
3,2025-12-18,Electrical Waste,5.54,True
3,2025-12-18,Packaging Waste,9.56,False
4,2025-12-18,Metal Scrap,4.18,True
4,2025-12-18,Plastic Waste,2.24,True
4,2025-12-18,Electrical Waste,0.94,True
4,2025-12-18,Packaging Waste,1.41,False
5,2025-12-18,Metal Scrap,68.78,True
5,2025-12-18,Plastic Waste,36.81,True
5,2025-12-18,Electrical Waste,14.36,True
5,2025-12-18,Packaging Waste,23.16,False
1,2025-12-19,Metal Scrap,10.51,True
1,2025-12-19,Plastic Waste,6.28,True
1,2025-12-19,Electrical Waste,2.85,True
1,2025-12-19,Packaging Waste,3.92,False
2,2025-12-19,Metal Scrap,0.34,True
2,2025-12-19,Plastic Waste,0.18,True
2,2025-12-19,Electrical Waste,0.09,True
2,2025-12-19,Packaging Waste,0.13,False
3,2025-12-19,Metal Scrap,22.06,True
3,2025-12-19,Plastic Waste,11.71,True
3,2025-12-19,Electrical Waste,4.79,True
3,2025-12-19,Packaging Waste,7.73,False
4,2025-12-19,Metal Scrap,4.34,True
4,2025-12-19,Plastic Waste,2.62,True
4,2025-12-19,Electrical Waste,1.03,True
4,2025-12-19,Packaging Waste,1.76,False
5,2025-12-19,Metal Scrap,67.89,True
5,2025-12-19,Plastic Waste,35.55,True
5,2025-12-19,Electrical Waste,15.46,True
5,2025-12-19,Packaging Waste,23.22,False
1,2025-12-20,Metal Scrap,3.23,True
1,2025-12-20,Plastic Waste,1.88,True
1,2025-12-20,Electrical Waste,0.85,True
1,2025-12-20,Packaging Waste,1.11,False
2,2025-12-20,Metal Scrap,0.24,True
2,2025-12-20,Plastic Waste,0.13,True
2,2025-12-20,Electrical Waste,0.05,True
2,2025-12-20,Packaging Waste,0.07,False
3,2025-12-20,Metal Scrap,7.63,True
3,2025-12-20,Plastic Waste,3.72,True
3,2025-12-20,Electrical Waste,1.5,True
3,2025-12-20,Packaging Waste,2.28,False
4,2025-12-20,Metal Scrap,1.9,True
4,2025-12-20,Plastic Waste,0.94,True
4,2025-12-20,Electrical Waste,0.47,True
4,2025-12-20,Packaging Waste,0.72,False
5,2025-12-20,Metal Scrap,23.93,True
5,2025-12-20,Plastic Waste,12.63,True
5,2025-12-20,Electrical Waste,4.87,True
5,2025-12-20,Packaging Waste,8.39,False
1,2025-12-22,Metal Scrap,8.92,True
1,2025-12-22,Plastic Waste,4.75,True
1,2025-12-22,Electrical Waste,2.0,True
1,2025-12-22,Packaging Waste,3.49,False
2,2025-12-22,Metal Scrap,0.58,True
2,2025-12-22,Plastic Waste,0.3,True
2,2025-12-22,Electrical Waste,0.12,True
2,2025-12-22,Packaging Waste,0.17,False
3,2025-12-22,Metal Scrap,17.87,True
3,2025-12-22,Plastic Waste,9.61,True
3,2025-12-22,Electrical Waste,3.87,True
3,2025-12-22,Packaging Waste,6.21,False
4,2025-12-22,Metal Scrap,4.71,True
4,2025-12-22,Plastic Waste,2.67,True
4,2025-12-22,Electrical Waste,1.06,True
4,2025-12-22,Packaging Waste,1.66,False
5,2025-12-22,Metal Scrap,64.55,True
5,2025-12-22,Plastic Waste,33.84,True
5,2025-12-22,Electrical Waste,16.99,True
5,2025-12-22,Packaging Waste,23.76,False
1,2025-12-23,Metal Scrap,11.49,True
1,2025-12-23,Plastic Waste,4.97,True
1,2025-12-23,Electrical Waste,2.26,True
1,2025-12-23,Packaging Waste,3.6,False
2,2025-12-23,Metal Scrap,0.74,True
2,2025-12-23,Plastic Waste,0.36,True
2,2025-12-23,Electrical Waste,0.17,True
2,2025-12-23,Packaging Waste,0.24,False
3,2025-12-23,Metal Scrap,17.4,True
3,2025-12-23,Plastic Waste,7.67,True
3,2025-12-23,Electrical Waste,3.54,True
3,2025-12-23,Packaging Waste,5.33,False
4,2025-12-23,Metal Scrap,6.33,True
4,2025-12-23,Plastic Waste,3.27,True
4,2025-12-23,Electrical Waste,1.42,True
4,2025-12-23,Packaging Waste,2.53,False
5,2025-12-23,Metal Scrap,68.47,True
5,2025-12-23,Plastic Waste,35.11,True
5,2025-12-23,Electrical Waste,15.69,True
5,2025-12-23,Packaging Waste,26.72,False
1,2025-12-24,Metal Scrap,12.21,True
1,2025-12-24,Plastic Waste,6.1,True
1,2025-12-24,Electrical Waste,2.43,True
1,2025-12-24,Packaging Waste,3.88,False
2,2025-12-24,Metal Scrap,0.55,True
2,2025-12-24,Plastic Waste,0.29,True
2,2025-12-24,Electrical Waste,0.14,True
2,2025-12-24,Packaging Waste,0.2,False
3,2025-12-24,Metal Scrap,20.49,True
3,2025-12-24,Plastic Waste,9.51,True
3,2025-12-24,Electrical Waste,4.32,True
3,2025-12-24,Packaging Waste,6.15,False
4,2025-12-24,Metal Scrap,5.34,True
4,2025-12-24,Plastic Waste,2.41,True
4,2025-12-24,Electrical Waste,1.04,True
4,2025-12-24,Packaging Waste,1.83,False
5,2025-12-24,Metal Scrap,56.67,True
5,2025-12-24,Plastic Waste,30.34,True
5,2025-12-24,Electrical Waste,12.18,True
5,2025-12-24,Packaging Waste,21.47,False
1,2025-12-25,Metal Scrap,10.03,True
1,2025-12-25,Plastic Waste,4.76,True
1,2025-12-25,Electrical Waste,2.27,True
1,2025-12-25,Packaging Waste,3.55,False
2,2025-12-25,Metal Scrap,0.44,True
2,2025-12-25,Plastic Waste,0.23,True
2,2025-12-25,Electrical Waste,0.11,True
2,2025-12-25,Packaging Waste,0.17,False
3,2025-12-25,Metal Scrap,24.98,True
3,2025-12-25,Plastic Waste,15.15,True
3,2025-12-25,Electrical Waste,6.8,True
3,2025-12-25,Packaging Waste,8.5,False
4,2025-12-25,Metal Scrap,5.13,True
4,2025-12-25,Plastic Waste,2.33,True
4,2025-12-25,Electrical Waste,1.09,True
4,2025-12-25,Packaging Waste,1.77,False
5,2025-12-25,Metal Scrap,59.84,True
5,2025-12-25,Plastic Waste,35.54,True
5,2025-12-25,Electrical Waste,15.46,True
5,2025-12-25,Packaging Waste,21.21,False
1,2025-12-26,Metal Scrap,9.38,True
1,2025-12-26,Plastic Waste,4.7,True
1,2025-12-26,Electrical Waste,1.96,True
1,2025-12-26,Packaging Waste,3.26,False
2,2025-12-26,Metal Scrap,0.55,True
2,2025-12-26,Plastic Waste,0.27,True
2,2025-12-26,Electrical Waste,0.12,True
2,2025-12-26,Packaging Waste,0.19,False
3,2025-12-26,Metal Scrap,23.07,True
3,2025-12-26,Plastic Waste,12.06,True
3,2025-12-26,Electrical Waste,5.14,True
3,2025-12-26,Packaging Waste,8.5,False
4,2025-12-26,Metal Scrap,4.5,True
4,2025-12-26,Plastic Waste,2.39,True
4,2025-12-26,Electrical Waste,1.12,True
4,2025-12-26,Packaging Waste,1.72,False
5,2025-12-26,Metal Scrap,75.37,True
5,2025-12-26,Plastic Waste,38.47,True
5,2025-12-26,Electrical Waste,16.92,True
5,2025-12-26,Packaging Waste,25.47,False
1,2025-12-27,Metal Scrap,4.18,True
1,2025-12-27,Plastic Waste,2.27,True
1,2025-12-27,Electrical Waste,0.9,True
1,2025-12-27,Packaging Waste,1.43,False
2,2025-12-27,Metal Scrap,0.22,True
2,2025-12-27,Plastic Waste,0.12,True
2,2025-12-27,Electrical Waste,0.05,True
2,2025-12-27,Packaging Waste,0.07,False
3,2025-12-27,Metal Scrap,6.65,True
3,2025-12-27,Plastic Waste,3.43,True
3,2025-12-27,Electrical Waste,1.53,True
3,2025-12-27,Packaging Waste,2.04,False
4,2025-12-27,Metal Scrap,1.71,True
4,2025-12-27,Plastic Waste,0.85,True
4,2025-12-27,Electrical Waste,0.36,True
4,2025-12-27,Packaging Waste,0.55,False
5,2025-12-27,Metal Scrap,28.71,True
5,2025-12-27,Plastic Waste,13.9,True
5,2025-12-27,Electrical Waste,6.68,True
5,2025-12-27,Packaging Waste,8.32,False
1,2025-12-29,Metal Scrap,11.53,True
1,2025-12-29,Plastic Waste,6.51,True
1,2025-12-29,Electrical Waste,2.61,True
1,2025-12-29,Packaging Waste,3.86,False
2,2025-12-29,Metal Scrap,0.61,True
2,2025-12-29,Plastic Waste,0.32,True
2,2025-12-29,Electrical Waste,0.13,True
2,2025-12-29,Packaging Waste,0.22,False
3,2025-12-29,Metal Scrap,24.1,True
3,2025-12-29,Plastic Waste,11.11,True
3,2025-12-29,Electrical Waste,5.35,True
3,2025-12-29,Packaging Waste,7.7,False
4,2025-12-29,Metal Scrap,4.93,True
4,2025-12-29,Plastic Waste,2.85,True
4,2025-12-29,Electrical Waste,1.21,True
4,2025-12-29,Packaging Waste,1.68,False
5,2025-12-29,Metal Scrap,88.68,True
5,2025-12-29,Plastic Waste,45.47,True
5,2025-12-29,Electrical Waste,20.31,True
5,2025-12-29,Packaging Waste,29.8,False
1,2025-12-30,Metal Scrap,9.61,True
1,2025-12-30,Plastic Waste,5.32,True
1,2025-12-30,Electrical Waste,2.21,True
1,2025-12-30,Packaging Waste,3.24,False
2,2025-12-30,Metal Scrap,0.68,True
2,2025-12-30,Plastic Waste,0.39,True
2,2025-12-30,Electrical Waste,0.16,True
2,2025-12-30,Packaging Waste,0.23,False
3,2025-12-30,Metal Scrap,27.42,True
3,2025-12-30,Plastic Waste,12.41,True
3,2025-12-30,Electrical Waste,5.18,True
3,2025-12-30,Packaging Waste,7.8,False
4,2025-12-30,Metal Scrap,5.25,True
4,2025-12-30,Plastic Waste,2.45,True
4,2025-12-30,Electrical Waste,1.18,True
4,2025-12-30,Packaging Waste,1.53,False
5,2025-12-30,Metal Scrap,86.18,True
5,2025-12-30,Plastic Waste,39.8,True
5,2025-12-30,Electrical Waste,16.8,True
5,2025-12-30,Packaging Waste,26.55,False
1,2025-12-31,Metal Scrap,8.74,True
1,2025-12-31,Plastic Waste,4.49,True
1,2025-12-31,Electrical Waste,2.12,True
1,2025-12-31,Packaging Waste,2.93,False
2,2025-12-31,Metal Scrap,0.49,True
2,2025-12-31,Plastic Waste,0.25,True
2,2025-12-31,Electrical Waste,0.12,True
2,2025-12-31,Packaging Waste,0.15,False
3,2025-12-31,Metal Scrap,20.27,True
3,2025-12-31,Plastic Waste,10.5,True
3,2025-12-31,Electrical Waste,4.36,True
3,2025-12-31,Packaging Waste,6.98,False
4,2025-12-31,Metal Scrap,5.87,True
4,2025-12-31,Plastic Waste,3.27,True
4,2025-12-31,Electrical Waste,1.37,True
4,2025-12-31,Packaging Waste,2.19,False
5,2025-12-31,Metal Scrap,61.38,True
5,2025-12-31,Plastic Waste,34.41,True
5,2025-12-31,Electrical Waste,14.98,True
5,2025-12-31,Packaging Waste,24.22,False
